event_id,trading_day,time,symbol,category,event,context,origin,stage,rule,passed,actual,required,previous_state,state_changed,setup_score,rr,option_quality,candle_time,candle_open,candle_high,candle_low,candle_close,candle_volume,scanner_recommendation,execution_eligibility,execution_outcome,execution_reason,trade_status,telegram_status,telegram_reason,scan_id,candidate_key,trade_id
5aeda6f1f2dc6df21bb3801b,2026-08-01,2026-08-01 00:09:26-04:00,QQQ,Scanner,STALE STOCK DATA,Stock aggregate data is not real-time,Scanner decision,Decision,LOW_RR,False,STALE_STOCK_DATA,ENTER or ENTER_PAPER,,False,59.0,0.53,,2026-07-31T23:55:00+00:00,685.0,685.01,684.34,684.47,7736.3,NO_RECOMMENDATION,NOT_REQUESTED,NOT_REQUESTED,,NOT_CREATED,NO_LIFECYCLE_EVENT,NO_LIFECYCLE_EVENT,2026-08-01_000919,,
8c7961ce3b574916b0c4fb56,2026-08-01,2026-08-01 00:09:26-04:00,QQQ,Scanner,RULE FAILED,59.0 / required 83.0,Rule evaluation,Entry,Setup,False,59.0,83.0,,,,,,,,,,,,,,,,,,,2026-08-01_000919,,
3d57bbfad1fa2d0bf1eb0ade,2026-08-01,2026-08-01 00:09:26-04:00,QQQ,Scanner,RULE FAILED,0.53 / required 2.0,Rule evaluation,Risk,RR,False,0.53,2.0,,,,,,,,,,,,,,,,,,,2026-08-01_000919,,
cee376dac1d0c85c7d888379,2026-08-01,2026-08-01 00:09:26-04:00,QQQ,Scanner,RULE FAILED,0.0 / required 65.0,Rule evaluation,Option,Option Quality,False,0.0,65.0,,,,,,,,,,,,,,,,,,,2026-08-01_000919,,
93948b1ab1435437d49c9f72,2026-08-01,2026-08-01 00:09:26-04:00,QQQ,Scanner,RULE FAILED,None / required LIVE_QUOTE,Rule evaluation,Realtime,Quote Freshness,False,,LIVE_QUOTE,,,,,,,,,,,,,,,,,,,2026-08-01_000919,,
38eac0f1c455c7c88ce0fd90,2026-08-01,2026-08-01 00:09:26-04:00,QQQ,Scanner,RULE PASSED,True / required True,Rule evaluation,Affordability,Affordability,True,True,True,,,,,,,,,,,,,,,,,,,2026-08-01_000919,,
ab54fecacce1e30eab7930f6,2026-08-01,2026-08-01 00:09:26-04:00,QQQ,Scanner,RULE FAILED,NOT_LIFECYCLE_EVENT / required ELIGIBLE,Rule evaluation,Telegram,Telegram,False,NOT_LIFECYCLE_EVENT,ELIGIBLE,,,,,,,,,,,,,,,,,,,2026-08-01_000919,,
37b1f73b221ce7f9c300c7c4,2026-08-01,2026-08-01 00:09:26-04:00,SPY,Scanner,STALE STOCK DATA,Stock aggregate data is not real-time,Scanner decision,Decision,LOW_RR,False,STALE_STOCK_DATA,ENTER or ENTER_PAPER,,False,59.0,0.34,,2026-07-31T23:55:00+00:00,744.48,744.6,744.2,744.2,10114.04,NO_RECOMMENDATION,NOT_REQUESTED,NOT_REQUESTED,,NOT_CREATED,NO_LIFECYCLE_EVENT,NO_LIFECYCLE_EVENT,2026-08-01_000919,,
daff7ec2c5d9b57ef7a6032f,2026-08-01,2026-08-01 00:09:26-04:00,SPY,Scanner,RULE FAILED,59.0 / required 83.0,Rule evaluation,Entry,Setup,False,59.0,83.0,,,,,,,,,,,,,,,,,,,2026-08-01_000919,,
c2f42de437155cf985681a2e,2026-08-01,2026-08-01 00:09:26-04:00,SPY,Scanner,RULE FAILED,0.34 / required 2.0,Rule evaluation,Risk,RR,False,0.34,2.0,,,,,,,,,,,,,,,,,,,2026-08-01_000919,,
c4fc6177eb19c7ffd9ba8ded,2026-08-01,2026-08-01 00:09:26-04:00,SPY,Scanner,RULE FAILED,0.0 / required 65.0,Rule evaluation,Option,Option Quality,False,0.0,65.0,,,,,,,,,,,,,,,,,,,2026-08-01_000919,,
a9a7aeba9a6f70df6be08faf,2026-08-01,2026-08-01 00:09:26-04:00,SPY,Scanner,RULE FAILED,None / required LIVE_QUOTE,Rule evaluation,Realtime,Quote Freshness,False,,LIVE_QUOTE,,,,,,,,,,,,,,,,,,,2026-08-01_000919,,
597fecce9cf7e07d4ed64a78,2026-08-01,2026-08-01 00:09:26-04:00,SPY,Scanner,RULE PASSED,True / required True,Rule evaluation,Affordability,Affordability,True,True,True,,,,,,,,,,,,,,,,,,,2026-08-01_000919,,
c290a69a9414ad00d897e3fe,2026-08-01,2026-08-01 00:09:26-04:00,SPY,Scanner,RULE FAILED,NOT_LIFECYCLE_EVENT / required ELIGIBLE,Rule evaluation,Telegram,Telegram,False,NOT_LIFECYCLE_EVENT,ELIGIBLE,,,,,,,,,,,,,,,,,,,2026-08-01_000919,,
bb50e15c3c32074f6c25e69f,2026-08-01,2026-08-01 00:09:27-04:00,NVDA,Scanner,NO TRADE MARKET CLOSED,Market closed; no live intraday trade,Scanner decision,Decision,NO_DIRECTIONAL_EDGE,False,NO_TRADE_MARKET_CLOSED,ENTER or ENTER_PAPER,,False,8.0,0.0,,2026-07-31T23:55:00+00:00,199.02,199.05,198.95,198.98,41709.8,NO_RECOMMENDATION,NOT_REQUESTED,NOT_REQUESTED,,NOT_CREATED,NO_LIFECYCLE_EVENT,NO_LIFECYCLE_EVENT,2026-08-01_000919,,
a6bb1f9d326f7d4e9daec7e6,2026-08-01,2026-08-01 00:09:27-04:00,NVDA,Scanner,RULE FAILED,8.0 / required 85.0,Rule evaluation,Entry,Setup,False,8.0,85.0,,,,,,,,,,,,,,,,,,,2026-08-01_000919,,
2fc1a32148cbbefa30adda93,2026-08-01,2026-08-01 00:09:27-04:00,NVDA,Scanner,RULE FAILED,0.0 / required 2.0,Rule evaluation,Risk,RR,False,0.0,2.0,,,,,,,,,,,,,,,,,,,2026-08-01_000919,,
1b9e4c75023a118754e912b3,2026-08-01,2026-08-01 00:09:27-04:00,NVDA,Scanner,RULE FAILED,0.0 / required 65.0,Rule evaluation,Option,Option Quality,False,0.0,65.0,,,,,,,,,,,,,,,,,,,2026-08-01_000919,,
331ddaeac9ab6bd2c2127f5d,2026-08-01,2026-08-01 00:09:27-04:00,NVDA,Scanner,RULE FAILED,None / required LIVE_QUOTE,Rule evaluation,Realtime,Quote Freshness,False,,LIVE_QUOTE,,,,,,,,,,,,,,,,,,,2026-08-01_000919,,
702a1306c69b91e736f6b488,2026-08-01,2026-08-01 00:09:27-04:00,NVDA,Scanner,RULE PASSED,True / required True,Rule evaluation,Affordability,Affordability,True,True,True,,,,,,,,,,,,,,,,,,,2026-08-01_000919,,
9014b51d6f5e9e4917419618,2026-08-01,2026-08-01 00:09:27-04:00,NVDA,Scanner,RULE FAILED,NOT_LIFECYCLE_EVENT / required ELIGIBLE,Rule evaluation,Telegram,Telegram,False,NOT_LIFECYCLE_EVENT,ELIGIBLE,,,,,,,,,,,,,,,,,,,2026-08-01_000919,,
d1e172dd18077023281d2dec,2026-08-01,2026-08-01 00:09:28-04:00,AAPL,Scanner,NO TRADE MARKET CLOSED,Market closed; no live intraday trade,Scanner decision,Decision,NO_DIRECTIONAL_EDGE,False,NO_TRADE_MARKET_CLOSED,ENTER or ENTER_PAPER,,False,5.0,0.0,,2026-07-31T23:55:00+00:00,307.48,307.49,307.18,307.36,15793.67,NO_RECOMMENDATION,NOT_REQUESTED,NOT_REQUESTED,,NOT_CREATED,NO_LIFECYCLE_EVENT,NO_LIFECYCLE_EVENT,2026-08-01_000919,,
ed39bbba065274d44f2f6e10,2026-08-01,2026-08-01 00:09:28-04:00,AAPL,Scanner,RULE FAILED,5.0 / required 85.0,Rule evaluation,Entry,Setup,False,5.0,85.0,,,,,,,,,,,,,,,,,,,2026-08-01_000919,,
6de9bb63d4a2f21fe9222668,2026-08-01,2026-08-01 00:09:28-04:00,AAPL,Scanner,RULE FAILED,0.0 / required 2.0,Rule evaluation,Risk,RR,False,0.0,2.0,,,,,,,,,,,,,,,,,,,2026-08-01_000919,,
a057b0610f30cd834af378e0,2026-08-01,2026-08-01 00:09:28-04:00,AAPL,Scanner,RULE FAILED,0.0 / required 65.0,Rule evaluation,Option,Option Quality,False,0.0,65.0,,,,,,,,,,,,,,,,,,,2026-08-01_000919,,
d30e9abf0da6b634a24f1318,2026-08-01,2026-08-01 00:09:28-04:00,AAPL,Scanner,RULE FAILED,None / required LIVE_QUOTE,Rule evaluation,Realtime,Quote Freshness,False,,LIVE_QUOTE,,,,,,,,,,,,,,,,,,,2026-08-01_000919,,
4c878abfb80229a2f07f5939,2026-08-01,2026-08-01 00:09:28-04:00,AAPL,Scanner,RULE PASSED,True / required True,Rule evaluation,Affordability,Affordability,True,True,True,,,,,,,,,,,,,,,,,,,2026-08-01_000919,,
8ada272e88677e35a2833831,2026-08-01,2026-08-01 00:09:28-04:00,AAPL,Scanner,RULE FAILED,NOT_LIFECYCLE_EVENT / required ELIGIBLE,Rule evaluation,Telegram,Telegram,False,NOT_LIFECYCLE_EVENT,ELIGIBLE,,,,,,,,,,,,,,,,,,,2026-08-01_000919,,
83b45e00df18f6a85770fce0,2026-08-01,2026-08-01 00:09:28-04:00,MSFT,Scanner,STALE STOCK DATA,Stock aggregate data is not real-time,Scanner decision,Decision,LOW_RR,False,STALE_STOCK_DATA,ENTER or ENTER_PAPER,,False,58.0,0.74,,2026-07-31T23:55:00+00:00,461.74,462.0,461.74,461.81,6190.65,NO_RECOMMENDATION,NOT_REQUESTED,NOT_REQUESTED,,NOT_CREATED,NO_LIFECYCLE_EVENT,NO_LIFECYCLE_EVENT,2026-08-01_000919,,
a0394a20cdec83734a64e004,2026-08-01,2026-08-01 00:09:28-04:00,MSFT,Scanner,RULE FAILED,58.0 / required 85.0,Rule evaluation,Entry,Setup,False,58.0,85.0,,,,,,,,,,,,,,,,,,,2026-08-01_000919,,
261b529b16c50063c5612e15,2026-08-01,2026-08-01 00:09:28-04:00,MSFT,Scanner,RULE FAILED,0.74 / required 2.0,Rule evaluation,Risk,RR,False,0.74,2.0,,,,,,,,,,,,,,,,,,,2026-08-01_000919,,
1bd8cf0012575d8582e43699,2026-08-01,2026-08-01 00:09:28-04:00,MSFT,Scanner,RULE FAILED,0.0 / required 65.0,Rule evaluation,Option,Option Quality,False,0.0,65.0,,,,,,,,,,,,,,,,,,,2026-08-01_000919,,
4deed36774fce92ffea86d76,2026-08-01,2026-08-01 00:09:28-04:00,MSFT,Scanner,RULE FAILED,None / required LIVE_QUOTE,Rule evaluation,Realtime,Quote Freshness,False,,LIVE_QUOTE,,,,,,,,,,,,,,,,,,,2026-08-01_000919,,
55d9619b0347521be26eb283,2026-08-01,2026-08-01 00:09:28-04:00,MSFT,Scanner,RULE PASSED,True / required True,Rule evaluation,Affordability,Affordability,True,True,True,,,,,,,,,,,,,,,,,,,2026-08-01_000919,,
2bfc898fc91c65c6a2202ec2,2026-08-01,2026-08-01 00:09:28-04:00,MSFT,Scanner,RULE FAILED,NOT_LIFECYCLE_EVENT / required ELIGIBLE,Rule evaluation,Telegram,Telegram,False,NOT_LIFECYCLE_EVENT,ELIGIBLE,,,,,,,,,,,,,,,,,,,2026-08-01_000919,,
7ac7540bbeb38cd0f1de98a7,2026-08-01,2026-08-01 00:09:29-04:00,AMZN,Scanner,STALE STOCK DATA,Stock aggregate data is not real-time,Scanner decision,Decision,NO_ENTRY_TRIGGER,False,STALE_STOCK_DATA,ENTER or ENTER_PAPER,,False,14.0,0.0,,2026-07-31T23:55:00+00:00,270.1,270.35,270.1,270.32,12531.15,NO_RECOMMENDATION,NOT_REQUESTED,NOT_REQUESTED,,NOT_CREATED,NO_LIFECYCLE_EVENT,NO_LIFECYCLE_EVENT,2026-08-01_000919,,
a114e3ba6cca7a474625781a,2026-08-01,2026-08-01 00:09:29-04:00,AMZN,Scanner,RULE FAILED,14.0 / required 85.0,Rule evaluation,Entry,Setup,False,14.0,85.0,,,,,,,,,,,,,,,,,,,2026-08-01_000919,,
4aa951a1cf4901dc5a5bc862,2026-08-01,2026-08-01 00:09:29-04:00,AMZN,Scanner,RULE FAILED,0.0 / required 2.0,Rule evaluation,Risk,RR,False,0.0,2.0,,,,,,,,,,,,,,,,,,,2026-08-01_000919,,
ba4d95c6c48864aaca1655af,2026-08-01,2026-08-01 00:09:29-04:00,AMZN,Scanner,RULE FAILED,0.0 / required 65.0,Rule evaluation,Option,Option Quality,False,0.0,65.0,,,,,,,,,,,,,,,,,,,2026-08-01_000919,,
3b39ffaabfdc0c151f5608f8,2026-08-01,2026-08-01 00:09:29-04:00,AMZN,Scanner,RULE FAILED,None / required LIVE_QUOTE,Rule evaluation,Realtime,Quote Freshness,False,,LIVE_QUOTE,,,,,,,,,,,,,,,,,,,2026-08-01_000919,,
e712fe06acd39e8bd6289c38,2026-08-01,2026-08-01 00:09:29-04:00,AMZN,Scanner,RULE PASSED,True / required True,Rule evaluation,Affordability,Affordability,True,True,True,,,,,,,,,,,,,,,,,,,2026-08-01_000919,,
21ea61a0411994a1da164bd3,2026-08-01,2026-08-01 00:09:29-04:00,AMZN,Scanner,RULE FAILED,NOT_LIFECYCLE_EVENT / required ELIGIBLE,Rule evaluation,Telegram,Telegram,False,NOT_LIFECYCLE_EVENT,ELIGIBLE,,,,,,,,,,,,,,,,,,,2026-08-01_000919,,
2f23f611dcc6342eb996d73d,2026-08-01,2026-08-01 00:09:29-04:00,META,Scanner,NO TRADE MARKET CLOSED,Market closed; no live intraday trade,Scanner decision,Decision,NO_DIRECTIONAL_EDGE,False,NO_TRADE_MARKET_CLOSED,ENTER or ENTER_PAPER,,False,0.0,0.0,,2026-07-31T23:55:00+00:00,553.91,553.98,553.1,553.22,5365.44,NO_RECOMMENDATION,NOT_REQUESTED,NOT_REQUESTED,,NOT_CREATED,NO_LIFECYCLE_EVENT,NO_LIFECYCLE_EVENT,2026-08-01_000919,,
d92214fdf7cb88653a97dcc8,2026-08-01,2026-08-01 00:09:29-04:00,META,Scanner,RULE FAILED,0.0 / required 85.0,Rule evaluation,Entry,Setup,False,0.0,85.0,,,,,,,,,,,,,,,,,,,2026-08-01_000919,,
eedaa3ed3e3f3acf1a630504,2026-08-01,2026-08-01 00:09:29-04:00,META,Scanner,RULE FAILED,0.0 / required 2.0,Rule evaluation,Risk,RR,False,0.0,2.0,,,,,,,,,,,,,,,,,,,2026-08-01_000919,,
321a2521a7806d00e66b3eda,2026-08-01,2026-08-01 00:09:29-04:00,META,Scanner,RULE FAILED,0.0 / required 65.0,Rule evaluation,Option,Option Quality,False,0.0,65.0,,,,,,,,,,,,,,,,,,,2026-08-01_000919,,
bfd48b32dd3064261f38366b,2026-08-01,2026-08-01 00:09:29-04:00,META,Scanner,RULE FAILED,None / required LIVE_QUOTE,Rule evaluation,Realtime,Quote Freshness,False,,LIVE_QUOTE,,,,,,,,,,,,,,,,,,,2026-08-01_000919,,
2c08373b358c05a1ef5e9a64,2026-08-01,2026-08-01 00:09:29-04:00,META,Scanner,RULE PASSED,True / required True,Rule evaluation,Affordability,Affordability,True,True,True,,,,,,,,,,,,,,,,,,,2026-08-01_000919,,
5b8e6d389a3486352f94fa4a,2026-08-01,2026-08-01 00:09:29-04:00,META,Scanner,RULE FAILED,NOT_LIFECYCLE_EVENT / required ELIGIBLE,Rule evaluation,Telegram,Telegram,False,NOT_LIFECYCLE_EVENT,ELIGIBLE,,,,,,,,,,,,,,,,,,,2026-08-01_000919,,
7e0ba3f515c18505ad535890,2026-08-01,2026-08-01 00:09:29-04:00,TSLA,Scanner,NO TRADE MARKET CLOSED,Market closed; no live intraday trade,Scanner decision,Decision,NO_DIRECTIONAL_EDGE,False,NO_TRADE_MARKET_CLOSED,ENTER or ENTER_PAPER,,False,6.0,0.0,,2026-07-31T23:55:00+00:00,309.62,309.75,309.22,309.31,16186.69,NO_RECOMMENDATION,NOT_REQUESTED,NOT_REQUESTED,,NOT_CREATED,NO_LIFECYCLE_EVENT,NO_LIFECYCLE_EVENT,2026-08-01_000919,,
a5812561ab87397532bb2a61,2026-08-01,2026-08-01 00:09:29-04:00,TSLA,Scanner,RULE FAILED,6.0 / required 85.0,Rule evaluation,Entry,Setup,False,6.0,85.0,,,,,,,,,,,,,,,,,,,2026-08-01_000919,,
335364fedc171673856e07f5,2026-08-01,2026-08-01 00:09:29-04:00,TSLA,Scanner,RULE FAILED,0.0 / required 2.0,Rule evaluation,Risk,RR,False,0.0,2.0,,,,,,,,,,,,,,,,,,,2026-08-01_000919,,
e1189b4cd607a4e30d818fa8,2026-08-01,2026-08-01 00:09:29-04:00,TSLA,Scanner,RULE FAILED,0.0 / required 65.0,Rule evaluation,Option,Option Quality,False,0.0,65.0,,,,,,,,,,,,,,,,,,,2026-08-01_000919,,
90d1cd145b78b63effe58a91,2026-08-01,2026-08-01 00:09:29-04:00,TSLA,Scanner,RULE FAILED,None / required LIVE_QUOTE,Rule evaluation,Realtime,Quote Freshness,False,,LIVE_QUOTE,,,,,,,,,,,,,,,,,,,2026-08-01_000919,,
afd4955f57e87c54eaaab957,2026-08-01,2026-08-01 00:09:29-04:00,TSLA,Scanner,RULE PASSED,True / required True,Rule evaluation,Affordability,Affordability,True,True,True,,,,,,,,,,,,,,,,,,,2026-08-01_000919,,
afba63bf524e4a6d6e38918f,2026-08-01,2026-08-01 00:09:29-04:00,TSLA,Scanner,RULE FAILED,NOT_LIFECYCLE_EVENT / required ELIGIBLE,Rule evaluation,Telegram,Telegram,False,NOT_LIFECYCLE_EVENT,ELIGIBLE,,,,,,,,,,,,,,,,,,,2026-08-01_000919,,
4274d2946188f0690a67ef6c,2026-08-01,2026-08-01 00:09:30-04:00,AMD,Scanner,STALE STOCK DATA,Stock aggregate data is not real-time,Scanner decision,Decision,NO_ENTRY_TRIGGER,False,STALE_STOCK_DATA,ENTER or ENTER_PAPER,,False,38.0,0.0,,2026-07-31T23:55:00+00:00,474.1,474.16,472.12,472.12,15105.15,NO_RECOMMENDATION,NOT_REQUESTED,NOT_REQUESTED,,NOT_CREATED,NO_LIFECYCLE_EVENT,NO_LIFECYCLE_EVENT,2026-08-01_000919,,
8b88efd151a6062dd34ab43f,2026-08-01,2026-08-01 00:09:30-04:00,AMD,Scanner,RULE FAILED,38.0 / required 83.0,Rule evaluation,Entry,Setup,False,38.0,83.0,,,,,,,,,,,,,,,,,,,2026-08-01_000919,,
f7b86782dd557b079cceedb4,2026-08-01,2026-08-01 00:09:30-04:00,AMD,Scanner,RULE FAILED,0.0 / required 2.0,Rule evaluation,Risk,RR,False,0.0,2.0,,,,,,,,,,,,,,,,,,,2026-08-01_000919,,
a011b94422c04f38d0839868,2026-08-01,2026-08-01 00:09:30-04:00,AMD,Scanner,RULE FAILED,0.0 / required 65.0,Rule evaluation,Option,Option Quality,False,0.0,65.0,,,,,,,,,,,,,,,,,,,2026-08-01_000919,,
00417e5c79ba22db9c54625f,2026-08-01,2026-08-01 00:09:30-04:00,AMD,Scanner,RULE FAILED,None / required LIVE_QUOTE,Rule evaluation,Realtime,Quote Freshness,False,,LIVE_QUOTE,,,,,,,,,,,,,,,,,,,2026-08-01_000919,,
df25f56054a8f6275440bfef,2026-08-01,2026-08-01 00:09:30-04:00,AMD,Scanner,RULE PASSED,True / required True,Rule evaluation,Affordability,Affordability,True,True,True,,,,,,,,,,,,,,,,,,,2026-08-01_000919,,
a89a12b3261f11477ee3ade9,2026-08-01,2026-08-01 00:09:30-04:00,AMD,Scanner,RULE FAILED,NOT_LIFECYCLE_EVENT / required ELIGIBLE,Rule evaluation,Telegram,Telegram,False,NOT_LIFECYCLE_EVENT,ELIGIBLE,,,,,,,,,,,,,,,,,,,2026-08-01_000919,,
90e69cf90dc1c965c57b5f44,2026-08-01,2026-08-01 00:09:31-04:00,AVGO,Scanner,NO TRADE MARKET CLOSED,Market closed; no live intraday trade,Scanner decision,Decision,NO_DIRECTIONAL_EDGE,False,NO_TRADE_MARKET_CLOSED,ENTER or ENTER_PAPER,,False,6.0,0.0,,2026-07-31T23:55:00+00:00,387.33,387.45,387.05,387.45,1201.0,NO_RECOMMENDATION,NOT_REQUESTED,NOT_REQUESTED,,NOT_CREATED,NO_LIFECYCLE_EVENT,NO_LIFECYCLE_EVENT,2026-08-01_000919,,
b122711bdd95329210aa730f,2026-08-01,2026-08-01 00:09:31-04:00,AVGO,Scanner,RULE FAILED,6.0 / required 85.0,Rule evaluation,Entry,Setup,False,6.0,85.0,,,,,,,,,,,,,,,,,,,2026-08-01_000919,,
be982ceeaba7ef0ce7a4f51d,2026-08-01,2026-08-01 00:09:31-04:00,AVGO,Scanner,RULE FAILED,0.0 / required 2.0,Rule evaluation,Risk,RR,False,0.0,2.0,,,,,,,,,,,,,,,,,,,2026-08-01_000919,,
5bd67d6136b92705efc17976,2026-08-01,2026-08-01 00:09:31-04:00,AVGO,Scanner,RULE FAILED,0.0 / required 65.0,Rule evaluation,Option,Option Quality,False,0.0,65.0,,,,,,,,,,,,,,,,,,,2026-08-01_000919,,
b0c32a589745d7893136069e,2026-08-01,2026-08-01 00:09:31-04:00,AVGO,Scanner,RULE FAILED,None / required LIVE_QUOTE,Rule evaluation,Realtime,Quote Freshness,False,,LIVE_QUOTE,,,,,,,,,,,,,,,,,,,2026-08-01_000919,,
d6407f60f08695f8d600eaeb,2026-08-01,2026-08-01 00:09:31-04:00,AVGO,Scanner,RULE PASSED,True / required True,Rule evaluation,Affordability,Affordability,True,True,True,,,,,,,,,,,,,,,,,,,2026-08-01_000919,,
2a4612124843c1dbfbe2ec47,2026-08-01,2026-08-01 00:09:31-04:00,AVGO,Scanner,RULE FAILED,NOT_LIFECYCLE_EVENT / required ELIGIBLE,Rule evaluation,Telegram,Telegram,False,NOT_LIFECYCLE_EVENT,ELIGIBLE,,,,,,,,,,,,,,,,,,,2026-08-01_000919,,
21e43b5b4d9992d042a3daa0,2026-08-01,2026-08-01 00:09:31-04:00,MU,Scanner,STALE STOCK DATA,Stock aggregate data is not real-time,Scanner decision,Decision,NO_ENTRY_TRIGGER,False,STALE_STOCK_DATA,ENTER or ENTER_PAPER,,False,53.0,0.0,,2026-07-31T23:55:00+00:00,812.5,812.99,812.0,812.47,40814.39,NO_RECOMMENDATION,NOT_REQUESTED,NOT_REQUESTED,,NOT_CREATED,NO_LIFECYCLE_EVENT,NO_LIFECYCLE_EVENT,2026-08-01_000919,,
29cc2cded4388de0a2ba3817,2026-08-01,2026-08-01 00:09:31-04:00,MU,Scanner,RULE FAILED,53.0 / required 83.0,Rule evaluation,Entry,Setup,False,53.0,83.0,,,,,,,,,,,,,,,,,,,2026-08-01_000919,,
b14366fbb23adda4b9cf663a,2026-08-01,2026-08-01 00:09:31-04:00,MU,Scanner,RULE FAILED,0.0 / required 2.0,Rule evaluation,Risk,RR,False,0.0,2.0,,,,,,,,,,,,,,,,,,,2026-08-01_000919,,
378458b65aed5bff0f0bd244,2026-08-01,2026-08-01 00:09:31-04:00,MU,Scanner,RULE FAILED,0.0 / required 65.0,Rule evaluation,Option,Option Quality,False,0.0,65.0,,,,,,,,,,,,,,,,,,,2026-08-01_000919,,
0bb37dd1b86fae44c67c89af,2026-08-01,2026-08-01 00:09:31-04:00,MU,Scanner,RULE FAILED,None / required LIVE_QUOTE,Rule evaluation,Realtime,Quote Freshness,False,,LIVE_QUOTE,,,,,,,,,,,,,,,,,,,2026-08-01_000919,,
2f0ef0f10f808a531d405f3d,2026-08-01,2026-08-01 00:09:31-04:00,MU,Scanner,RULE PASSED,True / required True,Rule evaluation,Affordability,Affordability,True,True,True,,,,,,,,,,,,,,,,,,,2026-08-01_000919,,
aa85e4b31ebe48741ede31f5,2026-08-01,2026-08-01 00:09:31-04:00,MU,Scanner,RULE FAILED,NOT_LIFECYCLE_EVENT / required ELIGIBLE,Rule evaluation,Telegram,Telegram,False,NOT_LIFECYCLE_EVENT,ELIGIBLE,,,,,,,,,,,,,,,,,,,2026-08-01_000919,,
d65807814e5e966fdee5edda,2026-08-01,2026-08-01 00:09:32-04:00,PLTR,Scanner,STALE STOCK DATA,Stock aggregate data is not real-time,Scanner decision,Decision,LOW_RR,False,STALE_STOCK_DATA,ENTER or ENTER_PAPER,,False,55.0,0.74,,2026-07-31T23:55:00+00:00,122.72,122.78,122.67,122.78,15707.13,NO_RECOMMENDATION,NOT_REQUESTED,NOT_REQUESTED,,NOT_CREATED,NO_LIFECYCLE_EVENT,NO_LIFECYCLE_EVENT,2026-08-01_000919,,
aef0c129abaab60c16f67219,2026-08-01,2026-08-01 00:09:32-04:00,PLTR,Scanner,RULE FAILED,55.0 / required 85.0,Rule evaluation,Entry,Setup,False,55.0,85.0,,,,,,,,,,,,,,,,,,,2026-08-01_000919,,
58da80d78d07cc2e40aee481,2026-08-01,2026-08-01 00:09:32-04:00,PLTR,Scanner,RULE FAILED,0.74 / required 2.0,Rule evaluation,Risk,RR,False,0.74,2.0,,,,,,,,,,,,,,,,,,,2026-08-01_000919,,
1834dd6a7623c369dd07425d,2026-08-01,2026-08-01 00:09:32-04:00,PLTR,Scanner,RULE FAILED,0.0 / required 65.0,Rule evaluation,Option,Option Quality,False,0.0,65.0,,,,,,,,,,,,,,,,,,,2026-08-01_000919,,
87e2b6e965e19d7b9e5c4bb2,2026-08-01,2026-08-01 00:09:32-04:00,PLTR,Scanner,RULE FAILED,None / required LIVE_QUOTE,Rule evaluation,Realtime,Quote Freshness,False,,LIVE_QUOTE,,,,,,,,,,,,,,,,,,,2026-08-01_000919,,
1292eba83445edce630e847b,2026-08-01,2026-08-01 00:09:32-04:00,PLTR,Scanner,RULE PASSED,True / required True,Rule evaluation,Affordability,Affordability,True,True,True,,,,,,,,,,,,,,,,,,,2026-08-01_000919,,
d95cb651d3143d978c690058,2026-08-01,2026-08-01 00:09:32-04:00,PLTR,Scanner,RULE FAILED,NOT_LIFECYCLE_EVENT / required ELIGIBLE,Rule evaluation,Telegram,Telegram,False,NOT_LIFECYCLE_EVENT,ELIGIBLE,,,,,,,,,,,,,,,,,,,2026-08-01_000919,,
fec0bda1b66515ca487ecf36,2026-08-01,2026-08-01 00:09:32-04:00,NFLX,Scanner,STALE STOCK DATA,Stock aggregate data is not real-time,Scanner decision,Decision,LOW_RR,False,STALE_STOCK_DATA,ENTER or ENTER_PAPER,,False,41.0,0.6,,2026-07-31T23:55:00+00:00,71.7,71.76,71.7,71.76,2614.0,NO_RECOMMENDATION,NOT_REQUESTED,NOT_REQUESTED,,NOT_CREATED,NO_LIFECYCLE_EVENT,NO_LIFECYCLE_EVENT,2026-08-01_000919,,
1abed022d483b9809efb494a,2026-08-01,2026-08-01 00:09:32-04:00,NFLX,Scanner,RULE FAILED,41.0 / required 83.0,Rule evaluation,Entry,Setup,False,41.0,83.0,,,,,,,,,,,,,,,,,,,2026-08-01_000919,,
70f2987b8dbe382cdc94128b,2026-08-01,2026-08-01 00:09:32-04:00,NFLX,Scanner,RULE FAILED,0.6 / required 2.0,Rule evaluation,Risk,RR,False,0.6,2.0,,,,,,,,,,,,,,,,,,,2026-08-01_000919,,
71d4eedcd9e8552eabdc2830,2026-08-01,2026-08-01 00:09:32-04:00,NFLX,Scanner,RULE FAILED,0.0 / required 65.0,Rule evaluation,Option,Option Quality,False,0.0,65.0,,,,,,,,,,,,,,,,,,,2026-08-01_000919,,
f9268aaa95500b5c80cfb0db,2026-08-01,2026-08-01 00:09:32-04:00,NFLX,Scanner,RULE FAILED,None / required LIVE_QUOTE,Rule evaluation,Realtime,Quote Freshness,False,,LIVE_QUOTE,,,,,,,,,,,,,,,,,,,2026-08-01_000919,,
4c2eb0261529cd2fdbf20d1a,2026-08-01,2026-08-01 00:09:32-04:00,NFLX,Scanner,RULE PASSED,True / required True,Rule evaluation,Affordability,Affordability,True,True,True,,,,,,,,,,,,,,,,,,,2026-08-01_000919,,
6504426548ceb002ec8290ef,2026-08-01,2026-08-01 00:09:32-04:00,NFLX,Scanner,RULE FAILED,NOT_LIFECYCLE_EVENT / required ELIGIBLE,Rule evaluation,Telegram,Telegram,False,NOT_LIFECYCLE_EVENT,ELIGIBLE,,,,,,,,,,,,,,,,,,,2026-08-01_000919,,
3e36dab525ef99ee91a4a563,2026-08-01,2026-08-01 00:09:33-04:00,CRWD,Scanner,STALE STOCK DATA,Stock aggregate data is not real-time,Scanner decision,Decision,LOW_RR,False,STALE_STOCK_DATA,ENTER or ENTER_PAPER,,False,59.0,0.88,,2026-07-31T23:55:00+00:00,190.29,190.5,190.29,190.5,415.0,NO_RECOMMENDATION,NOT_REQUESTED,NOT_REQUESTED,,NOT_CREATED,NO_LIFECYCLE_EVENT,NO_LIFECYCLE_EVENT,2026-08-01_000919,,
5eceb8c4aafb4b85d2da7449,2026-08-01,2026-08-01 00:09:33-04:00,CRWD,Scanner,RULE FAILED,59.0 / required 83.0,Rule evaluation,Entry,Setup,False,59.0,83.0,,,,,,,,,,,,,,,,,,,2026-08-01_000919,,
db32554195a380debd9f7cc3,2026-08-01,2026-08-01 00:09:33-04:00,CRWD,Scanner,RULE FAILED,0.88 / required 2.0,Rule evaluation,Risk,RR,False,0.88,2.0,,,,,,,,,,,,,,,,,,,2026-08-01_000919,,
93adaf65f25ae5cbcdd5cd43,2026-08-01,2026-08-01 00:09:33-04:00,CRWD,Scanner,RULE FAILED,0.0 / required 65.0,Rule evaluation,Option,Option Quality,False,0.0,65.0,,,,,,,,,,,,,,,,,,,2026-08-01_000919,,
9e11f87fcb9f311cd208bc24,2026-08-01,2026-08-01 00:09:33-04:00,CRWD,Scanner,RULE FAILED,None / required LIVE_QUOTE,Rule evaluation,Realtime,Quote Freshness,False,,LIVE_QUOTE,,,,,,,,,,,,,,,,,,,2026-08-01_000919,,
2e43a872ce6f80be209a1065,2026-08-01,2026-08-01 00:09:33-04:00,CRWD,Scanner,RULE PASSED,True / required True,Rule evaluation,Affordability,Affordability,True,True,True,,,,,,,,,,,,,,,,,,,2026-08-01_000919,,
9047c0914d474bd9d2192b32,2026-08-01,2026-08-01 00:09:33-04:00,CRWD,Scanner,RULE FAILED,NOT_LIFECYCLE_EVENT / required ELIGIBLE,Rule evaluation,Telegram,Telegram,False,NOT_LIFECYCLE_EVENT,ELIGIBLE,,,,,,,,,,,,,,,,,,,2026-08-01_000919,,
08c77c64ba55a792a3a88471,2026-08-01,2026-08-01 00:09:33-04:00,SMCI,Scanner,NO TRADE MARKET CLOSED,Market closed; no live intraday trade,Scanner decision,Decision,NO_DIRECTIONAL_EDGE,False,NO_TRADE_MARKET_CLOSED,ENTER or ENTER_PAPER,,False,3.0,0.0,,2026-07-31T23:55:00+00:00,28.16,28.16,28.11,28.16,19022.0,NO_RECOMMENDATION,NOT_REQUESTED,NOT_REQUESTED,,NOT_CREATED,NO_LIFECYCLE_EVENT,NO_LIFECYCLE_EVENT,2026-08-01_000919,,
5f30afa5295e720919fa79b9,2026-08-01,2026-08-01 00:09:33-04:00,SMCI,Scanner,RULE FAILED,3.0 / required 85.0,Rule evaluation,Entry,Setup,False,3.0,85.0,,,,,,,,,,,,,,,,,,,2026-08-01_000919,,
ac5888085c216413e3071d18,2026-08-01,2026-08-01 00:09:33-04:00,SMCI,Scanner,RULE FAILED,0.0 / required 2.0,Rule evaluation,Risk,RR,False,0.0,2.0,,,,,,,,,,,,,,,,,,,2026-08-01_000919,,
0e6f6a352e677fdb568777f2,2026-08-01,2026-08-01 00:09:33-04:00,SMCI,Scanner,RULE FAILED,0.0 / required 65.0,Rule evaluation,Option,Option Quality,False,0.0,65.0,,,,,,,,,,,,,,,,,,,2026-08-01_000919,,
7ffc077be0ada05f0745e007,2026-08-01,2026-08-01 00:09:33-04:00,SMCI,Scanner,RULE FAILED,None / required LIVE_QUOTE,Rule evaluation,Realtime,Quote Freshness,False,,LIVE_QUOTE,,,,,,,,,,,,,,,,,,,2026-08-01_000919,,
f91f3e69a467602669e9c68e,2026-08-01,2026-08-01 00:09:33-04:00,SMCI,Scanner,RULE PASSED,True / required True,Rule evaluation,Affordability,Affordability,True,True,True,,,,,,,,,,,,,,,,,,,2026-08-01_000919,,
f5ce30bcf8cb3c3345f4e7ed,2026-08-01,2026-08-01 00:09:33-04:00,SMCI,Scanner,RULE FAILED,NOT_LIFECYCLE_EVENT / required ELIGIBLE,Rule evaluation,Telegram,Telegram,False,NOT_LIFECYCLE_EVENT,ELIGIBLE,,,,,,,,,,,,,,,,,,,2026-08-01_000919,,
07faf70fcaf574b79dcf88f0,2026-08-01,2026-08-01 00:09:34-04:00,SPCX,Scanner,NO TRADE MARKET CLOSED,Market closed; no live intraday trade,Scanner decision,Decision,NO_DIRECTIONAL_EDGE,False,NO_TRADE_MARKET_CLOSED,ENTER or ENTER_PAPER,,False,7.0,0.0,,2026-07-31T23:55:00+00:00,107.73,107.8,107.7,107.79,51695.84,NO_RECOMMENDATION,NOT_REQUESTED,NOT_REQUESTED,,NOT_CREATED,NO_LIFECYCLE_EVENT,NO_LIFECYCLE_EVENT,2026-08-01_000919,,
674dd86a1674bb523d37d1f2,2026-08-01,2026-08-01 00:09:34-04:00,SPCX,Scanner,RULE FAILED,7.0 / required 85.0,Rule evaluation,Entry,Setup,False,7.0,85.0,,,,,,,,,,,,,,,,,,,2026-08-01_000919,,
c4ba8673e9b2869a15a1a3e9,2026-08-01,2026-08-01 00:09:34-04:00,SPCX,Scanner,RULE FAILED,0.0 / required 2.0,Rule evaluation,Risk,RR,False,0.0,2.0,,,,,,,,,,,,,,,,,,,2026-08-01_000919,,
1d42d5f684edffa025da9293,2026-08-01,2026-08-01 00:09:34-04:00,SPCX,Scanner,RULE FAILED,0.0 / required 65.0,Rule evaluation,Option,Option Quality,False,0.0,65.0,,,,,,,,,,,,,,,,,,,2026-08-01_000919,,
f9dd861d1d126f467cef4751,2026-08-01,2026-08-01 00:09:34-04:00,SPCX,Scanner,RULE FAILED,None / required LIVE_QUOTE,Rule evaluation,Realtime,Quote Freshness,False,,LIVE_QUOTE,,,,,,,,,,,,,,,,,,,2026-08-01_000919,,
7fc90ea9bb1d1b084a277e33,2026-08-01,2026-08-01 00:09:34-04:00,SPCX,Scanner,RULE PASSED,True / required True,Rule evaluation,Affordability,Affordability,True,True,True,,,,,,,,,,,,,,,,,,,2026-08-01_000919,,
a8084451bb3671b057fc00ab,2026-08-01,2026-08-01 00:09:34-04:00,SPCX,Scanner,RULE FAILED,NOT_LIFECYCLE_EVENT / required ELIGIBLE,Rule evaluation,Telegram,Telegram,False,NOT_LIFECYCLE_EVENT,ELIGIBLE,,,,,,,,,,,,,,,,,,,2026-08-01_000919,,
03e9d26733fa11d29893aa3c,2026-08-01,2026-08-01 00:09:34-04:00,SMH,Scanner,STALE STOCK DATA,Stock aggregate data is not real-time,Scanner decision,Decision,NO_ENTRY_TRIGGER,False,STALE_STOCK_DATA,ENTER or ENTER_PAPER,,False,14.0,0.0,,2026-07-31T23:55:00+00:00,539.0,539.0,538.79,539.0,902.0,NO_RECOMMENDATION,NOT_REQUESTED,NOT_REQUESTED,,NOT_CREATED,NO_LIFECYCLE_EVENT,NO_LIFECYCLE_EVENT,2026-08-01_000919,,
1857976b7879722221c51f1c,2026-08-01,2026-08-01 00:09:34-04:00,SMH,Scanner,RULE FAILED,14.0 / required 85.0,Rule evaluation,Entry,Setup,False,14.0,85.0,,,,,,,,,,,,,,,,,,,2026-08-01_000919,,
d7b13dbce9a27dc779ee1972,2026-08-01,2026-08-01 00:09:34-04:00,SMH,Scanner,RULE FAILED,0.0 / required 2.0,Rule evaluation,Risk,RR,False,0.0,2.0,,,,,,,,,,,,,,,,,,,2026-08-01_000919,,
eae02e883535329b1d056f94,2026-08-01,2026-08-01 00:09:34-04:00,SMH,Scanner,RULE FAILED,0.0 / required 65.0,Rule evaluation,Option,Option Quality,False,0.0,65.0,,,,,,,,,,,,,,,,,,,2026-08-01_000919,,
99fddf81f7061f623ba4ea7f,2026-08-01,2026-08-01 00:09:34-04:00,SMH,Scanner,RULE FAILED,None / required LIVE_QUOTE,Rule evaluation,Realtime,Quote Freshness,False,,LIVE_QUOTE,,,,,,,,,,,,,,,,,,,2026-08-01_000919,,
e356568175ff047c804f228e,2026-08-01,2026-08-01 00:09:34-04:00,SMH,Scanner,RULE PASSED,True / required True,Rule evaluation,Affordability,Affordability,True,True,True,,,,,,,,,,,,,,,,,,,2026-08-01_000919,,
dc3bb3b223c227a4d17ad87b,2026-08-01,2026-08-01 00:09:34-04:00,SMH,Scanner,RULE FAILED,NOT_LIFECYCLE_EVENT / required ELIGIBLE,Rule evaluation,Telegram,Telegram,False,NOT_LIFECYCLE_EVENT,ELIGIBLE,,,,,,,,,,,,,,,,,,,2026-08-01_000919,,
f5a308cbacbdeb278c8294ce,2026-08-01,2026-08-01 00:09:35-04:00,ARM,Scanner,STALE STOCK DATA,Stock aggregate data is not real-time,Scanner decision,Decision,RISK_REJECTED,False,STALE_STOCK_DATA,ENTER or ENTER_PAPER,,False,46.0,1.59,,2026-07-31T23:55:00+00:00,235.59,235.59,234.92,234.92,5017.01,NO_RECOMMENDATION,NOT_REQUESTED,NOT_REQUESTED,,NOT_CREATED,NO_LIFECYCLE_EVENT,NO_LIFECYCLE_EVENT,2026-08-01_000919,,
2bd6f03c1900491ca53b12c2,2026-08-01,2026-08-01 00:09:35-04:00,ARM,Scanner,RULE FAILED,46.0 / required 83.0,Rule evaluation,Entry,Setup,False,46.0,83.0,,,,,,,,,,,,,,,,,,,2026-08-01_000919,,
e1ef706dfa262d22e71d04a7,2026-08-01,2026-08-01 00:09:35-04:00,ARM,Scanner,RULE FAILED,1.59 / required 2.0,Rule evaluation,Risk,RR,False,1.59,2.0,,,,,,,,,,,,,,,,,,,2026-08-01_000919,,
25e86ab4f41dde4ea536dfaf,2026-08-01,2026-08-01 00:09:35-04:00,ARM,Scanner,RULE FAILED,0.0 / required 65.0,Rule evaluation,Option,Option Quality,False,0.0,65.0,,,,,,,,,,,,,,,,,,,2026-08-01_000919,,
a91a1e16db00b147d69f57e2,2026-08-01,2026-08-01 00:09:35-04:00,ARM,Scanner,RULE FAILED,None / required LIVE_QUOTE,Rule evaluation,Realtime,Quote Freshness,False,,LIVE_QUOTE,,,,,,,,,,,,,,,,,,,2026-08-01_000919,,
90aa7901eb1f86f7e02e19c9,2026-08-01,2026-08-01 00:09:35-04:00,ARM,Scanner,RULE PASSED,True / required True,Rule evaluation,Affordability,Affordability,True,True,True,,,,,,,,,,,,,,,,,,,2026-08-01_000919,,
85edf154d367f94f0cb17883,2026-08-01,2026-08-01 00:09:35-04:00,ARM,Scanner,RULE FAILED,NOT_LIFECYCLE_EVENT / required ELIGIBLE,Rule evaluation,Telegram,Telegram,False,NOT_LIFECYCLE_EVENT,ELIGIBLE,,,,,,,,,,,,,,,,,,,2026-08-01_000919,,
626fcd6f1076de60e6bcd827,2026-08-01,2026-08-01 00:09:35-04:00,TSM,Scanner,STALE STOCK DATA,Stock aggregate data is not real-time,Scanner decision,Decision,LOW_RR,False,STALE_STOCK_DATA,ENTER or ENTER_PAPER,,False,47.0,0.84,,2026-07-31T23:55:00+00:00,404.0,404.1,403.73,404.0,8527.0,NO_RECOMMENDATION,NOT_REQUESTED,NOT_REQUESTED,,NOT_CREATED,NO_LIFECYCLE_EVENT,NO_LIFECYCLE_EVENT,2026-08-01_000919,,
c39f1f07bc1062f99a6a926d,2026-08-01,2026-08-01 00:09:35-04:00,TSM,Scanner,RULE FAILED,47.0 / required 85.0,Rule evaluation,Entry,Setup,False,47.0,85.0,,,,,,,,,,,,,,,,,,,2026-08-01_000919,,
f2a0818e3633288b884c574f,2026-08-01,2026-08-01 00:09:35-04:00,TSM,Scanner,RULE FAILED,0.84 / required 2.0,Rule evaluation,Risk,RR,False,0.84,2.0,,,,,,,,,,,,,,,,,,,2026-08-01_000919,,
350977541e5aa0c11a8cd363,2026-08-01,2026-08-01 00:09:35-04:00,TSM,Scanner,RULE FAILED,0.0 / required 65.0,Rule evaluation,Option,Option Quality,False,0.0,65.0,,,,,,,,,,,,,,,,,,,2026-08-01_000919,,
ce2f7e7b0f171fc41c1f8b3a,2026-08-01,2026-08-01 00:09:35-04:00,TSM,Scanner,RULE FAILED,None / required LIVE_QUOTE,Rule evaluation,Realtime,Quote Freshness,False,,LIVE_QUOTE,,,,,,,,,,,,,,,,,,,2026-08-01_000919,,
a2c6ac2caeb9e7d792659ffb,2026-08-01,2026-08-01 00:09:35-04:00,TSM,Scanner,RULE PASSED,True / required True,Rule evaluation,Affordability,Affordability,True,True,True,,,,,,,,,,,,,,,,,,,2026-08-01_000919,,
89197ca582eee89cac72ed5e,2026-08-01,2026-08-01 00:09:35-04:00,TSM,Scanner,RULE FAILED,NOT_LIFECYCLE_EVENT / required ELIGIBLE,Rule evaluation,Telegram,Telegram,False,NOT_LIFECYCLE_EVENT,ELIGIBLE,,,,,,,,,,,,,,,,,,,2026-08-01_000919,,
1fb743b7dce4ca064f302d8a,2026-08-01,2026-08-01 00:09:36-04:00,INTC,Scanner,STALE STOCK DATA,Stock aggregate data is not real-time,Scanner decision,Decision,NO_ENTRY_TRIGGER,False,STALE_STOCK_DATA,ENTER or ENTER_PAPER,,False,49.0,0.0,,2026-07-31T23:55:00+00:00,89.39,89.39,89.21,89.21,64808.74,NO_RECOMMENDATION,NOT_REQUESTED,NOT_REQUESTED,,NOT_CREATED,NO_LIFECYCLE_EVENT,NO_LIFECYCLE_EVENT,2026-08-01_000919,,
547ef7fc8b57b00c646c3a48,2026-08-01,2026-08-01 00:09:36-04:00,INTC,Scanner,RULE FAILED,49.0 / required 83.0,Rule evaluation,Entry,Setup,False,49.0,83.0,,,,,,,,,,,,,,,,,,,2026-08-01_000919,,
157e8224b40f3c636edadf1a,2026-08-01,2026-08-01 00:09:36-04:00,INTC,Scanner,RULE FAILED,0.0 / required 2.0,Rule evaluation,Risk,RR,False,0.0,2.0,,,,,,,,,,,,,,,,,,,2026-08-01_000919,,
5a656dc72bdafdcec88e25c4,2026-08-01,2026-08-01 00:09:36-04:00,INTC,Scanner,RULE FAILED,0.0 / required 65.0,Rule evaluation,Option,Option Quality,False,0.0,65.0,,,,,,,,,,,,,,,,,,,2026-08-01_000919,,
9cf73ee020753005c5da582a,2026-08-01,2026-08-01 00:09:36-04:00,INTC,Scanner,RULE FAILED,None / required LIVE_QUOTE,Rule evaluation,Realtime,Quote Freshness,False,,LIVE_QUOTE,,,,,,,,,,,,,,,,,,,2026-08-01_000919,,
18e3218f531a190723af2bf7,2026-08-01,2026-08-01 00:09:36-04:00,INTC,Scanner,RULE PASSED,True / required True,Rule evaluation,Affordability,Affordability,True,True,True,,,,,,,,,,,,,,,,,,,2026-08-01_000919,,
e77021342612b811b5748781,2026-08-01,2026-08-01 00:09:36-04:00,INTC,Scanner,RULE FAILED,NOT_LIFECYCLE_EVENT / required ELIGIBLE,Rule evaluation,Telegram,Telegram,False,NOT_LIFECYCLE_EVENT,ELIGIBLE,,,,,,,,,,,,,,,,,,,2026-08-01_000919,,
d0f7c631360b62f2689cce32,2026-08-01,2026-08-01 00:09:36-04:00,AMAT,Scanner,NO TRADE MARKET CLOSED,Market closed; no live intraday trade,Scanner decision,Decision,NO_DIRECTIONAL_EDGE,False,NO_TRADE_MARKET_CLOSED,ENTER or ENTER_PAPER,,False,0.0,0.0,,2026-07-31T23:55:00+00:00,505.83,507.0,505.75,507.0,511.4,NO_RECOMMENDATION,NOT_REQUESTED,NOT_REQUESTED,,NOT_CREATED,NO_LIFECYCLE_EVENT,NO_LIFECYCLE_EVENT,2026-08-01_000919,,
08b3995c9b528c02d268adac,2026-08-01,2026-08-01 00:09:36-04:00,AMAT,Scanner,RULE FAILED,0.0 / required 83.0,Rule evaluation,Entry,Setup,False,0.0,83.0,,,,,,,,,,,,,,,,,,,2026-08-01_000919,,
4d89f8ca3b9a3f7a9d86491d,2026-08-01,2026-08-01 00:09:36-04:00,AMAT,Scanner,RULE FAILED,0.0 / required 2.0,Rule evaluation,Risk,RR,False,0.0,2.0,,,,,,,,,,,,,,,,,,,2026-08-01_000919,,
cb485b8a2b3a1cf97e06e2eb,2026-08-01,2026-08-01 00:09:36-04:00,AMAT,Scanner,RULE FAILED,0.0 / required 65.0,Rule evaluation,Option,Option Quality,False,0.0,65.0,,,,,,,,,,,,,,,,,,,2026-08-01_000919,,
ec5069fd4f0e6648674126fb,2026-08-01,2026-08-01 00:09:36-04:00,AMAT,Scanner,RULE FAILED,None / required LIVE_QUOTE,Rule evaluation,Realtime,Quote Freshness,False,,LIVE_QUOTE,,,,,,,,,,,,,,,,,,,2026-08-01_000919,,
e885145672d709271084e843,2026-08-01,2026-08-01 00:09:36-04:00,AMAT,Scanner,RULE PASSED,True / required True,Rule evaluation,Affordability,Affordability,True,True,True,,,,,,,,,,,,,,,,,,,2026-08-01_000919,,
11186e898daffbd2b26cb906,2026-08-01,2026-08-01 00:09:36-04:00,AMAT,Scanner,RULE FAILED,NOT_LIFECYCLE_EVENT / required ELIGIBLE,Rule evaluation,Telegram,Telegram,False,NOT_LIFECYCLE_EVENT,ELIGIBLE,,,,,,,,,,,,,,,,,,,2026-08-01_000919,,
6555ad8125bc3afc0570bcb5,2026-08-01,2026-08-01 00:09:37-04:00,LRCX,Scanner,STALE STOCK DATA,Stock aggregate data is not real-time,Scanner decision,Decision,RISK_REJECTED,False,STALE_STOCK_DATA,ENTER or ENTER_PAPER,,False,45.0,1.59,,2026-07-31T23:55:00+00:00,292.0,292.1,292.0,292.1,489.0,NO_RECOMMENDATION,NOT_REQUESTED,NOT_REQUESTED,,NOT_CREATED,NO_LIFECYCLE_EVENT,NO_LIFECYCLE_EVENT,2026-08-01_000919,,
7e8b11c25dc79d2715ee63f2,2026-08-01,2026-08-01 00:09:37-04:00,LRCX,Scanner,RULE FAILED,45.0 / required 85.0,Rule evaluation,Entry,Setup,False,45.0,85.0,,,,,,,,,,,,,,,,,,,2026-08-01_000919,,
c6b6437ec7a033578093de15,2026-08-01,2026-08-01 00:09:37-04:00,LRCX,Scanner,RULE FAILED,1.59 / required 2.0,Rule evaluation,Risk,RR,False,1.59,2.0,,,,,,,,,,,,,,,,,,,2026-08-01_000919,,
fbc95f8b2a25d56d85d29340,2026-08-01,2026-08-01 00:09:37-04:00,LRCX,Scanner,RULE FAILED,0.0 / required 65.0,Rule evaluation,Option,Option Quality,False,0.0,65.0,,,,,,,,,,,,,,,,,,,2026-08-01_000919,,
3f20e875d6c1c68402d50a38,2026-08-01,2026-08-01 00:09:37-04:00,LRCX,Scanner,RULE FAILED,None / required LIVE_QUOTE,Rule evaluation,Realtime,Quote Freshness,False,,LIVE_QUOTE,,,,,,,,,,,,,,,,,,,2026-08-01_000919,,
b3a4235a0b6a498964ea7b1f,2026-08-01,2026-08-01 00:09:37-04:00,LRCX,Scanner,RULE PASSED,True / required True,Rule evaluation,Affordability,Affordability,True,True,True,,,,,,,,,,,,,,,,,,,2026-08-01_000919,,
da4cf353dfb68b9bf50fb8ce,2026-08-01,2026-08-01 00:09:37-04:00,LRCX,Scanner,RULE FAILED,NOT_LIFECYCLE_EVENT / required ELIGIBLE,Rule evaluation,Telegram,Telegram,False,NOT_LIFECYCLE_EVENT,ELIGIBLE,,,,,,,,,,,,,,,,,,,2026-08-01_000919,,
4c72c95461b9e88c3eca05ef,2026-08-01,2026-08-01 00:09:37-04:00,MRVL,Scanner,STALE STOCK DATA,Stock aggregate data is not real-time,Scanner decision,Decision,NO_ENTRY_TRIGGER,False,STALE_STOCK_DATA,ENTER or ENTER_PAPER,,False,25.0,0.0,,2026-07-31T23:55:00+00:00,185.9,185.9,185.59,185.6,18457.38,NO_RECOMMENDATION,NOT_REQUESTED,NOT_REQUESTED,,NOT_CREATED,NO_LIFECYCLE_EVENT,NO_LIFECYCLE_EVENT,2026-08-01_000919,,
4d66a0f2dd0f552d897c713c,2026-08-01,2026-08-01 00:09:37-04:00,MRVL,Scanner,RULE FAILED,25.0 / required 83.0,Rule evaluation,Entry,Setup,False,25.0,83.0,,,,,,,,,,,,,,,,,,,2026-08-01_000919,,
151e3c5168c428bfa6a874ad,2026-08-01,2026-08-01 00:09:37-04:00,MRVL,Scanner,RULE FAILED,0.0 / required 2.0,Rule evaluation,Risk,RR,False,0.0,2.0,,,,,,,,,,,,,,,,,,,2026-08-01_000919,,
a19d184fc9b6f52dbea9ab53,2026-08-01,2026-08-01 00:09:37-04:00,MRVL,Scanner,RULE FAILED,0.0 / required 65.0,Rule evaluation,Option,Option Quality,False,0.0,65.0,,,,,,,,,,,,,,,,,,,2026-08-01_000919,,
3e7be40e7d0b441ef5228ba4,2026-08-01,2026-08-01 00:09:37-04:00,MRVL,Scanner,RULE FAILED,None / required LIVE_QUOTE,Rule evaluation,Realtime,Quote Freshness,False,,LIVE_QUOTE,,,,,,,,,,,,,,,,,,,2026-08-01_000919,,
b7783402e0ea493e97473308,2026-08-01,2026-08-01 00:09:37-04:00,MRVL,Scanner,RULE PASSED,True / required True,Rule evaluation,Affordability,Affordability,True,True,True,,,,,,,,,,,,,,,,,,,2026-08-01_000919,,
8cc9d146ccc5f2adbfa7df02,2026-08-01,2026-08-01 00:09:37-04:00,MRVL,Scanner,RULE FAILED,NOT_LIFECYCLE_EVENT / required ELIGIBLE,Rule evaluation,Telegram,Telegram,False,NOT_LIFECYCLE_EVENT,ELIGIBLE,,,,,,,,,,,,,,,,,,,2026-08-01_000919,,
a83444509fc28fde86fa2dc5,2026-08-01,2026-08-01 00:09:38-04:00,ORCL,Scanner,STALE STOCK DATA,Stock aggregate data is not real-time,Scanner decision,Decision,LOW_RR,False,STALE_STOCK_DATA,ENTER or ENTER_PAPER,,False,38.0,1.05,,2026-07-31T23:55:00+00:00,129.07,129.17,128.95,128.95,8666.08,NO_RECOMMENDATION,NOT_REQUESTED,NOT_REQUESTED,,NOT_CREATED,NO_LIFECYCLE_EVENT,NO_LIFECYCLE_EVENT,2026-08-01_000919,,
031ca6c3fc8877e947c2eb78,2026-08-01,2026-08-01 00:09:38-04:00,ORCL,Scanner,RULE FAILED,38.0 / required 85.0,Rule evaluation,Entry,Setup,False,38.0,85.0,,,,,,,,,,,,,,,,,,,2026-08-01_000919,,
874355f5791ed50f05daef91,2026-08-01,2026-08-01 00:09:38-04:00,ORCL,Scanner,RULE FAILED,1.05 / required 2.0,Rule evaluation,Risk,RR,False,1.05,2.0,,,,,,,,,,,,,,,,,,,2026-08-01_000919,,
098390b6e7a1fefedd43d951,2026-08-01,2026-08-01 00:09:38-04:00,ORCL,Scanner,RULE FAILED,0.0 / required 65.0,Rule evaluation,Option,Option Quality,False,0.0,65.0,,,,,,,,,,,,,,,,,,,2026-08-01_000919,,
fdb2c34348b9e267bf6c3a46,2026-08-01,2026-08-01 00:09:38-04:00,ORCL,Scanner,RULE FAILED,None / required LIVE_QUOTE,Rule evaluation,Realtime,Quote Freshness,False,,LIVE_QUOTE,,,,,,,,,,,,,,,,,,,2026-08-01_000919,,
fc4f35cabe7e441b0f5af179,2026-08-01,2026-08-01 00:09:38-04:00,ORCL,Scanner,RULE PASSED,True / required True,Rule evaluation,Affordability,Affordability,True,True,True,,,,,,,,,,,,,,,,,,,2026-08-01_000919,,
7d98483c792f939bfa422413,2026-08-01,2026-08-01 00:09:38-04:00,ORCL,Scanner,RULE FAILED,NOT_LIFECYCLE_EVENT / required ELIGIBLE,Rule evaluation,Telegram,Telegram,False,NOT_LIFECYCLE_EVENT,ELIGIBLE,,,,,,,,,,,,,,,,,,,2026-08-01_000919,,
b07ec606847323cd9c244785,2026-08-01,2026-08-01 00:09:38-04:00,PANW,Scanner,NO TRADE MARKET CLOSED,Market closed; no live intraday trade,Scanner decision,Decision,NO_DIRECTIONAL_EDGE,False,NO_TRADE_MARKET_CLOSED,ENTER or ENTER_PAPER,,False,8.0,0.0,,2026-07-31T23:10:00+00:00,329.83,329.83,329.83,329.83,100.0,NO_RECOMMENDATION,NOT_REQUESTED,NOT_REQUESTED,,NOT_CREATED,NO_LIFECYCLE_EVENT,NO_LIFECYCLE_EVENT,2026-08-01_000919,,
22e7a42f5f0f933808aa17dc,2026-08-01,2026-08-01 00:09:38-04:00,PANW,Scanner,RULE FAILED,8.0 / required 85.0,Rule evaluation,Entry,Setup,False,8.0,85.0,,,,,,,,,,,,,,,,,,,2026-08-01_000919,,
4baade2a8d3a7e6550390e73,2026-08-01,2026-08-01 00:09:38-04:00,PANW,Scanner,RULE FAILED,0.0 / required 2.0,Rule evaluation,Risk,RR,False,0.0,2.0,,,,,,,,,,,,,,,,,,,2026-08-01_000919,,
38b5c653a522bb40652e19ee,2026-08-01,2026-08-01 00:09:38-04:00,PANW,Scanner,RULE FAILED,0.0 / required 65.0,Rule evaluation,Option,Option Quality,False,0.0,65.0,,,,,,,,,,,,,,,,,,,2026-08-01_000919,,
bf4b61d61fecee589291a1ba,2026-08-01,2026-08-01 00:09:38-04:00,PANW,Scanner,RULE FAILED,None / required LIVE_QUOTE,Rule evaluation,Realtime,Quote Freshness,False,,LIVE_QUOTE,,,,,,,,,,,,,,,,,,,2026-08-01_000919,,
2bcdeabd7058f3279ac7fdea,2026-08-01,2026-08-01 00:09:38-04:00,PANW,Scanner,RULE PASSED,True / required True,Rule evaluation,Affordability,Affordability,True,True,True,,,,,,,,,,,,,,,,,,,2026-08-01_000919,,
c14e5f584d4561cddc4b1791,2026-08-01,2026-08-01 00:09:38-04:00,PANW,Scanner,RULE FAILED,NOT_LIFECYCLE_EVENT / required ELIGIBLE,Rule evaluation,Telegram,Telegram,False,NOT_LIFECYCLE_EVENT,ELIGIBLE,,,,,,,,,,,,,,,,,,,2026-08-01_000919,,
a39438109b9485627faac2dd,2026-08-01,2026-08-01 00:09:39-04:00,SOXL,Scanner,STALE STOCK DATA,Stock aggregate data is not real-time,Scanner decision,Decision,RISK_REJECTED,False,STALE_STOCK_DATA,ENTER or ENTER_PAPER,,False,38.0,1.74,,2026-07-31T23:55:00+00:00,113.0,113.15,112.66,112.66,79551.13,NO_RECOMMENDATION,NOT_REQUESTED,NOT_REQUESTED,,NOT_CREATED,NO_LIFECYCLE_EVENT,NO_LIFECYCLE_EVENT,2026-08-01_000919,,
48dd1d3e5dc0ca88b5a6e655,2026-08-01,2026-08-01 00:09:39-04:00,SOXL,Scanner,RULE FAILED,38.0 / required 83.0,Rule evaluation,Entry,Setup,False,38.0,83.0,,,,,,,,,,,,,,,,,,,2026-08-01_000919,,
3be1c5780e703d2906e732f9,2026-08-01,2026-08-01 00:09:39-04:00,SOXL,Scanner,RULE FAILED,1.74 / required 2.0,Rule evaluation,Risk,RR,False,1.74,2.0,,,,,,,,,,,,,,,,,,,2026-08-01_000919,,
295da307d7b19c11f42c9ef0,2026-08-01,2026-08-01 00:09:39-04:00,SOXL,Scanner,RULE FAILED,0.0 / required 65.0,Rule evaluation,Option,Option Quality,False,0.0,65.0,,,,,,,,,,,,,,,,,,,2026-08-01_000919,,
1c3c7f69eb5bce7de8e124c9,2026-08-01,2026-08-01 00:09:39-04:00,SOXL,Scanner,RULE FAILED,None / required LIVE_QUOTE,Rule evaluation,Realtime,Quote Freshness,False,,LIVE_QUOTE,,,,,,,,,,,,,,,,,,,2026-08-01_000919,,
dd81521eb64ba7a9f418739f,2026-08-01,2026-08-01 00:09:39-04:00,SOXL,Scanner,RULE PASSED,True / required True,Rule evaluation,Affordability,Affordability,True,True,True,,,,,,,,,,,,,,,,,,,2026-08-01_000919,,
4c1edf3c46258305de92d504,2026-08-01,2026-08-01 00:09:39-04:00,SOXL,Scanner,RULE FAILED,NOT_LIFECYCLE_EVENT / required ELIGIBLE,Rule evaluation,Telegram,Telegram,False,NOT_LIFECYCLE_EVENT,ELIGIBLE,,,,,,,,,,,,,,,,,,,2026-08-01_000919,,
475a8e8f8bd63e7d95d4a6d8,2026-08-01,2026-08-01 00:12:05-04:00,QQQ,Scanner,STALE STOCK DATA,Stock aggregate data is not real-time,Scanner decision,Decision,LOW_RR,False,STALE_STOCK_DATA,ENTER or ENTER_PAPER,STALE STOCK DATA,False,59.0,0.53,,2026-07-31T23:55:00+00:00,685.0,685.01,684.34,684.47,7736.3,NO_RECOMMENDATION,NOT_REQUESTED,NOT_REQUESTED,,NOT_CREATED,NO_LIFECYCLE_EVENT,NO_LIFECYCLE_EVENT,2026-08-01_001200,,
0d82cd987362765bc4b5022d,2026-08-01,2026-08-01 00:12:05-04:00,QQQ,Scanner,RULE FAILED,59.0 / required 83.0,Rule evaluation,Entry,Setup,False,59.0,83.0,,,,,,,,,,,,,,,,,,,2026-08-01_001200,,
593b6373dca411dbbc600afb,2026-08-01,2026-08-01 00:12:05-04:00,QQQ,Scanner,RULE FAILED,0.53 / required 2.0,Rule evaluation,Risk,RR,False,0.53,2.0,,,,,,,,,,,,,,,,,,,2026-08-01_001200,,
1b13cba55858e2eb4f94906f,2026-08-01,2026-08-01 00:12:05-04:00,QQQ,Scanner,RULE FAILED,0.0 / required 65.0,Rule evaluation,Option,Option Quality,False,0.0,65.0,,,,,,,,,,,,,,,,,,,2026-08-01_001200,,
5f68326da304c4a2d7a5f1d6,2026-08-01,2026-08-01 00:12:05-04:00,QQQ,Scanner,RULE FAILED,None / required LIVE_QUOTE,Rule evaluation,Realtime,Quote Freshness,False,,LIVE_QUOTE,,,,,,,,,,,,,,,,,,,2026-08-01_001200,,
4d2ce4e4053a3aab8b8d64af,2026-08-01,2026-08-01 00:12:05-04:00,QQQ,Scanner,RULE PASSED,True / required True,Rule evaluation,Affordability,Affordability,True,True,True,,,,,,,,,,,,,,,,,,,2026-08-01_001200,,
9c02517177b3947f8a56025f,2026-08-01,2026-08-01 00:12:05-04:00,QQQ,Scanner,RULE FAILED,NOT_LIFECYCLE_EVENT / required ELIGIBLE,Rule evaluation,Telegram,Telegram,False,NOT_LIFECYCLE_EVENT,ELIGIBLE,,,,,,,,,,,,,,,,,,,2026-08-01_001200,,
908dc8778407a4139572916a,2026-08-01,2026-08-01 00:12:05-04:00,SPY,Scanner,STALE STOCK DATA,Stock aggregate data is not real-time,Scanner decision,Decision,LOW_RR,False,STALE_STOCK_DATA,ENTER or ENTER_PAPER,STALE STOCK DATA,False,59.0,0.34,,2026-07-31T23:55:00+00:00,744.48,744.6,744.2,744.2,10114.04,NO_RECOMMENDATION,NOT_REQUESTED,NOT_REQUESTED,,NOT_CREATED,NO_LIFECYCLE_EVENT,NO_LIFECYCLE_EVENT,2026-08-01_001200,,
22d9cb984f4957bce6b28c26,2026-08-01,2026-08-01 00:12:05-04:00,SPY,Scanner,RULE FAILED,59.0 / required 83.0,Rule evaluation,Entry,Setup,False,59.0,83.0,,,,,,,,,,,,,,,,,,,2026-08-01_001200,,
ce4bf1497f1a0e2af0ae04a8,2026-08-01,2026-08-01 00:12:05-04:00,SPY,Scanner,RULE FAILED,0.34 / required 2.0,Rule evaluation,Risk,RR,False,0.34,2.0,,,,,,,,,,,,,,,,,,,2026-08-01_001200,,
6b29e9f841df5abe36a42c21,2026-08-01,2026-08-01 00:12:05-04:00,SPY,Scanner,RULE FAILED,0.0 / required 65.0,Rule evaluation,Option,Option Quality,False,0.0,65.0,,,,,,,,,,,,,,,,,,,2026-08-01_001200,,
f79d0a5830aaf16fe19d0339,2026-08-01,2026-08-01 00:12:05-04:00,SPY,Scanner,RULE FAILED,None / required LIVE_QUOTE,Rule evaluation,Realtime,Quote Freshness,False,,LIVE_QUOTE,,,,,,,,,,,,,,,,,,,2026-08-01_001200,,
caf0c4a1a636340a8aa22781,2026-08-01,2026-08-01 00:12:05-04:00,SPY,Scanner,RULE PASSED,True / required True,Rule evaluation,Affordability,Affordability,True,True,True,,,,,,,,,,,,,,,,,,,2026-08-01_001200,,
2b3b0e45c3313f1705319717,2026-08-01,2026-08-01 00:12:05-04:00,SPY,Scanner,RULE FAILED,NOT_LIFECYCLE_EVENT / required ELIGIBLE,Rule evaluation,Telegram,Telegram,False,NOT_LIFECYCLE_EVENT,ELIGIBLE,,,,,,,,,,,,,,,,,,,2026-08-01_001200,,
e738983b174e6a8acac3e71f,2026-08-01,2026-08-01 00:12:06-04:00,NVDA,Scanner,NO TRADE MARKET CLOSED,Market closed; no live intraday trade,Scanner decision,Decision,NO_DIRECTIONAL_EDGE,False,NO_TRADE_MARKET_CLOSED,ENTER or ENTER_PAPER,NO TRADE MARKET CLOSED,False,8.0,0.0,,2026-07-31T23:55:00+00:00,199.02,199.05,198.95,198.98,41709.8,NO_RECOMMENDATION,NOT_REQUESTED,NOT_REQUESTED,,NOT_CREATED,NO_LIFECYCLE_EVENT,NO_LIFECYCLE_EVENT,2026-08-01_001200,,
146910874781bf06fa92a502,2026-08-01,2026-08-01 00:12:06-04:00,NVDA,Scanner,RULE FAILED,8.0 / required 85.0,Rule evaluation,Entry,Setup,False,8.0,85.0,,,,,,,,,,,,,,,,,,,2026-08-01_001200,,
be5fc8e954a74c81d69127f3,2026-08-01,2026-08-01 00:12:06-04:00,NVDA,Scanner,RULE FAILED,0.0 / required 2.0,Rule evaluation,Risk,RR,False,0.0,2.0,,,,,,,,,,,,,,,,,,,2026-08-01_001200,,
28417ed145500c79a632c9ea,2026-08-01,2026-08-01 00:12:06-04:00,NVDA,Scanner,RULE FAILED,0.0 / required 65.0,Rule evaluation,Option,Option Quality,False,0.0,65.0,,,,,,,,,,,,,,,,,,,2026-08-01_001200,,
9223fb766472238028e889b5,2026-08-01,2026-08-01 00:12:06-04:00,NVDA,Scanner,RULE FAILED,None / required LIVE_QUOTE,Rule evaluation,Realtime,Quote Freshness,False,,LIVE_QUOTE,,,,,,,,,,,,,,,,,,,2026-08-01_001200,,
b0aa37d45f1291ada16db7f6,2026-08-01,2026-08-01 00:12:06-04:00,NVDA,Scanner,RULE PASSED,True / required True,Rule evaluation,Affordability,Affordability,True,True,True,,,,,,,,,,,,,,,,,,,2026-08-01_001200,,
9e639a7418d7366dd2dcbd9b,2026-08-01,2026-08-01 00:12:06-04:00,NVDA,Scanner,RULE FAILED,NOT_LIFECYCLE_EVENT / required ELIGIBLE,Rule evaluation,Telegram,Telegram,False,NOT_LIFECYCLE_EVENT,ELIGIBLE,,,,,,,,,,,,,,,,,,,2026-08-01_001200,,
54f06c5b56b7cb4c2740c23e,2026-08-01,2026-08-01 00:12:06-04:00,AAPL,Scanner,NO TRADE MARKET CLOSED,Market closed; no live intraday trade,Scanner decision,Decision,NO_DIRECTIONAL_EDGE,False,NO_TRADE_MARKET_CLOSED,ENTER or ENTER_PAPER,NO TRADE MARKET CLOSED,False,5.0,0.0,,2026-07-31T23:55:00+00:00,307.48,307.49,307.18,307.36,15793.67,NO_RECOMMENDATION,NOT_REQUESTED,NOT_REQUESTED,,NOT_CREATED,NO_LIFECYCLE_EVENT,NO_LIFECYCLE_EVENT,2026-08-01_001200,,
81e6c089234e16d2afd1563a,2026-08-01,2026-08-01 00:12:06-04:00,AAPL,Scanner,RULE FAILED,5.0 / required 85.0,Rule evaluation,Entry,Setup,False,5.0,85.0,,,,,,,,,,,,,,,,,,,2026-08-01_001200,,
706bd6322ca9e7f8673cae19,2026-08-01,2026-08-01 00:12:06-04:00,AAPL,Scanner,RULE FAILED,0.0 / required 2.0,Rule evaluation,Risk,RR,False,0.0,2.0,,,,,,,,,,,,,,,,,,,2026-08-01_001200,,
87155c47331b578e2531ccea,2026-08-01,2026-08-01 00:12:06-04:00,AAPL,Scanner,RULE FAILED,0.0 / required 65.0,Rule evaluation,Option,Option Quality,False,0.0,65.0,,,,,,,,,,,,,,,,,,,2026-08-01_001200,,
61a719dcf92ca84fdb90854e,2026-08-01,2026-08-01 00:12:06-04:00,AAPL,Scanner,RULE FAILED,None / required LIVE_QUOTE,Rule evaluation,Realtime,Quote Freshness,False,,LIVE_QUOTE,,,,,,,,,,,,,,,,,,,2026-08-01_001200,,
fb232c9b4b704b1fbb49cb29,2026-08-01,2026-08-01 00:12:06-04:00,AAPL,Scanner,RULE PASSED,True / required True,Rule evaluation,Affordability,Affordability,True,True,True,,,,,,,,,,,,,,,,,,,2026-08-01_001200,,
bb38828dae5b3bd7f32b72db,2026-08-01,2026-08-01 00:12:06-04:00,AAPL,Scanner,RULE FAILED,NOT_LIFECYCLE_EVENT / required ELIGIBLE,Rule evaluation,Telegram,Telegram,False,NOT_LIFECYCLE_EVENT,ELIGIBLE,,,,,,,,,,,,,,,,,,,2026-08-01_001200,,
9ebf279dc921fe780aad4ada,2026-08-01,2026-08-01 00:12:07-04:00,MSFT,Scanner,STALE STOCK DATA,Stock aggregate data is not real-time,Scanner decision,Decision,LOW_RR,False,STALE_STOCK_DATA,ENTER or ENTER_PAPER,STALE STOCK DATA,False,58.0,0.74,,2026-07-31T23:55:00+00:00,461.74,462.0,461.74,461.81,6190.65,NO_RECOMMENDATION,NOT_REQUESTED,NOT_REQUESTED,,NOT_CREATED,NO_LIFECYCLE_EVENT,NO_LIFECYCLE_EVENT,2026-08-01_001200,,
dddab90fe0b6e779336da949,2026-08-01,2026-08-01 00:12:07-04:00,MSFT,Scanner,RULE FAILED,58.0 / required 85.0,Rule evaluation,Entry,Setup,False,58.0,85.0,,,,,,,,,,,,,,,,,,,2026-08-01_001200,,
55675c0e83ddf016c4a52222,2026-08-01,2026-08-01 00:12:07-04:00,MSFT,Scanner,RULE FAILED,0.74 / required 2.0,Rule evaluation,Risk,RR,False,0.74,2.0,,,,,,,,,,,,,,,,,,,2026-08-01_001200,,
b693cd962ab984fd1c725250,2026-08-01,2026-08-01 00:12:07-04:00,MSFT,Scanner,RULE FAILED,0.0 / required 65.0,Rule evaluation,Option,Option Quality,False,0.0,65.0,,,,,,,,,,,,,,,,,,,2026-08-01_001200,,
a7b43be50e8b5969a983d2d2,2026-08-01,2026-08-01 00:12:07-04:00,MSFT,Scanner,RULE FAILED,None / required LIVE_QUOTE,Rule evaluation,Realtime,Quote Freshness,False,,LIVE_QUOTE,,,,,,,,,,,,,,,,,,,2026-08-01_001200,,
691690b2ee8c04b14533e3cd,2026-08-01,2026-08-01 00:12:07-04:00,MSFT,Scanner,RULE PASSED,True / required True,Rule evaluation,Affordability,Affordability,True,True,True,,,,,,,,,,,,,,,,,,,2026-08-01_001200,,
f9f0f873dc102c651b9ec736,2026-08-01,2026-08-01 00:12:07-04:00,MSFT,Scanner,RULE FAILED,NOT_LIFECYCLE_EVENT / required ELIGIBLE,Rule evaluation,Telegram,Telegram,False,NOT_LIFECYCLE_EVENT,ELIGIBLE,,,,,,,,,,,,,,,,,,,2026-08-01_001200,,
31bfc0ec1e08ef52db94278e,2026-08-01,2026-08-01 00:12:07-04:00,AMZN,Scanner,STALE STOCK DATA,Stock aggregate data is not real-time,Scanner decision,Decision,NO_ENTRY_TRIGGER,False,STALE_STOCK_DATA,ENTER or ENTER_PAPER,STALE STOCK DATA,False,14.0,0.0,,2026-07-31T23:55:00+00:00,270.1,270.35,270.1,270.32,12531.15,NO_RECOMMENDATION,NOT_REQUESTED,NOT_REQUESTED,,NOT_CREATED,NO_LIFECYCLE_EVENT,NO_LIFECYCLE_EVENT,2026-08-01_001200,,
2e773a8caf192364a864f9d5,2026-08-01,2026-08-01 00:12:07-04:00,AMZN,Scanner,RULE FAILED,14.0 / required 85.0,Rule evaluation,Entry,Setup,False,14.0,85.0,,,,,,,,,,,,,,,,,,,2026-08-01_001200,,
3250ff4c8fc53204e563ca17,2026-08-01,2026-08-01 00:12:07-04:00,AMZN,Scanner,RULE FAILED,0.0 / required 2.0,Rule evaluation,Risk,RR,False,0.0,2.0,,,,,,,,,,,,,,,,,,,2026-08-01_001200,,
d2f3ebe22fa1de02b99e4d7f,2026-08-01,2026-08-01 00:12:07-04:00,AMZN,Scanner,RULE FAILED,0.0 / required 65.0,Rule evaluation,Option,Option Quality,False,0.0,65.0,,,,,,,,,,,,,,,,,,,2026-08-01_001200,,
bb2aa79e7adea62864b366d7,2026-08-01,2026-08-01 00:12:07-04:00,AMZN,Scanner,RULE FAILED,None / required LIVE_QUOTE,Rule evaluation,Realtime,Quote Freshness,False,,LIVE_QUOTE,,,,,,,,,,,,,,,,,,,2026-08-01_001200,,
2228e1577fd6631cebad1dba,2026-08-01,2026-08-01 00:12:07-04:00,AMZN,Scanner,RULE PASSED,True / required True,Rule evaluation,Affordability,Affordability,True,True,True,,,,,,,,,,,,,,,,,,,2026-08-01_001200,,
43c4eb333c44b1f769569257,2026-08-01,2026-08-01 00:12:07-04:00,AMZN,Scanner,RULE FAILED,NOT_LIFECYCLE_EVENT / required ELIGIBLE,Rule evaluation,Telegram,Telegram,False,NOT_LIFECYCLE_EVENT,ELIGIBLE,,,,,,,,,,,,,,,,,,,2026-08-01_001200,,
5b65c742119743137f8ee782,2026-08-01,2026-08-01 00:12:10-04:00,META,Scanner,NO TRADE MARKET CLOSED,Market closed; no live intraday trade,Scanner decision,Decision,NO_DIRECTIONAL_EDGE,False,NO_TRADE_MARKET_CLOSED,ENTER or ENTER_PAPER,NO TRADE MARKET CLOSED,False,0.0,0.0,,2026-07-31T23:55:00+00:00,553.91,553.98,553.1,553.22,5365.44,NO_RECOMMENDATION,NOT_REQUESTED,NOT_REQUESTED,,NOT_CREATED,NO_LIFECYCLE_EVENT,NO_LIFECYCLE_EVENT,2026-08-01_001200,,
ecbe347dda8c60bdc3fc3ced,2026-08-01,2026-08-01 00:12:10-04:00,META,Scanner,RULE FAILED,0.0 / required 85.0,Rule evaluation,Entry,Setup,False,0.0,85.0,,,,,,,,,,,,,,,,,,,2026-08-01_001200,,
00b386784c3593959ab717a5,2026-08-01,2026-08-01 00:12:10-04:00,META,Scanner,RULE FAILED,0.0 / required 2.0,Rule evaluation,Risk,RR,False,0.0,2.0,,,,,,,,,,,,,,,,,,,2026-08-01_001200,,
801d177b48c82ce060c044ad,2026-08-01,2026-08-01 00:12:10-04:00,META,Scanner,RULE FAILED,0.0 / required 65.0,Rule evaluation,Option,Option Quality,False,0.0,65.0,,,,,,,,,,,,,,,,,,,2026-08-01_001200,,
a8bfcdf6f4a0e02e60515784,2026-08-01,2026-08-01 00:12:10-04:00,META,Scanner,RULE FAILED,None / required LIVE_QUOTE,Rule evaluation,Realtime,Quote Freshness,False,,LIVE_QUOTE,,,,,,,,,,,,,,,,,,,2026-08-01_001200,,
57e87792e594297a6ce32598,2026-08-01,2026-08-01 00:12:10-04:00,META,Scanner,RULE PASSED,True / required True,Rule evaluation,Affordability,Affordability,True,True,True,,,,,,,,,,,,,,,,,,,2026-08-01_001200,,
0569e98a91c9fd84bb663a27,2026-08-01,2026-08-01 00:12:10-04:00,META,Scanner,RULE FAILED,NOT_LIFECYCLE_EVENT / required ELIGIBLE,Rule evaluation,Telegram,Telegram,False,NOT_LIFECYCLE_EVENT,ELIGIBLE,,,,,,,,,,,,,,,,,,,2026-08-01_001200,,
e266bc2131b5b8f846f2a12d,2026-08-01,2026-08-01 00:12:11-04:00,TSLA,Scanner,NO TRADE MARKET CLOSED,Market closed; no live intraday trade,Scanner decision,Decision,NO_DIRECTIONAL_EDGE,False,NO_TRADE_MARKET_CLOSED,ENTER or ENTER_PAPER,NO TRADE MARKET CLOSED,False,6.0,0.0,,2026-07-31T23:55:00+00:00,309.62,309.75,309.22,309.31,16186.69,NO_RECOMMENDATION,NOT_REQUESTED,NOT_REQUESTED,,NOT_CREATED,NO_LIFECYCLE_EVENT,NO_LIFECYCLE_EVENT,2026-08-01_001200,,
750518b84edb4432f250100e,2026-08-01,2026-08-01 00:12:11-04:00,TSLA,Scanner,RULE FAILED,6.0 / required 85.0,Rule evaluation,Entry,Setup,False,6.0,85.0,,,,,,,,,,,,,,,,,,,2026-08-01_001200,,
3443ec6b7db55a3098935f70,2026-08-01,2026-08-01 00:12:11-04:00,TSLA,Scanner,RULE FAILED,0.0 / required 2.0,Rule evaluation,Risk,RR,False,0.0,2.0,,,,,,,,,,,,,,,,,,,2026-08-01_001200,,
b43a883e80219d0d3f8b1799,2026-08-01,2026-08-01 00:12:11-04:00,TSLA,Scanner,RULE FAILED,0.0 / required 65.0,Rule evaluation,Option,Option Quality,False,0.0,65.0,,,,,,,,,,,,,,,,,,,2026-08-01_001200,,
593c0ad118c3c6c07e4da378,2026-08-01,2026-08-01 00:12:11-04:00,TSLA,Scanner,RULE FAILED,None / required LIVE_QUOTE,Rule evaluation,Realtime,Quote Freshness,False,,LIVE_QUOTE,,,,,,,,,,,,,,,,,,,2026-08-01_001200,,
50806e30985088a460d23674,2026-08-01,2026-08-01 00:12:11-04:00,TSLA,Scanner,RULE PASSED,True / required True,Rule evaluation,Affordability,Affordability,True,True,True,,,,,,,,,,,,,,,,,,,2026-08-01_001200,,
0198d2ceb202f2d0be326fad,2026-08-01,2026-08-01 00:12:11-04:00,TSLA,Scanner,RULE FAILED,NOT_LIFECYCLE_EVENT / required ELIGIBLE,Rule evaluation,Telegram,Telegram,False,NOT_LIFECYCLE_EVENT,ELIGIBLE,,,,,,,,,,,,,,,,,,,2026-08-01_001200,,
7d616e4214d3a760efe4900e,2026-08-01,2026-08-01 00:12:11-04:00,AMD,Scanner,STALE STOCK DATA,Stock aggregate data is not real-time,Scanner decision,Decision,NO_ENTRY_TRIGGER,False,STALE_STOCK_DATA,ENTER or ENTER_PAPER,STALE STOCK DATA,False,38.0,0.0,,2026-07-31T23:55:00+00:00,474.1,474.16,472.12,472.12,15105.15,NO_RECOMMENDATION,NOT_REQUESTED,NOT_REQUESTED,,NOT_CREATED,NO_LIFECYCLE_EVENT,NO_LIFECYCLE_EVENT,2026-08-01_001200,,
23f32e9077fad3527f0be874,2026-08-01,2026-08-01 00:12:11-04:00,AMD,Scanner,RULE FAILED,38.0 / required 83.0,Rule evaluation,Entry,Setup,False,38.0,83.0,,,,,,,,,,,,,,,,,,,2026-08-01_001200,,
ce44ce9ce1f69ccc32fa3a6b,2026-08-01,2026-08-01 00:12:11-04:00,AMD,Scanner,RULE FAILED,0.0 / required 2.0,Rule evaluation,Risk,RR,False,0.0,2.0,,,,,,,,,,,,,,,,,,,2026-08-01_001200,,
67c627670fe46eaaa750d699,2026-08-01,2026-08-01 00:12:11-04:00,AMD,Scanner,RULE FAILED,0.0 / required 65.0,Rule evaluation,Option,Option Quality,False,0.0,65.0,,,,,,,,,,,,,,,,,,,2026-08-01_001200,,
befeeec2f648e10e727b51cd,2026-08-01,2026-08-01 00:12:11-04:00,AMD,Scanner,RULE FAILED,None / required LIVE_QUOTE,Rule evaluation,Realtime,Quote Freshness,False,,LIVE_QUOTE,,,,,,,,,,,,,,,,,,,2026-08-01_001200,,
c79c0a2ebc9b315f5f108312,2026-08-01,2026-08-01 00:12:11-04:00,AMD,Scanner,RULE PASSED,True / required True,Rule evaluation,Affordability,Affordability,True,True,True,,,,,,,,,,,,,,,,,,,2026-08-01_001200,,
e309f44ac10df8808238d464,2026-08-01,2026-08-01 00:12:11-04:00,AMD,Scanner,RULE FAILED,NOT_LIFECYCLE_EVENT / required ELIGIBLE,Rule evaluation,Telegram,Telegram,False,NOT_LIFECYCLE_EVENT,ELIGIBLE,,,,,,,,,,,,,,,,,,,2026-08-01_001200,,
fdad35ec3c63eb8fc86be146,2026-08-01,2026-08-01 00:12:12-04:00,AVGO,Scanner,NO TRADE MARKET CLOSED,Market closed; no live intraday trade,Scanner decision,Decision,NO_DIRECTIONAL_EDGE,False,NO_TRADE_MARKET_CLOSED,ENTER or ENTER_PAPER,NO TRADE MARKET CLOSED,False,6.0,0.0,,2026-07-31T23:55:00+00:00,387.33,387.45,387.05,387.45,1201.0,NO_RECOMMENDATION,NOT_REQUESTED,NOT_REQUESTED,,NOT_CREATED,NO_LIFECYCLE_EVENT,NO_LIFECYCLE_EVENT,2026-08-01_001200,,
528637eede1c22036de6c6ca,2026-08-01,2026-08-01 00:12:12-04:00,AVGO,Scanner,RULE FAILED,6.0 / required 85.0,Rule evaluation,Entry,Setup,False,6.0,85.0,,,,,,,,,,,,,,,,,,,2026-08-01_001200,,
4b160d7464c25eb9205032e6,2026-08-01,2026-08-01 00:12:12-04:00,AVGO,Scanner,RULE FAILED,0.0 / required 2.0,Rule evaluation,Risk,RR,False,0.0,2.0,,,,,,,,,,,,,,,,,,,2026-08-01_001200,,
e952bfc087ec42ab3e6ba4b9,2026-08-01,2026-08-01 00:12:12-04:00,AVGO,Scanner,RULE FAILED,0.0 / required 65.0,Rule evaluation,Option,Option Quality,False,0.0,65.0,,,,,,,,,,,,,,,,,,,2026-08-01_001200,,
ce9daf8c354b05f6a7cdf857,2026-08-01,2026-08-01 00:12:12-04:00,AVGO,Scanner,RULE FAILED,None / required LIVE_QUOTE,Rule evaluation,Realtime,Quote Freshness,False,,LIVE_QUOTE,,,,,,,,,,,,,,,,,,,2026-08-01_001200,,
77af9250a3308301282eebfc,2026-08-01,2026-08-01 00:12:12-04:00,AVGO,Scanner,RULE PASSED,True / required True,Rule evaluation,Affordability,Affordability,True,True,True,,,,,,,,,,,,,,,,,,,2026-08-01_001200,,
8078d38e6477b54e2d88085f,2026-08-01,2026-08-01 00:12:12-04:00,AVGO,Scanner,RULE FAILED,NOT_LIFECYCLE_EVENT / required ELIGIBLE,Rule evaluation,Telegram,Telegram,False,NOT_LIFECYCLE_EVENT,ELIGIBLE,,,,,,,,,,,,,,,,,,,2026-08-01_001200,,
4cd675e959d40312e8135d96,2026-08-01,2026-08-01 00:12:12-04:00,MU,Scanner,STALE STOCK DATA,Stock aggregate data is not real-time,Scanner decision,Decision,NO_ENTRY_TRIGGER,False,STALE_STOCK_DATA,ENTER or ENTER_PAPER,STALE STOCK DATA,False,53.0,0.0,,2026-07-31T23:55:00+00:00,812.5,812.99,812.0,812.47,40814.39,NO_RECOMMENDATION,NOT_REQUESTED,NOT_REQUESTED,,NOT_CREATED,NO_LIFECYCLE_EVENT,NO_LIFECYCLE_EVENT,2026-08-01_001200,,
619525ebbc9343e66c424b22,2026-08-01,2026-08-01 00:12:12-04:00,MU,Scanner,RULE FAILED,53.0 / required 83.0,Rule evaluation,Entry,Setup,False,53.0,83.0,,,,,,,,,,,,,,,,,,,2026-08-01_001200,,
62525da5090e278f10ffe8c0,2026-08-01,2026-08-01 00:12:12-04:00,MU,Scanner,RULE FAILED,0.0 / required 2.0,Rule evaluation,Risk,RR,False,0.0,2.0,,,,,,,,,,,,,,,,,,,2026-08-01_001200,,
ed22a52f7e9048a0e80d5dd2,2026-08-01,2026-08-01 00:12:12-04:00,MU,Scanner,RULE FAILED,0.0 / required 65.0,Rule evaluation,Option,Option Quality,False,0.0,65.0,,,,,,,,,,,,,,,,,,,2026-08-01_001200,,
6d0c8c06ac783e8be343fdf0,2026-08-01,2026-08-01 00:12:12-04:00,MU,Scanner,RULE FAILED,None / required LIVE_QUOTE,Rule evaluation,Realtime,Quote Freshness,False,,LIVE_QUOTE,,,,,,,,,,,,,,,,,,,2026-08-01_001200,,
9acee8172e63239a1de12290,2026-08-01,2026-08-01 00:12:12-04:00,MU,Scanner,RULE PASSED,True / required True,Rule evaluation,Affordability,Affordability,True,True,True,,,,,,,,,,,,,,,,,,,2026-08-01_001200,,
551083a479b3fa629cbb52ad,2026-08-01,2026-08-01 00:12:12-04:00,MU,Scanner,RULE FAILED,NOT_LIFECYCLE_EVENT / required ELIGIBLE,Rule evaluation,Telegram,Telegram,False,NOT_LIFECYCLE_EVENT,ELIGIBLE,,,,,,,,,,,,,,,,,,,2026-08-01_001200,,
0f6ccf8c8fd744a474bb7245,2026-08-01,2026-08-01 00:12:13-04:00,PLTR,Scanner,STALE STOCK DATA,Stock aggregate data is not real-time,Scanner decision,Decision,LOW_RR,False,STALE_STOCK_DATA,ENTER or ENTER_PAPER,STALE STOCK DATA,False,55.0,0.74,,2026-07-31T23:55:00+00:00,122.72,122.78,122.67,122.78,15707.13,NO_RECOMMENDATION,NOT_REQUESTED,NOT_REQUESTED,,NOT_CREATED,NO_LIFECYCLE_EVENT,NO_LIFECYCLE_EVENT,2026-08-01_001200,,
36f9f48daa1a409c12e165b5,2026-08-01,2026-08-01 00:12:13-04:00,PLTR,Scanner,RULE FAILED,55.0 / required 85.0,Rule evaluation,Entry,Setup,False,55.0,85.0,,,,,,,,,,,,,,,,,,,2026-08-01_001200,,
f86578a25a71d20a9a6543df,2026-08-01,2026-08-01 00:12:13-04:00,PLTR,Scanner,RULE FAILED,0.74 / required 2.0,Rule evaluation,Risk,RR,False,0.74,2.0,,,,,,,,,,,,,,,,,,,2026-08-01_001200,,
2344af492988068918def19a,2026-08-01,2026-08-01 00:12:13-04:00,PLTR,Scanner,RULE FAILED,0.0 / required 65.0,Rule evaluation,Option,Option Quality,False,0.0,65.0,,,,,,,,,,,,,,,,,,,2026-08-01_001200,,
00a7b1d2404e837121a498c3,2026-08-01,2026-08-01 00:12:13-04:00,PLTR,Scanner,RULE FAILED,None / required LIVE_QUOTE,Rule evaluation,Realtime,Quote Freshness,False,,LIVE_QUOTE,,,,,,,,,,,,,,,,,,,2026-08-01_001200,,
b4b3feb2f2902c934eadd322,2026-08-01,2026-08-01 00:12:13-04:00,PLTR,Scanner,RULE PASSED,True / required True,Rule evaluation,Affordability,Affordability,True,True,True,,,,,,,,,,,,,,,,,,,2026-08-01_001200,,
aec44dbb7ccf6de2000f27f9,2026-08-01,2026-08-01 00:12:13-04:00,PLTR,Scanner,RULE FAILED,NOT_LIFECYCLE_EVENT / required ELIGIBLE,Rule evaluation,Telegram,Telegram,False,NOT_LIFECYCLE_EVENT,ELIGIBLE,,,,,,,,,,,,,,,,,,,2026-08-01_001200,,
1806b84951f6382e2beb60ce,2026-08-01,2026-08-01 00:12:13-04:00,NFLX,Scanner,STALE STOCK DATA,Stock aggregate data is not real-time,Scanner decision,Decision,LOW_RR,False,STALE_STOCK_DATA,ENTER or ENTER_PAPER,STALE STOCK DATA,False,41.0,0.6,,2026-07-31T23:55:00+00:00,71.7,71.76,71.7,71.76,2614.0,NO_RECOMMENDATION,NOT_REQUESTED,NOT_REQUESTED,,NOT_CREATED,NO_LIFECYCLE_EVENT,NO_LIFECYCLE_EVENT,2026-08-01_001200,,
835d52f024e20afc388a62b2,2026-08-01,2026-08-01 00:12:13-04:00,NFLX,Scanner,RULE FAILED,41.0 / required 83.0,Rule evaluation,Entry,Setup,False,41.0,83.0,,,,,,,,,,,,,,,,,,,2026-08-01_001200,,
dce1e3e237c6276ded598d22,2026-08-01,2026-08-01 00:12:13-04:00,NFLX,Scanner,RULE FAILED,0.6 / required 2.0,Rule evaluation,Risk,RR,False,0.6,2.0,,,,,,,,,,,,,,,,,,,2026-08-01_001200,,
bafd5312a103668e57d1071b,2026-08-01,2026-08-01 00:12:13-04:00,NFLX,Scanner,RULE FAILED,0.0 / required 65.0,Rule evaluation,Option,Option Quality,False,0.0,65.0,,,,,,,,,,,,,,,,,,,2026-08-01_001200,,
b16e85ca1d34755571c9e169,2026-08-01,2026-08-01 00:12:13-04:00,NFLX,Scanner,RULE FAILED,None / required LIVE_QUOTE,Rule evaluation,Realtime,Quote Freshness,False,,LIVE_QUOTE,,,,,,,,,,,,,,,,,,,2026-08-01_001200,,
a077c8900cf93233ed00fdde,2026-08-01,2026-08-01 00:12:13-04:00,NFLX,Scanner,RULE PASSED,True / required True,Rule evaluation,Affordability,Affordability,True,True,True,,,,,,,,,,,,,,,,,,,2026-08-01_001200,,
93daff11ae8f57e23fe88803,2026-08-01,2026-08-01 00:12:13-04:00,NFLX,Scanner,RULE FAILED,NOT_LIFECYCLE_EVENT / required ELIGIBLE,Rule evaluation,Telegram,Telegram,False,NOT_LIFECYCLE_EVENT,ELIGIBLE,,,,,,,,,,,,,,,,,,,2026-08-01_001200,,
f111b6e006946add2c7b1ed1,2026-08-01,2026-08-01 00:12:14-04:00,CRWD,Scanner,STALE STOCK DATA,Stock aggregate data is not real-time,Scanner decision,Decision,LOW_RR,False,STALE_STOCK_DATA,ENTER or ENTER_PAPER,STALE STOCK DATA,False,59.0,0.88,,2026-07-31T23:55:00+00:00,190.29,190.5,190.29,190.5,415.0,NO_RECOMMENDATION,NOT_REQUESTED,NOT_REQUESTED,,NOT_CREATED,NO_LIFECYCLE_EVENT,NO_LIFECYCLE_EVENT,2026-08-01_001200,,
b97057eb53ceb05d2d88215e,2026-08-01,2026-08-01 00:12:14-04:00,CRWD,Scanner,RULE FAILED,59.0 / required 83.0,Rule evaluation,Entry,Setup,False,59.0,83.0,,,,,,,,,,,,,,,,,,,2026-08-01_001200,,
3a95a88089d7f6744416d0ed,2026-08-01,2026-08-01 00:12:14-04:00,CRWD,Scanner,RULE FAILED,0.88 / required 2.0,Rule evaluation,Risk,RR,False,0.88,2.0,,,,,,,,,,,,,,,,,,,2026-08-01_001200,,
43490b71f03ff502c41bca27,2026-08-01,2026-08-01 00:12:14-04:00,CRWD,Scanner,RULE FAILED,0.0 / required 65.0,Rule evaluation,Option,Option Quality,False,0.0,65.0,,,,,,,,,,,,,,,,,,,2026-08-01_001200,,
53d2b3cb8b4a06a212dd4ed2,2026-08-01,2026-08-01 00:12:14-04:00,CRWD,Scanner,RULE FAILED,None / required LIVE_QUOTE,Rule evaluation,Realtime,Quote Freshness,False,,LIVE_QUOTE,,,,,,,,,,,,,,,,,,,2026-08-01_001200,,
d9a23998370512f24d150c26,2026-08-01,2026-08-01 00:12:14-04:00,CRWD,Scanner,RULE PASSED,True / required True,Rule evaluation,Affordability,Affordability,True,True,True,,,,,,,,,,,,,,,,,,,2026-08-01_001200,,
565ba2106138db7748930830,2026-08-01,2026-08-01 00:12:14-04:00,CRWD,Scanner,RULE FAILED,NOT_LIFECYCLE_EVENT / required ELIGIBLE,Rule evaluation,Telegram,Telegram,False,NOT_LIFECYCLE_EVENT,ELIGIBLE,,,,,,,,,,,,,,,,,,,2026-08-01_001200,,
0a5cf8aed3a030a325965697,2026-08-01,2026-08-01 00:12:14-04:00,SMCI,Scanner,NO TRADE MARKET CLOSED,Market closed; no live intraday trade,Scanner decision,Decision,NO_DIRECTIONAL_EDGE,False,NO_TRADE_MARKET_CLOSED,ENTER or ENTER_PAPER,NO TRADE MARKET CLOSED,False,3.0,0.0,,2026-07-31T23:55:00+00:00,28.16,28.16,28.11,28.16,19022.0,NO_RECOMMENDATION,NOT_REQUESTED,NOT_REQUESTED,,NOT_CREATED,NO_LIFECYCLE_EVENT,NO_LIFECYCLE_EVENT,2026-08-01_001200,,
f895c74f679f936eb1087357,2026-08-01,2026-08-01 00:12:14-04:00,SMCI,Scanner,RULE FAILED,3.0 / required 85.0,Rule evaluation,Entry,Setup,False,3.0,85.0,,,,,,,,,,,,,,,,,,,2026-08-01_001200,,
4c25d2010b0bfdf764e57c1b,2026-08-01,2026-08-01 00:12:14-04:00,SMCI,Scanner,RULE FAILED,0.0 / required 2.0,Rule evaluation,Risk,RR,False,0.0,2.0,,,,,,,,,,,,,,,,,,,2026-08-01_001200,,
d028667ddf0614715309d033,2026-08-01,2026-08-01 00:12:14-04:00,SMCI,Scanner,RULE FAILED,0.0 / required 65.0,Rule evaluation,Option,Option Quality,False,0.0,65.0,,,,,,,,,,,,,,,,,,,2026-08-01_001200,,
2febb5685fbdf1493320aaf3,2026-08-01,2026-08-01 00:12:14-04:00,SMCI,Scanner,RULE FAILED,None / required LIVE_QUOTE,Rule evaluation,Realtime,Quote Freshness,False,,LIVE_QUOTE,,,,,,,,,,,,,,,,,,,2026-08-01_001200,,
69ca8eb3e70bad747eb09ba7,2026-08-01,2026-08-01 00:12:14-04:00,SMCI,Scanner,RULE PASSED,True / required True,Rule evaluation,Affordability,Affordability,True,True,True,,,,,,,,,,,,,,,,,,,2026-08-01_001200,,
67a823ad400b921f7d0c646c,2026-08-01,2026-08-01 00:12:14-04:00,SMCI,Scanner,RULE FAILED,NOT_LIFECYCLE_EVENT / required ELIGIBLE,Rule evaluation,Telegram,Telegram,False,NOT_LIFECYCLE_EVENT,ELIGIBLE,,,,,,,,,,,,,,,,,,,2026-08-01_001200,,
24e874a00f1bf555def6d73d,2026-08-01,2026-08-01 00:12:14-04:00,SPCX,Scanner,NO TRADE MARKET CLOSED,Market closed; no live intraday trade,Scanner decision,Decision,NO_DIRECTIONAL_EDGE,False,NO_TRADE_MARKET_CLOSED,ENTER or ENTER_PAPER,NO TRADE MARKET CLOSED,False,7.0,0.0,,2026-07-31T23:55:00+00:00,107.73,107.8,107.7,107.79,51695.84,NO_RECOMMENDATION,NOT_REQUESTED,NOT_REQUESTED,,NOT_CREATED,NO_LIFECYCLE_EVENT,NO_LIFECYCLE_EVENT,2026-08-01_001200,,
7667a12f3c8eacdb418c30d1,2026-08-01,2026-08-01 00:12:14-04:00,SPCX,Scanner,RULE FAILED,7.0 / required 85.0,Rule evaluation,Entry,Setup,False,7.0,85.0,,,,,,,,,,,,,,,,,,,2026-08-01_001200,,
5beab1209cf0f34aa521fc93,2026-08-01,2026-08-01 00:12:14-04:00,SPCX,Scanner,RULE FAILED,0.0 / required 2.0,Rule evaluation,Risk,RR,False,0.0,2.0,,,,,,,,,,,,,,,,,,,2026-08-01_001200,,
12d05013d51a76fd2bdca3bc,2026-08-01,2026-08-01 00:12:14-04:00,SPCX,Scanner,RULE FAILED,0.0 / required 65.0,Rule evaluation,Option,Option Quality,False,0.0,65.0,,,,,,,,,,,,,,,,,,,2026-08-01_001200,,
5ca52348c36f3b3c63ff393b,2026-08-01,2026-08-01 00:12:14-04:00,SPCX,Scanner,RULE FAILED,None / required LIVE_QUOTE,Rule evaluation,Realtime,Quote Freshness,False,,LIVE_QUOTE,,,,,,,,,,,,,,,,,,,2026-08-01_001200,,
a4bbae3499160c1f4f72f1d8,2026-08-01,2026-08-01 00:12:14-04:00,SPCX,Scanner,RULE PASSED,True / required True,Rule evaluation,Affordability,Affordability,True,True,True,,,,,,,,,,,,,,,,,,,2026-08-01_001200,,
63187ab2dc12cea55888c621,2026-08-01,2026-08-01 00:12:14-04:00,SPCX,Scanner,RULE FAILED,NOT_LIFECYCLE_EVENT / required ELIGIBLE,Rule evaluation,Telegram,Telegram,False,NOT_LIFECYCLE_EVENT,ELIGIBLE,,,,,,,,,,,,,,,,,,,2026-08-01_001200,,
e9aead6b332b207f1f2828c9,2026-08-01,2026-08-01 00:12:15-04:00,SMH,Scanner,STALE STOCK DATA,Stock aggregate data is not real-time,Scanner decision,Decision,NO_ENTRY_TRIGGER,False,STALE_STOCK_DATA,ENTER or ENTER_PAPER,STALE STOCK DATA,False,14.0,0.0,,2026-07-31T23:55:00+00:00,539.0,539.0,538.79,539.0,902.0,NO_RECOMMENDATION,NOT_REQUESTED,NOT_REQUESTED,,NOT_CREATED,NO_LIFECYCLE_EVENT,NO_LIFECYCLE_EVENT,2026-08-01_001200,,
db6c040477db894b83aee055,2026-08-01,2026-08-01 00:12:15-04:00,SMH,Scanner,RULE FAILED,14.0 / required 85.0,Rule evaluation,Entry,Setup,False,14.0,85.0,,,,,,,,,,,,,,,,,,,2026-08-01_001200,,
1623756d0eaabf40a63f6cf8,2026-08-01,2026-08-01 00:12:15-04:00,SMH,Scanner,RULE FAILED,0.0 / required 2.0,Rule evaluation,Risk,RR,False,0.0,2.0,,,,,,,,,,,,,,,,,,,2026-08-01_001200,,
c1075c1bd7e35b41a978e00a,2026-08-01,2026-08-01 00:12:15-04:00,SMH,Scanner,RULE FAILED,0.0 / required 65.0,Rule evaluation,Option,Option Quality,False,0.0,65.0,,,,,,,,,,,,,,,,,,,2026-08-01_001200,,
6a7843d82e20209906b86f2e,2026-08-01,2026-08-01 00:12:15-04:00,SMH,Scanner,RULE FAILED,None / required LIVE_QUOTE,Rule evaluation,Realtime,Quote Freshness,False,,LIVE_QUOTE,,,,,,,,,,,,,,,,,,,2026-08-01_001200,,
bb4b0fd1169e394e15d1700e,2026-08-01,2026-08-01 00:12:15-04:00,SMH,Scanner,RULE PASSED,True / required True,Rule evaluation,Affordability,Affordability,True,True,True,,,,,,,,,,,,,,,,,,,2026-08-01_001200,,
8858bbb8eb69e955c44dc973,2026-08-01,2026-08-01 00:12:15-04:00,SMH,Scanner,RULE FAILED,NOT_LIFECYCLE_EVENT / required ELIGIBLE,Rule evaluation,Telegram,Telegram,False,NOT_LIFECYCLE_EVENT,ELIGIBLE,,,,,,,,,,,,,,,,,,,2026-08-01_001200,,
471b1017d13d31db871ae4d8,2026-08-01,2026-08-01 00:12:15-04:00,ARM,Scanner,STALE STOCK DATA,Stock aggregate data is not real-time,Scanner decision,Decision,RISK_REJECTED,False,STALE_STOCK_DATA,ENTER or ENTER_PAPER,STALE STOCK DATA,False,46.0,1.59,,2026-07-31T23:55:00+00:00,235.59,235.59,234.92,234.92,5017.01,NO_RECOMMENDATION,NOT_REQUESTED,NOT_REQUESTED,,NOT_CREATED,NO_LIFECYCLE_EVENT,NO_LIFECYCLE_EVENT,2026-08-01_001200,,
16d3d16cf918bc46447238de,2026-08-01,2026-08-01 00:12:15-04:00,ARM,Scanner,RULE FAILED,46.0 / required 83.0,Rule evaluation,Entry,Setup,False,46.0,83.0,,,,,,,,,,,,,,,,,,,2026-08-01_001200,,
ff18963c51bc8c27cd86f002,2026-08-01,2026-08-01 00:12:15-04:00,ARM,Scanner,RULE FAILED,1.59 / required 2.0,Rule evaluation,Risk,RR,False,1.59,2.0,,,,,,,,,,,,,,,,,,,2026-08-01_001200,,
d24c80b3e208bdac355acfb6,2026-08-01,2026-08-01 00:12:15-04:00,ARM,Scanner,RULE FAILED,0.0 / required 65.0,Rule evaluation,Option,Option Quality,False,0.0,65.0,,,,,,,,,,,,,,,,,,,2026-08-01_001200,,
4e2bff4c051734ceb5f5fed4,2026-08-01,2026-08-01 00:12:15-04:00,ARM,Scanner,RULE FAILED,None / required LIVE_QUOTE,Rule evaluation,Realtime,Quote Freshness,False,,LIVE_QUOTE,,,,,,,,,,,,,,,,,,,2026-08-01_001200,,
6ce7120ae409f88c152970b0,2026-08-01,2026-08-01 00:12:15-04:00,ARM,Scanner,RULE PASSED,True / required True,Rule evaluation,Affordability,Affordability,True,True,True,,,,,,,,,,,,,,,,,,,2026-08-01_001200,,
013ed517fac87c1df914bdf2,2026-08-01,2026-08-01 00:12:15-04:00,ARM,Scanner,RULE FAILED,NOT_LIFECYCLE_EVENT / required ELIGIBLE,Rule evaluation,Telegram,Telegram,False,NOT_LIFECYCLE_EVENT,ELIGIBLE,,,,,,,,,,,,,,,,,,,2026-08-01_001200,,
1e4d63a3ea02d756b40bd2e9,2026-08-01,2026-08-01 00:12:16-04:00,TSM,Scanner,STALE STOCK DATA,Stock aggregate data is not real-time,Scanner decision,Decision,LOW_RR,False,STALE_STOCK_DATA,ENTER or ENTER_PAPER,STALE STOCK DATA,False,47.0,0.84,,2026-07-31T23:55:00+00:00,404.0,404.1,403.73,404.0,8527.0,NO_RECOMMENDATION,NOT_REQUESTED,NOT_REQUESTED,,NOT_CREATED,NO_LIFECYCLE_EVENT,NO_LIFECYCLE_EVENT,2026-08-01_001200,,
d7ba51dfc8e198f97fe8829c,2026-08-01,2026-08-01 00:12:16-04:00,TSM,Scanner,RULE FAILED,47.0 / required 85.0,Rule evaluation,Entry,Setup,False,47.0,85.0,,,,,,,,,,,,,,,,,,,2026-08-01_001200,,
9610606aa3954b01c14efd55,2026-08-01,2026-08-01 00:12:16-04:00,TSM,Scanner,RULE FAILED,0.84 / required 2.0,Rule evaluation,Risk,RR,False,0.84,2.0,,,,,,,,,,,,,,,,,,,2026-08-01_001200,,
523c3f964d1f085876898abd,2026-08-01,2026-08-01 00:12:16-04:00,TSM,Scanner,RULE FAILED,0.0 / required 65.0,Rule evaluation,Option,Option Quality,False,0.0,65.0,,,,,,,,,,,,,,,,,,,2026-08-01_001200,,
3aa1072cc2c1a7102db4497e,2026-08-01,2026-08-01 00:12:16-04:00,TSM,Scanner,RULE FAILED,None / required LIVE_QUOTE,Rule evaluation,Realtime,Quote Freshness,False,,LIVE_QUOTE,,,,,,,,,,,,,,,,,,,2026-08-01_001200,,
fa975deb1e24e82060171043,2026-08-01,2026-08-01 00:12:16-04:00,TSM,Scanner,RULE PASSED,True / required True,Rule evaluation,Affordability,Affordability,True,True,True,,,,,,,,,,,,,,,,,,,2026-08-01_001200,,
f1fb276d21323a55194407f3,2026-08-01,2026-08-01 00:12:16-04:00,TSM,Scanner,RULE FAILED,NOT_LIFECYCLE_EVENT / required ELIGIBLE,Rule evaluation,Telegram,Telegram,False,NOT_LIFECYCLE_EVENT,ELIGIBLE,,,,,,,,,,,,,,,,,,,2026-08-01_001200,,
ab05bbdb0cc2c64c1ed7f7ce,2026-08-01,2026-08-01 00:12:16-04:00,INTC,Scanner,STALE STOCK DATA,Stock aggregate data is not real-time,Scanner decision,Decision,NO_ENTRY_TRIGGER,False,STALE_STOCK_DATA,ENTER or ENTER_PAPER,STALE STOCK DATA,False,49.0,0.0,,2026-07-31T23:55:00+00:00,89.39,89.39,89.21,89.21,64808.74,NO_RECOMMENDATION,NOT_REQUESTED,NOT_REQUESTED,,NOT_CREATED,NO_LIFECYCLE_EVENT,NO_LIFECYCLE_EVENT,2026-08-01_001200,,
fb3cdc1c25a6d3519539103b,2026-08-01,2026-08-01 00:12:16-04:00,INTC,Scanner,RULE FAILED,49.0 / required 83.0,Rule evaluation,Entry,Setup,False,49.0,83.0,,,,,,,,,,,,,,,,,,,2026-08-01_001200,,
19e2aa7e7c22d695a6e2e060,2026-08-01,2026-08-01 00:12:16-04:00,INTC,Scanner,RULE FAILED,0.0 / required 2.0,Rule evaluation,Risk,RR,False,0.0,2.0,,,,,,,,,,,,,,,,,,,2026-08-01_001200,,
60b7c13c339657dbc92299dc,2026-08-01,2026-08-01 00:12:16-04:00,INTC,Scanner,RULE FAILED,0.0 / required 65.0,Rule evaluation,Option,Option Quality,False,0.0,65.0,,,,,,,,,,,,,,,,,,,2026-08-01_001200,,
39500be5490015f7bd577feb,2026-08-01,2026-08-01 00:12:16-04:00,INTC,Scanner,RULE FAILED,None / required LIVE_QUOTE,Rule evaluation,Realtime,Quote Freshness,False,,LIVE_QUOTE,,,,,,,,,,,,,,,,,,,2026-08-01_001200,,
b8bd4bca32d5545609a31c8f,2026-08-01,2026-08-01 00:12:16-04:00,INTC,Scanner,RULE PASSED,True / required True,Rule evaluation,Affordability,Affordability,True,True,True,,,,,,,,,,,,,,,,,,,2026-08-01_001200,,
6167527288f5c5f5e9ef9202,2026-08-01,2026-08-01 00:12:16-04:00,INTC,Scanner,RULE FAILED,NOT_LIFECYCLE_EVENT / required ELIGIBLE,Rule evaluation,Telegram,Telegram,False,NOT_LIFECYCLE_EVENT,ELIGIBLE,,,,,,,,,,,,,,,,,,,2026-08-01_001200,,
179619346e266565275fc020,2026-08-01,2026-08-01 00:12:17-04:00,AMAT,Scanner,NO TRADE MARKET CLOSED,Market closed; no live intraday trade,Scanner decision,Decision,NO_DIRECTIONAL_EDGE,False,NO_TRADE_MARKET_CLOSED,ENTER or ENTER_PAPER,NO TRADE MARKET CLOSED,False,0.0,0.0,,2026-07-31T23:55:00+00:00,505.83,507.0,505.75,507.0,511.4,NO_RECOMMENDATION,NOT_REQUESTED,NOT_REQUESTED,,NOT_CREATED,NO_LIFECYCLE_EVENT,NO_LIFECYCLE_EVENT,2026-08-01_001200,,
050283f2095f10269c6e7d4c,2026-08-01,2026-08-01 00:12:17-04:00,AMAT,Scanner,RULE FAILED,0.0 / required 83.0,Rule evaluation,Entry,Setup,False,0.0,83.0,,,,,,,,,,,,,,,,,,,2026-08-01_001200,,
6ed60bcf839ee60b114b69e4,2026-08-01,2026-08-01 00:12:17-04:00,AMAT,Scanner,RULE FAILED,0.0 / required 2.0,Rule evaluation,Risk,RR,False,0.0,2.0,,,,,,,,,,,,,,,,,,,2026-08-01_001200,,
78644a754874ab7ec2039c8d,2026-08-01,2026-08-01 00:12:17-04:00,AMAT,Scanner,RULE FAILED,0.0 / required 65.0,Rule evaluation,Option,Option Quality,False,0.0,65.0,,,,,,,,,,,,,,,,,,,2026-08-01_001200,,
233c919c50a8320c81eab3e2,2026-08-01,2026-08-01 00:12:17-04:00,AMAT,Scanner,RULE FAILED,None / required LIVE_QUOTE,Rule evaluation,Realtime,Quote Freshness,False,,LIVE_QUOTE,,,,,,,,,,,,,,,,,,,2026-08-01_001200,,
48a49e3bcb90252340a2fca7,2026-08-01,2026-08-01 00:12:17-04:00,AMAT,Scanner,RULE PASSED,True / required True,Rule evaluation,Affordability,Affordability,True,True,True,,,,,,,,,,,,,,,,,,,2026-08-01_001200,,
f253b78b3faba9d3cc2cd1c2,2026-08-01,2026-08-01 00:12:17-04:00,AMAT,Scanner,RULE FAILED,NOT_LIFECYCLE_EVENT / required ELIGIBLE,Rule evaluation,Telegram,Telegram,False,NOT_LIFECYCLE_EVENT,ELIGIBLE,,,,,,,,,,,,,,,,,,,2026-08-01_001200,,
5daa7c0e1d7cd42ff0f78d42,2026-08-01,2026-08-01 00:12:17-04:00,LRCX,Scanner,STALE STOCK DATA,Stock aggregate data is not real-time,Scanner decision,Decision,RISK_REJECTED,False,STALE_STOCK_DATA,ENTER or ENTER_PAPER,STALE STOCK DATA,False,45.0,1.59,,2026-07-31T23:55:00+00:00,292.0,292.1,292.0,292.1,489.0,NO_RECOMMENDATION,NOT_REQUESTED,NOT_REQUESTED,,NOT_CREATED,NO_LIFECYCLE_EVENT,NO_LIFECYCLE_EVENT,2026-08-01_001200,,
6cfe84cbdf984810b68074d2,2026-08-01,2026-08-01 00:12:17-04:00,LRCX,Scanner,RULE FAILED,45.0 / required 85.0,Rule evaluation,Entry,Setup,False,45.0,85.0,,,,,,,,,,,,,,,,,,,2026-08-01_001200,,
595c0a934df99191ec477a2f,2026-08-01,2026-08-01 00:12:17-04:00,LRCX,Scanner,RULE FAILED,1.59 / required 2.0,Rule evaluation,Risk,RR,False,1.59,2.0,,,,,,,,,,,,,,,,,,,2026-08-01_001200,,
c34f54c94501995175384b47,2026-08-01,2026-08-01 00:12:17-04:00,LRCX,Scanner,RULE FAILED,0.0 / required 65.0,Rule evaluation,Option,Option Quality,False,0.0,65.0,,,,,,,,,,,,,,,,,,,2026-08-01_001200,,
361811c0a503273785d67f95,2026-08-01,2026-08-01 00:12:17-04:00,LRCX,Scanner,RULE FAILED,None / required LIVE_QUOTE,Rule evaluation,Realtime,Quote Freshness,False,,LIVE_QUOTE,,,,,,,,,,,,,,,,,,,2026-08-01_001200,,
101de0af05bdb311f3ed5c18,2026-08-01,2026-08-01 00:12:17-04:00,LRCX,Scanner,RULE PASSED,True / required True,Rule evaluation,Affordability,Affordability,True,True,True,,,,,,,,,,,,,,,,,,,2026-08-01_001200,,
0982029f4fc899c67f36de88,2026-08-01,2026-08-01 00:12:17-04:00,LRCX,Scanner,RULE FAILED,NOT_LIFECYCLE_EVENT / required ELIGIBLE,Rule evaluation,Telegram,Telegram,False,NOT_LIFECYCLE_EVENT,ELIGIBLE,,,,,,,,,,,,,,,,,,,2026-08-01_001200,,
f0adcab250fd705213f8dc0a,2026-08-01,2026-08-01 00:12:18-04:00,MRVL,Scanner,STALE STOCK DATA,Stock aggregate data is not real-time,Scanner decision,Decision,NO_ENTRY_TRIGGER,False,STALE_STOCK_DATA,ENTER or ENTER_PAPER,STALE STOCK DATA,False,25.0,0.0,,2026-07-31T23:55:00+00:00,185.9,185.9,185.59,185.6,18457.38,NO_RECOMMENDATION,NOT_REQUESTED,NOT_REQUESTED,,NOT_CREATED,NO_LIFECYCLE_EVENT,NO_LIFECYCLE_EVENT,2026-08-01_001200,,
5c6da270d3d37497e1814650,2026-08-01,2026-08-01 00:12:18-04:00,MRVL,Scanner,RULE FAILED,25.0 / required 83.0,Rule evaluation,Entry,Setup,False,25.0,83.0,,,,,,,,,,,,,,,,,,,2026-08-01_001200,,
f84611d9c6e3c3a5c36bd036,2026-08-01,2026-08-01 00:12:18-04:00,MRVL,Scanner,RULE FAILED,0.0 / required 2.0,Rule evaluation,Risk,RR,False,0.0,2.0,,,,,,,,,,,,,,,,,,,2026-08-01_001200,,
80c9865ba67e9db5e16b2874,2026-08-01,2026-08-01 00:12:18-04:00,MRVL,Scanner,RULE FAILED,0.0 / required 65.0,Rule evaluation,Option,Option Quality,False,0.0,65.0,,,,,,,,,,,,,,,,,,,2026-08-01_001200,,
31c542c072e73dc9bd2146bb,2026-08-01,2026-08-01 00:12:18-04:00,MRVL,Scanner,RULE FAILED,None / required LIVE_QUOTE,Rule evaluation,Realtime,Quote Freshness,False,,LIVE_QUOTE,,,,,,,,,,,,,,,,,,,2026-08-01_001200,,
1ae01c1a3f43b015ebfd4cb1,2026-08-01,2026-08-01 00:12:18-04:00,MRVL,Scanner,RULE PASSED,True / required True,Rule evaluation,Affordability,Affordability,True,True,True,,,,,,,,,,,,,,,,,,,2026-08-01_001200,,
fad18fc3d919f9f259e99a30,2026-08-01,2026-08-01 00:12:18-04:00,MRVL,Scanner,RULE FAILED,NOT_LIFECYCLE_EVENT / required ELIGIBLE,Rule evaluation,Telegram,Telegram,False,NOT_LIFECYCLE_EVENT,ELIGIBLE,,,,,,,,,,,,,,,,,,,2026-08-01_001200,,
5c650d62274df6175aa03018,2026-08-01,2026-08-01 00:12:18-04:00,ORCL,Scanner,STALE STOCK DATA,Stock aggregate data is not real-time,Scanner decision,Decision,LOW_RR,False,STALE_STOCK_DATA,ENTER or ENTER_PAPER,STALE STOCK DATA,False,38.0,1.05,,2026-07-31T23:55:00+00:00,129.07,129.17,128.95,128.95,8666.08,NO_RECOMMENDATION,NOT_REQUESTED,NOT_REQUESTED,,NOT_CREATED,NO_LIFECYCLE_EVENT,NO_LIFECYCLE_EVENT,2026-08-01_001200,,
d0ae4da59bc5156997db13bc,2026-08-01,2026-08-01 00:12:18-04:00,ORCL,Scanner,RULE FAILED,38.0 / required 85.0,Rule evaluation,Entry,Setup,False,38.0,85.0,,,,,,,,,,,,,,,,,,,2026-08-01_001200,,
a29a901bc4fcc5cf198b813d,2026-08-01,2026-08-01 00:12:18-04:00,ORCL,Scanner,RULE FAILED,1.05 / required 2.0,Rule evaluation,Risk,RR,False,1.05,2.0,,,,,,,,,,,,,,,,,,,2026-08-01_001200,,
8763fc97132cfa6bf7d9d96b,2026-08-01,2026-08-01 00:12:18-04:00,ORCL,Scanner,RULE FAILED,0.0 / required 65.0,Rule evaluation,Option,Option Quality,False,0.0,65.0,,,,,,,,,,,,,,,,,,,2026-08-01_001200,,
d13ccbed8489ef2308e99cae,2026-08-01,2026-08-01 00:12:18-04:00,ORCL,Scanner,RULE FAILED,None / required LIVE_QUOTE,Rule evaluation,Realtime,Quote Freshness,False,,LIVE_QUOTE,,,,,,,,,,,,,,,,,,,2026-08-01_001200,,
e5e7fc70d04e90707bc95383,2026-08-01,2026-08-01 00:12:18-04:00,ORCL,Scanner,RULE PASSED,True / required True,Rule evaluation,Affordability,Affordability,True,True,True,,,,,,,,,,,,,,,,,,,2026-08-01_001200,,
20a3f06ded7003360fedcff5,2026-08-01,2026-08-01 00:12:18-04:00,ORCL,Scanner,RULE FAILED,NOT_LIFECYCLE_EVENT / required ELIGIBLE,Rule evaluation,Telegram,Telegram,False,NOT_LIFECYCLE_EVENT,ELIGIBLE,,,,,,,,,,,,,,,,,,,2026-08-01_001200,,
70a10c71a21d1a22cb9190b3,2026-08-01,2026-08-01 00:12:19-04:00,PANW,Scanner,NO TRADE MARKET CLOSED,Market closed; no live intraday trade,Scanner decision,Decision,NO_DIRECTIONAL_EDGE,False,NO_TRADE_MARKET_CLOSED,ENTER or ENTER_PAPER,NO TRADE MARKET CLOSED,False,8.0,0.0,,2026-07-31T23:10:00+00:00,329.83,329.83,329.83,329.83,100.0,NO_RECOMMENDATION,NOT_REQUESTED,NOT_REQUESTED,,NOT_CREATED,NO_LIFECYCLE_EVENT,NO_LIFECYCLE_EVENT,2026-08-01_001200,,
685cccdf6cc403ab40f4b532,2026-08-01,2026-08-01 00:12:19-04:00,PANW,Scanner,RULE FAILED,8.0 / required 85.0,Rule evaluation,Entry,Setup,False,8.0,85.0,,,,,,,,,,,,,,,,,,,2026-08-01_001200,,
17eeec6fd44a2a57b68fb547,2026-08-01,2026-08-01 00:12:19-04:00,PANW,Scanner,RULE FAILED,0.0 / required 2.0,Rule evaluation,Risk,RR,False,0.0,2.0,,,,,,,,,,,,,,,,,,,2026-08-01_001200,,
d0cbb5b4e9c09c827997713d,2026-08-01,2026-08-01 00:12:19-04:00,PANW,Scanner,RULE FAILED,0.0 / required 65.0,Rule evaluation,Option,Option Quality,False,0.0,65.0,,,,,,,,,,,,,,,,,,,2026-08-01_001200,,
3081ef2e7c553d1e6a0a9b17,2026-08-01,2026-08-01 00:12:19-04:00,PANW,Scanner,RULE FAILED,None / required LIVE_QUOTE,Rule evaluation,Realtime,Quote Freshness,False,,LIVE_QUOTE,,,,,,,,,,,,,,,,,,,2026-08-01_001200,,
9f0d218850404474f494763f,2026-08-01,2026-08-01 00:12:19-04:00,PANW,Scanner,RULE PASSED,True / required True,Rule evaluation,Affordability,Affordability,True,True,True,,,,,,,,,,,,,,,,,,,2026-08-01_001200,,
beb5ee58c9c4119287522bdf,2026-08-01,2026-08-01 00:12:19-04:00,PANW,Scanner,RULE FAILED,NOT_LIFECYCLE_EVENT / required ELIGIBLE,Rule evaluation,Telegram,Telegram,False,NOT_LIFECYCLE_EVENT,ELIGIBLE,,,,,,,,,,,,,,,,,,,2026-08-01_001200,,
91237fd739d4e8f33b81f86b,2026-08-01,2026-08-01 00:12:19-04:00,SOXL,Scanner,STALE STOCK DATA,Stock aggregate data is not real-time,Scanner decision,Decision,RISK_REJECTED,False,STALE_STOCK_DATA,ENTER or ENTER_PAPER,STALE STOCK DATA,False,38.0,1.74,,2026-07-31T23:55:00+00:00,113.0,113.15,112.66,112.66,79551.13,NO_RECOMMENDATION,NOT_REQUESTED,NOT_REQUESTED,,NOT_CREATED,NO_LIFECYCLE_EVENT,NO_LIFECYCLE_EVENT,2026-08-01_001200,,
76c6cddde1216528e77923af,2026-08-01,2026-08-01 00:12:19-04:00,SOXL,Scanner,RULE FAILED,38.0 / required 83.0,Rule evaluation,Entry,Setup,False,38.0,83.0,,,,,,,,,,,,,,,,,,,2026-08-01_001200,,
bffbba6742781c7cec1df5ef,2026-08-01,2026-08-01 00:12:19-04:00,SOXL,Scanner,RULE FAILED,1.74 / required 2.0,Rule evaluation,Risk,RR,False,1.74,2.0,,,,,,,,,,,,,,,,,,,2026-08-01_001200,,
2746f7b6a0b08a38f62f8942,2026-08-01,2026-08-01 00:12:19-04:00,SOXL,Scanner,RULE FAILED,0.0 / required 65.0,Rule evaluation,Option,Option Quality,False,0.0,65.0,,,,,,,,,,,,,,,,,,,2026-08-01_001200,,
0991cb322dec017eb3c27b1f,2026-08-01,2026-08-01 00:12:19-04:00,SOXL,Scanner,RULE FAILED,None / required LIVE_QUOTE,Rule evaluation,Realtime,Quote Freshness,False,,LIVE_QUOTE,,,,,,,,,,,,,,,,,,,2026-08-01_001200,,
5a2c0dfbc86145d1ca4dd9fa,2026-08-01,2026-08-01 00:12:19-04:00,SOXL,Scanner,RULE PASSED,True / required True,Rule evaluation,Affordability,Affordability,True,True,True,,,,,,,,,,,,,,,,,,,2026-08-01_001200,,
3afbf957e2dac0c3b12352e5,2026-08-01,2026-08-01 00:12:19-04:00,SOXL,Scanner,RULE FAILED,NOT_LIFECYCLE_EVENT / required ELIGIBLE,Rule evaluation,Telegram,Telegram,False,NOT_LIFECYCLE_EVENT,ELIGIBLE,,,,,,,,,,,,,,,,,,,2026-08-01_001200,,
89293a71ef8b490e233884d7,2026-08-01,2026-08-01 00:17:52-04:00,QQQ,Scanner,STALE STOCK DATA,Stock aggregate data is not real-time,Scanner decision,Decision,LOW_RR,False,STALE_STOCK_DATA,ENTER or ENTER_PAPER,STALE STOCK DATA,False,59.0,0.53,,2026-07-31T23:55:00+00:00,685.0,685.01,684.34,684.47,7736.3,NO_RECOMMENDATION,NOT_REQUESTED,NOT_REQUESTED,,NOT_CREATED,NO_LIFECYCLE_EVENT,NO_LIFECYCLE_EVENT,2026-08-01_001740,,
1aa227e249598f2a6c193b01,2026-08-01,2026-08-01 00:17:52-04:00,QQQ,Scanner,RULE FAILED,59.0 / required 83.0,Rule evaluation,Entry,Setup,False,59.0,83.0,,,,,,,,,,,,,,,,,,,2026-08-01_001740,,
f10847392937965eb7c199fe,2026-08-01,2026-08-01 00:17:52-04:00,QQQ,Scanner,RULE FAILED,0.53 / required 2.0,Rule evaluation,Risk,RR,False,0.53,2.0,,,,,,,,,,,,,,,,,,,2026-08-01_001740,,
fb3a793ab512b88fb4c23149,2026-08-01,2026-08-01 00:17:52-04:00,QQQ,Scanner,RULE FAILED,0.0 / required 65.0,Rule evaluation,Option,Option Quality,False,0.0,65.0,,,,,,,,,,,,,,,,,,,2026-08-01_001740,,
8556d8f4e75ddc01d3b4636e,2026-08-01,2026-08-01 00:17:52-04:00,QQQ,Scanner,RULE FAILED,None / required LIVE_QUOTE,Rule evaluation,Realtime,Quote Freshness,False,,LIVE_QUOTE,,,,,,,,,,,,,,,,,,,2026-08-01_001740,,
62dfcbd0e40da83b4e2cefa4,2026-08-01,2026-08-01 00:17:52-04:00,QQQ,Scanner,RULE PASSED,True / required True,Rule evaluation,Affordability,Affordability,True,True,True,,,,,,,,,,,,,,,,,,,2026-08-01_001740,,
5fa862e62636c680f8c4c6bc,2026-08-01,2026-08-01 00:17:52-04:00,QQQ,Scanner,RULE FAILED,NOT_LIFECYCLE_EVENT / required ELIGIBLE,Rule evaluation,Telegram,Telegram,False,NOT_LIFECYCLE_EVENT,ELIGIBLE,,,,,,,,,,,,,,,,,,,2026-08-01_001740,,
59f0da2cc0f186b31d9e285c,2026-08-01,2026-08-01 00:17:53-04:00,SPY,Scanner,STALE STOCK DATA,Stock aggregate data is not real-time,Scanner decision,Decision,LOW_RR,False,STALE_STOCK_DATA,ENTER or ENTER_PAPER,STALE STOCK DATA,False,59.0,0.34,,2026-07-31T23:55:00+00:00,744.48,744.6,744.2,744.2,10114.04,NO_RECOMMENDATION,NOT_REQUESTED,NOT_REQUESTED,,NOT_CREATED,NO_LIFECYCLE_EVENT,NO_LIFECYCLE_EVENT,2026-08-01_001740,,
9d6d02afc8992108a553011b,2026-08-01,2026-08-01 00:17:53-04:00,SPY,Scanner,RULE FAILED,59.0 / required 83.0,Rule evaluation,Entry,Setup,False,59.0,83.0,,,,,,,,,,,,,,,,,,,2026-08-01_001740,,
30750ac3eb9ce030bc9e47c3,2026-08-01,2026-08-01 00:17:53-04:00,SPY,Scanner,RULE FAILED,0.34 / required 2.0,Rule evaluation,Risk,RR,False,0.34,2.0,,,,,,,,,,,,,,,,,,,2026-08-01_001740,,
9e3a4072952e88ee46078dac,2026-08-01,2026-08-01 00:17:53-04:00,SPY,Scanner,RULE FAILED,0.0 / required 65.0,Rule evaluation,Option,Option Quality,False,0.0,65.0,,,,,,,,,,,,,,,,,,,2026-08-01_001740,,
96bf1d951545dab74c74c27b,2026-08-01,2026-08-01 00:17:53-04:00,SPY,Scanner,RULE FAILED,None / required LIVE_QUOTE,Rule evaluation,Realtime,Quote Freshness,False,,LIVE_QUOTE,,,,,,,,,,,,,,,,,,,2026-08-01_001740,,
0c5c9909f41b4c7ae8c8d8d1,2026-08-01,2026-08-01 00:17:53-04:00,SPY,Scanner,RULE PASSED,True / required True,Rule evaluation,Affordability,Affordability,True,True,True,,,,,,,,,,,,,,,,,,,2026-08-01_001740,,
a36af76b7d7c6983f070dad7,2026-08-01,2026-08-01 00:17:53-04:00,SPY,Scanner,RULE FAILED,NOT_LIFECYCLE_EVENT / required ELIGIBLE,Rule evaluation,Telegram,Telegram,False,NOT_LIFECYCLE_EVENT,ELIGIBLE,,,,,,,,,,,,,,,,,,,2026-08-01_001740,,
541f8e1709ca7ed899c43bb6,2026-08-01,2026-08-01 00:17:54-04:00,NVDA,Scanner,NO TRADE MARKET CLOSED,Market closed; no live intraday trade,Scanner decision,Decision,NO_DIRECTIONAL_EDGE,False,NO_TRADE_MARKET_CLOSED,ENTER or ENTER_PAPER,NO TRADE MARKET CLOSED,False,8.0,0.0,,2026-07-31T23:55:00+00:00,199.02,199.05,198.95,198.98,41709.8,NO_RECOMMENDATION,NOT_REQUESTED,NOT_REQUESTED,,NOT_CREATED,NO_LIFECYCLE_EVENT,NO_LIFECYCLE_EVENT,2026-08-01_001740,,
0e2bbe05e7a8fa8db64f4b7f,2026-08-01,2026-08-01 00:17:54-04:00,NVDA,Scanner,RULE FAILED,8.0 / required 85.0,Rule evaluation,Entry,Setup,False,8.0,85.0,,,,,,,,,,,,,,,,,,,2026-08-01_001740,,
08e26814243818a4276a9e5a,2026-08-01,2026-08-01 00:17:54-04:00,NVDA,Scanner,RULE FAILED,0.0 / required 2.0,Rule evaluation,Risk,RR,False,0.0,2.0,,,,,,,,,,,,,,,,,,,2026-08-01_001740,,
3c76db74c7faa212e68cd246,2026-08-01,2026-08-01 00:17:54-04:00,NVDA,Scanner,RULE FAILED,0.0 / required 65.0,Rule evaluation,Option,Option Quality,False,0.0,65.0,,,,,,,,,,,,,,,,,,,2026-08-01_001740,,
f387138982e9a6030677fa55,2026-08-01,2026-08-01 00:17:54-04:00,NVDA,Scanner,RULE FAILED,None / required LIVE_QUOTE,Rule evaluation,Realtime,Quote Freshness,False,,LIVE_QUOTE,,,,,,,,,,,,,,,,,,,2026-08-01_001740,,
93ac25fe887e5c0bb2b23126,2026-08-01,2026-08-01 00:17:54-04:00,NVDA,Scanner,RULE PASSED,True / required True,Rule evaluation,Affordability,Affordability,True,True,True,,,,,,,,,,,,,,,,,,,2026-08-01_001740,,
ec62843b097704d689ee2aee,2026-08-01,2026-08-01 00:17:54-04:00,NVDA,Scanner,RULE FAILED,NOT_LIFECYCLE_EVENT / required ELIGIBLE,Rule evaluation,Telegram,Telegram,False,NOT_LIFECYCLE_EVENT,ELIGIBLE,,,,,,,,,,,,,,,,,,,2026-08-01_001740,,
729c26349566b5aee4e81f25,2026-08-01,2026-08-01 00:17:54-04:00,AAPL,Scanner,NO TRADE MARKET CLOSED,Market closed; no live intraday trade,Scanner decision,Decision,NO_DIRECTIONAL_EDGE,False,NO_TRADE_MARKET_CLOSED,ENTER or ENTER_PAPER,NO TRADE MARKET CLOSED,False,5.0,0.0,,2026-07-31T23:55:00+00:00,307.48,307.49,307.18,307.36,15793.67,NO_RECOMMENDATION,NOT_REQUESTED,NOT_REQUESTED,,NOT_CREATED,NO_LIFECYCLE_EVENT,NO_LIFECYCLE_EVENT,2026-08-01_001740,,
d33189b903a5df6f3b1c548b,2026-08-01,2026-08-01 00:17:54-04:00,AAPL,Scanner,RULE FAILED,5.0 / required 85.0,Rule evaluation,Entry,Setup,False,5.0,85.0,,,,,,,,,,,,,,,,,,,2026-08-01_001740,,
7d6d1df232cdc57c02418d5f,2026-08-01,2026-08-01 00:17:54-04:00,AAPL,Scanner,RULE FAILED,0.0 / required 2.0,Rule evaluation,Risk,RR,False,0.0,2.0,,,,,,,,,,,,,,,,,,,2026-08-01_001740,,
bc070e31e19e134e3d32d518,2026-08-01,2026-08-01 00:17:54-04:00,AAPL,Scanner,RULE FAILED,0.0 / required 65.0,Rule evaluation,Option,Option Quality,False,0.0,65.0,,,,,,,,,,,,,,,,,,,2026-08-01_001740,,
43e599129cd9666806a90a53,2026-08-01,2026-08-01 00:17:54-04:00,AAPL,Scanner,RULE FAILED,None / required LIVE_QUOTE,Rule evaluation,Realtime,Quote Freshness,False,,LIVE_QUOTE,,,,,,,,,,,,,,,,,,,2026-08-01_001740,,
bf1ea8c7fff31a75df471883,2026-08-01,2026-08-01 00:17:54-04:00,AAPL,Scanner,RULE PASSED,True / required True,Rule evaluation,Affordability,Affordability,True,True,True,,,,,,,,,,,,,,,,,,,2026-08-01_001740,,
4ce60755febca523cdfe0e69,2026-08-01,2026-08-01 00:17:54-04:00,AAPL,Scanner,RULE FAILED,NOT_LIFECYCLE_EVENT / required ELIGIBLE,Rule evaluation,Telegram,Telegram,False,NOT_LIFECYCLE_EVENT,ELIGIBLE,,,,,,,,,,,,,,,,,,,2026-08-01_001740,,
19197e3c0509017c6df30b81,2026-08-01,2026-08-01 00:17:55-04:00,MSFT,Scanner,STALE STOCK DATA,Stock aggregate data is not real-time,Scanner decision,Decision,LOW_RR,False,STALE_STOCK_DATA,ENTER or ENTER_PAPER,STALE STOCK DATA,False,58.0,0.74,,2026-07-31T23:55:00+00:00,461.74,462.0,461.74,461.81,6190.65,NO_RECOMMENDATION,NOT_REQUESTED,NOT_REQUESTED,,NOT_CREATED,NO_LIFECYCLE_EVENT,NO_LIFECYCLE_EVENT,2026-08-01_001740,,
098b4e618b24f9a5d0f404b3,2026-08-01,2026-08-01 00:17:55-04:00,MSFT,Scanner,RULE FAILED,58.0 / required 85.0,Rule evaluation,Entry,Setup,False,58.0,85.0,,,,,,,,,,,,,,,,,,,2026-08-01_001740,,
7d81a324f6514fb9d08d9b59,2026-08-01,2026-08-01 00:17:55-04:00,MSFT,Scanner,RULE FAILED,0.74 / required 2.0,Rule evaluation,Risk,RR,False,0.74,2.0,,,,,,,,,,,,,,,,,,,2026-08-01_001740,,
646496c92b2d57cde64c48a5,2026-08-01,2026-08-01 00:17:55-04:00,MSFT,Scanner,RULE FAILED,0.0 / required 65.0,Rule evaluation,Option,Option Quality,False,0.0,65.0,,,,,,,,,,,,,,,,,,,2026-08-01_001740,,
5bb9cf3fb32a9da777b5149b,2026-08-01,2026-08-01 00:17:55-04:00,MSFT,Scanner,RULE FAILED,None / required LIVE_QUOTE,Rule evaluation,Realtime,Quote Freshness,False,,LIVE_QUOTE,,,,,,,,,,,,,,,,,,,2026-08-01_001740,,
2f5c5e4ebbdee64361d4067d,2026-08-01,2026-08-01 00:17:55-04:00,MSFT,Scanner,RULE PASSED,True / required True,Rule evaluation,Affordability,Affordability,True,True,True,,,,,,,,,,,,,,,,,,,2026-08-01_001740,,
9c5c2ce7a9ff052e42a5f30b,2026-08-01,2026-08-01 00:17:55-04:00,MSFT,Scanner,RULE FAILED,NOT_LIFECYCLE_EVENT / required ELIGIBLE,Rule evaluation,Telegram,Telegram,False,NOT_LIFECYCLE_EVENT,ELIGIBLE,,,,,,,,,,,,,,,,,,,2026-08-01_001740,,
ecdf6ddeae4f08f7fa715a72,2026-08-01,2026-08-01 00:17:56-04:00,AMZN,Scanner,STALE STOCK DATA,Stock aggregate data is not real-time,Scanner decision,Decision,NO_ENTRY_TRIGGER,False,STALE_STOCK_DATA,ENTER or ENTER_PAPER,STALE STOCK DATA,False,14.0,0.0,,2026-07-31T23:55:00+00:00,270.1,270.35,270.1,270.32,12531.15,NO_RECOMMENDATION,NOT_REQUESTED,NOT_REQUESTED,,NOT_CREATED,NO_LIFECYCLE_EVENT,NO_LIFECYCLE_EVENT,2026-08-01_001740,,
2d8dfd48928c8e9a09f9bb9f,2026-08-01,2026-08-01 00:17:56-04:00,AMZN,Scanner,RULE FAILED,14.0 / required 85.0,Rule evaluation,Entry,Setup,False,14.0,85.0,,,,,,,,,,,,,,,,,,,2026-08-01_001740,,
b274f89e48f414e0bfeaa088,2026-08-01,2026-08-01 00:17:56-04:00,AMZN,Scanner,RULE FAILED,0.0 / required 2.0,Rule evaluation,Risk,RR,False,0.0,2.0,,,,,,,,,,,,,,,,,,,2026-08-01_001740,,
9c9b4674ec726b1bdde12868,2026-08-01,2026-08-01 00:17:56-04:00,AMZN,Scanner,RULE FAILED,0.0 / required 65.0,Rule evaluation,Option,Option Quality,False,0.0,65.0,,,,,,,,,,,,,,,,,,,2026-08-01_001740,,
b310e5736857d2096023cf78,2026-08-01,2026-08-01 00:17:56-04:00,AMZN,Scanner,RULE FAILED,None / required LIVE_QUOTE,Rule evaluation,Realtime,Quote Freshness,False,,LIVE_QUOTE,,,,,,,,,,,,,,,,,,,2026-08-01_001740,,
61103348c73b7ca145c4e2e6,2026-08-01,2026-08-01 00:17:56-04:00,AMZN,Scanner,RULE PASSED,True / required True,Rule evaluation,Affordability,Affordability,True,True,True,,,,,,,,,,,,,,,,,,,2026-08-01_001740,,
efd50a84e1b0139a35020f2d,2026-08-01,2026-08-01 00:17:56-04:00,AMZN,Scanner,RULE FAILED,NOT_LIFECYCLE_EVENT / required ELIGIBLE,Rule evaluation,Telegram,Telegram,False,NOT_LIFECYCLE_EVENT,ELIGIBLE,,,,,,,,,,,,,,,,,,,2026-08-01_001740,,
d1398a621cbf2781316d02dd,2026-08-01,2026-08-01 00:17:56-04:00,META,Scanner,NO TRADE MARKET CLOSED,Market closed; no live intraday trade,Scanner decision,Decision,NO_DIRECTIONAL_EDGE,False,NO_TRADE_MARKET_CLOSED,ENTER or ENTER_PAPER,NO TRADE MARKET CLOSED,False,0.0,0.0,,2026-07-31T23:55:00+00:00,553.91,553.98,553.1,553.22,5365.44,NO_RECOMMENDATION,NOT_REQUESTED,NOT_REQUESTED,,NOT_CREATED,NO_LIFECYCLE_EVENT,NO_LIFECYCLE_EVENT,2026-08-01_001740,,
35c08a4241a9f4a3026ca626,2026-08-01,2026-08-01 00:17:56-04:00,META,Scanner,RULE FAILED,0.0 / required 85.0,Rule evaluation,Entry,Setup,False,0.0,85.0,,,,,,,,,,,,,,,,,,,2026-08-01_001740,,
f7e70ae1268ae867871506c1,2026-08-01,2026-08-01 00:17:56-04:00,META,Scanner,RULE FAILED,0.0 / required 2.0,Rule evaluation,Risk,RR,False,0.0,2.0,,,,,,,,,,,,,,,,,,,2026-08-01_001740,,
d754789cf1610368a0e74e26,2026-08-01,2026-08-01 00:17:56-04:00,META,Scanner,RULE FAILED,0.0 / required 65.0,Rule evaluation,Option,Option Quality,False,0.0,65.0,,,,,,,,,,,,,,,,,,,2026-08-01_001740,,
a93f3a9f34de26541498994d,2026-08-01,2026-08-01 00:17:56-04:00,META,Scanner,RULE FAILED,None / required LIVE_QUOTE,Rule evaluation,Realtime,Quote Freshness,False,,LIVE_QUOTE,,,,,,,,,,,,,,,,,,,2026-08-01_001740,,
94abc096d2d588a6f7520201,2026-08-01,2026-08-01 00:17:56-04:00,META,Scanner,RULE PASSED,True / required True,Rule evaluation,Affordability,Affordability,True,True,True,,,,,,,,,,,,,,,,,,,2026-08-01_001740,,
9cf54ce375dce6ec100372f4,2026-08-01,2026-08-01 00:17:56-04:00,META,Scanner,RULE FAILED,NOT_LIFECYCLE_EVENT / required ELIGIBLE,Rule evaluation,Telegram,Telegram,False,NOT_LIFECYCLE_EVENT,ELIGIBLE,,,,,,,,,,,,,,,,,,,2026-08-01_001740,,
dfd9ab608f91df558c3b4e36,2026-08-01,2026-08-01 00:17:59-04:00,TSLA,Scanner,NO TRADE MARKET CLOSED,Market closed; no live intraday trade,Scanner decision,Decision,NO_DIRECTIONAL_EDGE,False,NO_TRADE_MARKET_CLOSED,ENTER or ENTER_PAPER,NO TRADE MARKET CLOSED,False,6.0,0.0,,2026-07-31T23:55:00+00:00,309.62,309.75,309.22,309.31,16186.69,NO_RECOMMENDATION,NOT_REQUESTED,NOT_REQUESTED,,NOT_CREATED,NO_LIFECYCLE_EVENT,NO_LIFECYCLE_EVENT,2026-08-01_001740,,
4a437dc19017af3a79fbe603,2026-08-01,2026-08-01 00:17:59-04:00,TSLA,Scanner,RULE FAILED,6.0 / required 85.0,Rule evaluation,Entry,Setup,False,6.0,85.0,,,,,,,,,,,,,,,,,,,2026-08-01_001740,,
7f8e3ab6944e850856b7c009,2026-08-01,2026-08-01 00:17:59-04:00,TSLA,Scanner,RULE FAILED,0.0 / required 2.0,Rule evaluation,Risk,RR,False,0.0,2.0,,,,,,,,,,,,,,,,,,,2026-08-01_001740,,
3fb04fd5ae6fd15328093a6c,2026-08-01,2026-08-01 00:17:59-04:00,TSLA,Scanner,RULE FAILED,0.0 / required 65.0,Rule evaluation,Option,Option Quality,False,0.0,65.0,,,,,,,,,,,,,,,,,,,2026-08-01_001740,,
943a69dd4c85c1b342eb356c,2026-08-01,2026-08-01 00:17:59-04:00,TSLA,Scanner,RULE FAILED,None / required LIVE_QUOTE,Rule evaluation,Realtime,Quote Freshness,False,,LIVE_QUOTE,,,,,,,,,,,,,,,,,,,2026-08-01_001740,,
cc5e89f30df2c6f88c4481c9,2026-08-01,2026-08-01 00:17:59-04:00,TSLA,Scanner,RULE PASSED,True / required True,Rule evaluation,Affordability,Affordability,True,True,True,,,,,,,,,,,,,,,,,,,2026-08-01_001740,,
4ae5892da415938ed3fde73d,2026-08-01,2026-08-01 00:17:59-04:00,TSLA,Scanner,RULE FAILED,NOT_LIFECYCLE_EVENT / required ELIGIBLE,Rule evaluation,Telegram,Telegram,False,NOT_LIFECYCLE_EVENT,ELIGIBLE,,,,,,,,,,,,,,,,,,,2026-08-01_001740,,
e93c89fc717ecc4d536d6e94,2026-08-01,2026-08-01 00:18:00-04:00,AMD,Scanner,STALE STOCK DATA,Stock aggregate data is not real-time,Scanner decision,Decision,NO_ENTRY_TRIGGER,False,STALE_STOCK_DATA,ENTER or ENTER_PAPER,STALE STOCK DATA,False,38.0,0.0,,2026-07-31T23:55:00+00:00,474.1,474.16,472.12,472.12,15105.15,NO_RECOMMENDATION,NOT_REQUESTED,NOT_REQUESTED,,NOT_CREATED,NO_LIFECYCLE_EVENT,NO_LIFECYCLE_EVENT,2026-08-01_001740,,
e74145fcc7181d0edb3f7f0f,2026-08-01,2026-08-01 00:18:00-04:00,AMD,Scanner,RULE FAILED,38.0 / required 83.0,Rule evaluation,Entry,Setup,False,38.0,83.0,,,,,,,,,,,,,,,,,,,2026-08-01_001740,,
83828c6593ebbbe7a65979b2,2026-08-01,2026-08-01 00:18:00-04:00,AMD,Scanner,RULE FAILED,0.0 / required 2.0,Rule evaluation,Risk,RR,False,0.0,2.0,,,,,,,,,,,,,,,,,,,2026-08-01_001740,,
a15313b1558f163b55da4816,2026-08-01,2026-08-01 00:18:00-04:00,AMD,Scanner,RULE FAILED,0.0 / required 65.0,Rule evaluation,Option,Option Quality,False,0.0,65.0,,,,,,,,,,,,,,,,,,,2026-08-01_001740,,
fea57c96fed71139f1478404,2026-08-01,2026-08-01 00:18:00-04:00,AMD,Scanner,RULE FAILED,None / required LIVE_QUOTE,Rule evaluation,Realtime,Quote Freshness,False,,LIVE_QUOTE,,,,,,,,,,,,,,,,,,,2026-08-01_001740,,
cc40f1a65732405bcfdce969,2026-08-01,2026-08-01 00:18:00-04:00,AMD,Scanner,RULE PASSED,True / required True,Rule evaluation,Affordability,Affordability,True,True,True,,,,,,,,,,,,,,,,,,,2026-08-01_001740,,
640dc077a826ce62a1b25d46,2026-08-01,2026-08-01 00:18:00-04:00,AMD,Scanner,RULE FAILED,NOT_LIFECYCLE_EVENT / required ELIGIBLE,Rule evaluation,Telegram,Telegram,False,NOT_LIFECYCLE_EVENT,ELIGIBLE,,,,,,,,,,,,,,,,,,,2026-08-01_001740,,
7e5ec202a64111aeac239b11,2026-08-01,2026-08-01 00:18:01-04:00,AVGO,Scanner,NO TRADE MARKET CLOSED,Market closed; no live intraday trade,Scanner decision,Decision,NO_DIRECTIONAL_EDGE,False,NO_TRADE_MARKET_CLOSED,ENTER or ENTER_PAPER,NO TRADE MARKET CLOSED,False,6.0,0.0,,2026-07-31T23:55:00+00:00,387.33,387.45,387.05,387.45,1201.0,NO_RECOMMENDATION,NOT_REQUESTED,NOT_REQUESTED,,NOT_CREATED,NO_LIFECYCLE_EVENT,NO_LIFECYCLE_EVENT,2026-08-01_001740,,
52c4af20de970ee7682b079f,2026-08-01,2026-08-01 00:18:01-04:00,AVGO,Scanner,RULE FAILED,6.0 / required 85.0,Rule evaluation,Entry,Setup,False,6.0,85.0,,,,,,,,,,,,,,,,,,,2026-08-01_001740,,
275c64cd33e04824bd83220c,2026-08-01,2026-08-01 00:18:01-04:00,AVGO,Scanner,RULE FAILED,0.0 / required 2.0,Rule evaluation,Risk,RR,False,0.0,2.0,,,,,,,,,,,,,,,,,,,2026-08-01_001740,,
38e09d30813abc1b165d2b1e,2026-08-01,2026-08-01 00:18:01-04:00,AVGO,Scanner,RULE FAILED,0.0 / required 65.0,Rule evaluation,Option,Option Quality,False,0.0,65.0,,,,,,,,,,,,,,,,,,,2026-08-01_001740,,
e006771c9fe923140c601853,2026-08-01,2026-08-01 00:18:01-04:00,AVGO,Scanner,RULE FAILED,None / required LIVE_QUOTE,Rule evaluation,Realtime,Quote Freshness,False,,LIVE_QUOTE,,,,,,,,,,,,,,,,,,,2026-08-01_001740,,
cdfc1df35ca8b21b2fee041e,2026-08-01,2026-08-01 00:18:01-04:00,AVGO,Scanner,RULE PASSED,True / required True,Rule evaluation,Affordability,Affordability,True,True,True,,,,,,,,,,,,,,,,,,,2026-08-01_001740,,
e3f48b1c7e7de55a04f2153f,2026-08-01,2026-08-01 00:18:01-04:00,AVGO,Scanner,RULE FAILED,NOT_LIFECYCLE_EVENT / required ELIGIBLE,Rule evaluation,Telegram,Telegram,False,NOT_LIFECYCLE_EVENT,ELIGIBLE,,,,,,,,,,,,,,,,,,,2026-08-01_001740,,
b3c12b1f920a065f2682f4bd,2026-08-01,2026-08-01 00:18:01-04:00,MU,Scanner,STALE STOCK DATA,Stock aggregate data is not real-time,Scanner decision,Decision,NO_ENTRY_TRIGGER,False,STALE_STOCK_DATA,ENTER or ENTER_PAPER,STALE STOCK DATA,False,53.0,0.0,,2026-07-31T23:55:00+00:00,812.5,812.99,812.0,812.47,40814.39,NO_RECOMMENDATION,NOT_REQUESTED,NOT_REQUESTED,,NOT_CREATED,NO_LIFECYCLE_EVENT,NO_LIFECYCLE_EVENT,2026-08-01_001740,,
8912922bb9d6348a65b3c3c0,2026-08-01,2026-08-01 00:18:01-04:00,MU,Scanner,RULE FAILED,53.0 / required 83.0,Rule evaluation,Entry,Setup,False,53.0,83.0,,,,,,,,,,,,,,,,,,,2026-08-01_001740,,
60d309b815c09a1054f17825,2026-08-01,2026-08-01 00:18:01-04:00,MU,Scanner,RULE FAILED,0.0 / required 2.0,Rule evaluation,Risk,RR,False,0.0,2.0,,,,,,,,,,,,,,,,,,,2026-08-01_001740,,
d868411bf38d23004b1dc661,2026-08-01,2026-08-01 00:18:01-04:00,MU,Scanner,RULE FAILED,0.0 / required 65.0,Rule evaluation,Option,Option Quality,False,0.0,65.0,,,,,,,,,,,,,,,,,,,2026-08-01_001740,,
8bc63d62037e4ff241c288c2,2026-08-01,2026-08-01 00:18:01-04:00,MU,Scanner,RULE FAILED,None / required LIVE_QUOTE,Rule evaluation,Realtime,Quote Freshness,False,,LIVE_QUOTE,,,,,,,,,,,,,,,,,,,2026-08-01_001740,,
3b718227d79b761a48a9fd6f,2026-08-01,2026-08-01 00:18:01-04:00,MU,Scanner,RULE PASSED,True / required True,Rule evaluation,Affordability,Affordability,True,True,True,,,,,,,,,,,,,,,,,,,2026-08-01_001740,,
41a8dc13cf9b46c9a7a704f1,2026-08-01,2026-08-01 00:18:01-04:00,MU,Scanner,RULE FAILED,NOT_LIFECYCLE_EVENT / required ELIGIBLE,Rule evaluation,Telegram,Telegram,False,NOT_LIFECYCLE_EVENT,ELIGIBLE,,,,,,,,,,,,,,,,,,,2026-08-01_001740,,
ca6b1797c9046ffe4795682c,2026-08-01,2026-08-01 00:18:02-04:00,PLTR,Scanner,STALE STOCK DATA,Stock aggregate data is not real-time,Scanner decision,Decision,LOW_RR,False,STALE_STOCK_DATA,ENTER or ENTER_PAPER,STALE STOCK DATA,False,55.0,0.74,,2026-07-31T23:55:00+00:00,122.72,122.78,122.67,122.78,15707.13,NO_RECOMMENDATION,NOT_REQUESTED,NOT_REQUESTED,,NOT_CREATED,NO_LIFECYCLE_EVENT,NO_LIFECYCLE_EVENT,2026-08-01_001740,,
84355234948e64e1605b239e,2026-08-01,2026-08-01 00:18:02-04:00,PLTR,Scanner,RULE FAILED,55.0 / required 85.0,Rule evaluation,Entry,Setup,False,55.0,85.0,,,,,,,,,,,,,,,,,,,2026-08-01_001740,,
4f1656b82664c81f5f14b554,2026-08-01,2026-08-01 00:18:02-04:00,PLTR,Scanner,RULE FAILED,0.74 / required 2.0,Rule evaluation,Risk,RR,False,0.74,2.0,,,,,,,,,,,,,,,,,,,2026-08-01_001740,,
de953ba19bd733074b69851c,2026-08-01,2026-08-01 00:18:02-04:00,PLTR,Scanner,RULE FAILED,0.0 / required 65.0,Rule evaluation,Option,Option Quality,False,0.0,65.0,,,,,,,,,,,,,,,,,,,2026-08-01_001740,,
cb85d10550612d5739fa117a,2026-08-01,2026-08-01 00:18:02-04:00,PLTR,Scanner,RULE FAILED,None / required LIVE_QUOTE,Rule evaluation,Realtime,Quote Freshness,False,,LIVE_QUOTE,,,,,,,,,,,,,,,,,,,2026-08-01_001740,,
567fc153f0976feec9d60e6d,2026-08-01,2026-08-01 00:18:02-04:00,PLTR,Scanner,RULE PASSED,True / required True,Rule evaluation,Affordability,Affordability,True,True,True,,,,,,,,,,,,,,,,,,,2026-08-01_001740,,
41300d1bae385f3c65aee29a,2026-08-01,2026-08-01 00:18:02-04:00,PLTR,Scanner,RULE FAILED,NOT_LIFECYCLE_EVENT / required ELIGIBLE,Rule evaluation,Telegram,Telegram,False,NOT_LIFECYCLE_EVENT,ELIGIBLE,,,,,,,,,,,,,,,,,,,2026-08-01_001740,,
493f73bc58c3be2b9139dde1,2026-08-01,2026-08-01 00:18:03-04:00,NFLX,Scanner,STALE STOCK DATA,Stock aggregate data is not real-time,Scanner decision,Decision,LOW_RR,False,STALE_STOCK_DATA,ENTER or ENTER_PAPER,STALE STOCK DATA,False,41.0,0.6,,2026-07-31T23:55:00+00:00,71.7,71.76,71.7,71.76,2614.0,NO_RECOMMENDATION,NOT_REQUESTED,NOT_REQUESTED,,NOT_CREATED,NO_LIFECYCLE_EVENT,NO_LIFECYCLE_EVENT,2026-08-01_001740,,
63315513d3a39d52fd2c75fd,2026-08-01,2026-08-01 00:18:03-04:00,NFLX,Scanner,RULE FAILED,41.0 / required 83.0,Rule evaluation,Entry,Setup,False,41.0,83.0,,,,,,,,,,,,,,,,,,,2026-08-01_001740,,
c2afb862ef0c5d1a680f1b5e,2026-08-01,2026-08-01 00:18:03-04:00,NFLX,Scanner,RULE FAILED,0.6 / required 2.0,Rule evaluation,Risk,RR,False,0.6,2.0,,,,,,,,,,,,,,,,,,,2026-08-01_001740,,
b72fbe149412f7988312ad25,2026-08-01,2026-08-01 00:18:03-04:00,NFLX,Scanner,RULE FAILED,0.0 / required 65.0,Rule evaluation,Option,Option Quality,False,0.0,65.0,,,,,,,,,,,,,,,,,,,2026-08-01_001740,,
209d2a3ce7d5bb6f00be64f5,2026-08-01,2026-08-01 00:18:03-04:00,NFLX,Scanner,RULE FAILED,None / required LIVE_QUOTE,Rule evaluation,Realtime,Quote Freshness,False,,LIVE_QUOTE,,,,,,,,,,,,,,,,,,,2026-08-01_001740,,
bc35b455196aa5aaca1be4d1,2026-08-01,2026-08-01 00:18:03-04:00,NFLX,Scanner,RULE PASSED,True / required True,Rule evaluation,Affordability,Affordability,True,True,True,,,,,,,,,,,,,,,,,,,2026-08-01_001740,,
fe85dcff5ce96bdc13e5308d,2026-08-01,2026-08-01 00:18:03-04:00,NFLX,Scanner,RULE FAILED,NOT_LIFECYCLE_EVENT / required ELIGIBLE,Rule evaluation,Telegram,Telegram,False,NOT_LIFECYCLE_EVENT,ELIGIBLE,,,,,,,,,,,,,,,,,,,2026-08-01_001740,,
85ca5e62be4d486b7ec07b90,2026-08-01,2026-08-01 00:18:03-04:00,CRWD,Scanner,STALE STOCK DATA,Stock aggregate data is not real-time,Scanner decision,Decision,LOW_RR,False,STALE_STOCK_DATA,ENTER or ENTER_PAPER,STALE STOCK DATA,False,59.0,0.88,,2026-07-31T23:55:00+00:00,190.29,190.5,190.29,190.5,415.0,NO_RECOMMENDATION,NOT_REQUESTED,NOT_REQUESTED,,NOT_CREATED,NO_LIFECYCLE_EVENT,NO_LIFECYCLE_EVENT,2026-08-01_001740,,
90a59f425100bba1158d2dde,2026-08-01,2026-08-01 00:18:03-04:00,CRWD,Scanner,RULE FAILED,59.0 / required 83.0,Rule evaluation,Entry,Setup,False,59.0,83.0,,,,,,,,,,,,,,,,,,,2026-08-01_001740,,
1307a9cd32d014c1b52e1220,2026-08-01,2026-08-01 00:18:03-04:00,CRWD,Scanner,RULE FAILED,0.88 / required 2.0,Rule evaluation,Risk,RR,False,0.88,2.0,,,,,,,,,,,,,,,,,,,2026-08-01_001740,,
f0677fbb3b65faced42f374a,2026-08-01,2026-08-01 00:18:03-04:00,CRWD,Scanner,RULE FAILED,0.0 / required 65.0,Rule evaluation,Option,Option Quality,False,0.0,65.0,,,,,,,,,,,,,,,,,,,2026-08-01_001740,,
2179c885a34b733adf0e0456,2026-08-01,2026-08-01 00:18:03-04:00,CRWD,Scanner,RULE FAILED,None / required LIVE_QUOTE,Rule evaluation,Realtime,Quote Freshness,False,,LIVE_QUOTE,,,,,,,,,,,,,,,,,,,2026-08-01_001740,,
6862b634d87c7a368f222106,2026-08-01,2026-08-01 00:18:03-04:00,CRWD,Scanner,RULE PASSED,True / required True,Rule evaluation,Affordability,Affordability,True,True,True,,,,,,,,,,,,,,,,,,,2026-08-01_001740,,
e17eb3513de7fdcd5067be4c,2026-08-01,2026-08-01 00:18:03-04:00,CRWD,Scanner,RULE FAILED,NOT_LIFECYCLE_EVENT / required ELIGIBLE,Rule evaluation,Telegram,Telegram,False,NOT_LIFECYCLE_EVENT,ELIGIBLE,,,,,,,,,,,,,,,,,,,2026-08-01_001740,,
2129129219f9525a8f361295,2026-08-01,2026-08-01 00:18:04-04:00,SMCI,Scanner,NO TRADE MARKET CLOSED,Market closed; no live intraday trade,Scanner decision,Decision,NO_DIRECTIONAL_EDGE,False,NO_TRADE_MARKET_CLOSED,ENTER or ENTER_PAPER,NO TRADE MARKET CLOSED,False,3.0,0.0,,2026-07-31T23:55:00+00:00,28.16,28.16,28.11,28.16,19022.0,NO_RECOMMENDATION,NOT_REQUESTED,NOT_REQUESTED,,NOT_CREATED,NO_LIFECYCLE_EVENT,NO_LIFECYCLE_EVENT,2026-08-01_001740,,
2ac16b25501176549de0e2b2,2026-08-01,2026-08-01 00:18:04-04:00,SMCI,Scanner,RULE FAILED,3.0 / required 85.0,Rule evaluation,Entry,Setup,False,3.0,85.0,,,,,,,,,,,,,,,,,,,2026-08-01_001740,,
3f575b94508dba9dee04dabc,2026-08-01,2026-08-01 00:18:04-04:00,SMCI,Scanner,RULE FAILED,0.0 / required 2.0,Rule evaluation,Risk,RR,False,0.0,2.0,,,,,,,,,,,,,,,,,,,2026-08-01_001740,,
89bb4b9017d0dbdb9dd87788,2026-08-01,2026-08-01 00:18:04-04:00,SMCI,Scanner,RULE FAILED,0.0 / required 65.0,Rule evaluation,Option,Option Quality,False,0.0,65.0,,,,,,,,,,,,,,,,,,,2026-08-01_001740,,
13af9d832507ea733a7acb90,2026-08-01,2026-08-01 00:18:04-04:00,SMCI,Scanner,RULE FAILED,None / required LIVE_QUOTE,Rule evaluation,Realtime,Quote Freshness,False,,LIVE_QUOTE,,,,,,,,,,,,,,,,,,,2026-08-01_001740,,
68c4f26432505c34e391f24c,2026-08-01,2026-08-01 00:18:04-04:00,SMCI,Scanner,RULE PASSED,True / required True,Rule evaluation,Affordability,Affordability,True,True,True,,,,,,,,,,,,,,,,,,,2026-08-01_001740,,
95e2b1f641f2f52f70439fbd,2026-08-01,2026-08-01 00:18:04-04:00,SMCI,Scanner,RULE FAILED,NOT_LIFECYCLE_EVENT / required ELIGIBLE,Rule evaluation,Telegram,Telegram,False,NOT_LIFECYCLE_EVENT,ELIGIBLE,,,,,,,,,,,,,,,,,,,2026-08-01_001740,,
2fd7937722103b57622189fe,2026-08-01,2026-08-01 00:18:05-04:00,SPCX,Scanner,NO TRADE MARKET CLOSED,Market closed; no live intraday trade,Scanner decision,Decision,NO_DIRECTIONAL_EDGE,False,NO_TRADE_MARKET_CLOSED,ENTER or ENTER_PAPER,NO TRADE MARKET CLOSED,False,7.0,0.0,,2026-07-31T23:55:00+00:00,107.73,107.8,107.7,107.79,51695.84,NO_RECOMMENDATION,NOT_REQUESTED,NOT_REQUESTED,,NOT_CREATED,NO_LIFECYCLE_EVENT,NO_LIFECYCLE_EVENT,2026-08-01_001740,,
06c5bbad4a09ae749609e5bd,2026-08-01,2026-08-01 00:18:05-04:00,SPCX,Scanner,RULE FAILED,7.0 / required 85.0,Rule evaluation,Entry,Setup,False,7.0,85.0,,,,,,,,,,,,,,,,,,,2026-08-01_001740,,
c2a36f7ff15ef4f6e127759a,2026-08-01,2026-08-01 00:18:05-04:00,SPCX,Scanner,RULE FAILED,0.0 / required 2.0,Rule evaluation,Risk,RR,False,0.0,2.0,,,,,,,,,,,,,,,,,,,2026-08-01_001740,,
bce2c1c1d39ab0e0508c7569,2026-08-01,2026-08-01 00:18:05-04:00,SPCX,Scanner,RULE FAILED,0.0 / required 65.0,Rule evaluation,Option,Option Quality,False,0.0,65.0,,,,,,,,,,,,,,,,,,,2026-08-01_001740,,
dec6ec692e88115c0ed5e13e,2026-08-01,2026-08-01 00:18:05-04:00,SPCX,Scanner,RULE FAILED,None / required LIVE_QUOTE,Rule evaluation,Realtime,Quote Freshness,False,,LIVE_QUOTE,,,,,,,,,,,,,,,,,,,2026-08-01_001740,,
dc15feeb0a1214f9d48fd3d3,2026-08-01,2026-08-01 00:18:05-04:00,SPCX,Scanner,RULE PASSED,True / required True,Rule evaluation,Affordability,Affordability,True,True,True,,,,,,,,,,,,,,,,,,,2026-08-01_001740,,
7c60521bde4a338a4243aa4d,2026-08-01,2026-08-01 00:18:05-04:00,SPCX,Scanner,RULE FAILED,NOT_LIFECYCLE_EVENT / required ELIGIBLE,Rule evaluation,Telegram,Telegram,False,NOT_LIFECYCLE_EVENT,ELIGIBLE,,,,,,,,,,,,,,,,,,,2026-08-01_001740,,
24ed196d79667c1d09b9d3e0,2026-08-01,2026-08-01 00:18:05-04:00,SMH,Scanner,STALE STOCK DATA,Stock aggregate data is not real-time,Scanner decision,Decision,NO_ENTRY_TRIGGER,False,STALE_STOCK_DATA,ENTER or ENTER_PAPER,STALE STOCK DATA,False,14.0,0.0,,2026-07-31T23:55:00+00:00,539.0,539.0,538.79,539.0,902.0,NO_RECOMMENDATION,NOT_REQUESTED,NOT_REQUESTED,,NOT_CREATED,NO_LIFECYCLE_EVENT,NO_LIFECYCLE_EVENT,2026-08-01_001740,,
edb8e3ea2bb835631186bfc0,2026-08-01,2026-08-01 00:18:05-04:00,SMH,Scanner,RULE FAILED,14.0 / required 85.0,Rule evaluation,Entry,Setup,False,14.0,85.0,,,,,,,,,,,,,,,,,,,2026-08-01_001740,,
0c571c925b80101220c5d98b,2026-08-01,2026-08-01 00:18:05-04:00,SMH,Scanner,RULE FAILED,0.0 / required 2.0,Rule evaluation,Risk,RR,False,0.0,2.0,,,,,,,,,,,,,,,,,,,2026-08-01_001740,,
ec9600fe9336516d30ca93ed,2026-08-01,2026-08-01 00:18:05-04:00,SMH,Scanner,RULE FAILED,0.0 / required 65.0,Rule evaluation,Option,Option Quality,False,0.0,65.0,,,,,,,,,,,,,,,,,,,2026-08-01_001740,,
6bf3ea47c002d6ec2b4ea89b,2026-08-01,2026-08-01 00:18:05-04:00,SMH,Scanner,RULE FAILED,None / required LIVE_QUOTE,Rule evaluation,Realtime,Quote Freshness,False,,LIVE_QUOTE,,,,,,,,,,,,,,,,,,,2026-08-01_001740,,
e82ce51e93f48a028dbd3dbd,2026-08-01,2026-08-01 00:18:05-04:00,SMH,Scanner,RULE PASSED,True / required True,Rule evaluation,Affordability,Affordability,True,True,True,,,,,,,,,,,,,,,,,,,2026-08-01_001740,,
b0d1372aeacc7b5ac25dc2f2,2026-08-01,2026-08-01 00:18:05-04:00,SMH,Scanner,RULE FAILED,NOT_LIFECYCLE_EVENT / required ELIGIBLE,Rule evaluation,Telegram,Telegram,False,NOT_LIFECYCLE_EVENT,ELIGIBLE,,,,,,,,,,,,,,,,,,,2026-08-01_001740,,
2ed867f0898dd35fcd5d3b3d,2026-08-01,2026-08-01 00:18:06-04:00,ARM,Scanner,STALE STOCK DATA,Stock aggregate data is not real-time,Scanner decision,Decision,RISK_REJECTED,False,STALE_STOCK_DATA,ENTER or ENTER_PAPER,STALE STOCK DATA,False,46.0,1.59,,2026-07-31T23:55:00+00:00,235.59,235.59,234.92,234.92,5017.01,NO_RECOMMENDATION,NOT_REQUESTED,NOT_REQUESTED,,NOT_CREATED,NO_LIFECYCLE_EVENT,NO_LIFECYCLE_EVENT,2026-08-01_001740,,
f47d1fdf889a3ab773dabe8b,2026-08-01,2026-08-01 00:18:06-04:00,ARM,Scanner,RULE FAILED,46.0 / required 83.0,Rule evaluation,Entry,Setup,False,46.0,83.0,,,,,,,,,,,,,,,,,,,2026-08-01_001740,,
da5e5267a272f64cd1c26270,2026-08-01,2026-08-01 00:18:06-04:00,ARM,Scanner,RULE FAILED,1.59 / required 2.0,Rule evaluation,Risk,RR,False,1.59,2.0,,,,,,,,,,,,,,,,,,,2026-08-01_001740,,
7b63c49364a9a5e332c2d796,2026-08-01,2026-08-01 00:18:06-04:00,ARM,Scanner,RULE FAILED,0.0 / required 65.0,Rule evaluation,Option,Option Quality,False,0.0,65.0,,,,,,,,,,,,,,,,,,,2026-08-01_001740,,
3516af98e9291be5efa4545b,2026-08-01,2026-08-01 00:18:06-04:00,ARM,Scanner,RULE FAILED,None / required LIVE_QUOTE,Rule evaluation,Realtime,Quote Freshness,False,,LIVE_QUOTE,,,,,,,,,,,,,,,,,,,2026-08-01_001740,,
f6b30bc101fce77560282201,2026-08-01,2026-08-01 00:18:06-04:00,ARM,Scanner,RULE PASSED,True / required True,Rule evaluation,Affordability,Affordability,True,True,True,,,,,,,,,,,,,,,,,,,2026-08-01_001740,,
dafa1b102884610f51cdf612,2026-08-01,2026-08-01 00:18:06-04:00,ARM,Scanner,RULE FAILED,NOT_LIFECYCLE_EVENT / required ELIGIBLE,Rule evaluation,Telegram,Telegram,False,NOT_LIFECYCLE_EVENT,ELIGIBLE,,,,,,,,,,,,,,,,,,,2026-08-01_001740,,
8c5cddef92ecbc2963709ea0,2026-08-01,2026-08-01 00:18:07-04:00,TSM,Scanner,STALE STOCK DATA,Stock aggregate data is not real-time,Scanner decision,Decision,LOW_RR,False,STALE_STOCK_DATA,ENTER or ENTER_PAPER,STALE STOCK DATA,False,47.0,0.84,,2026-07-31T23:55:00+00:00,404.0,404.1,403.73,404.0,8527.0,NO_RECOMMENDATION,NOT_REQUESTED,NOT_REQUESTED,,NOT_CREATED,NO_LIFECYCLE_EVENT,NO_LIFECYCLE_EVENT,2026-08-01_001740,,
d53fb71773ecde2ff6c0cc42,2026-08-01,2026-08-01 00:18:07-04:00,TSM,Scanner,RULE FAILED,47.0 / required 85.0,Rule evaluation,Entry,Setup,False,47.0,85.0,,,,,,,,,,,,,,,,,,,2026-08-01_001740,,
7b805c3d23dcd83af87ac7b6,2026-08-01,2026-08-01 00:18:07-04:00,TSM,Scanner,RULE FAILED,0.84 / required 2.0,Rule evaluation,Risk,RR,False,0.84,2.0,,,,,,,,,,,,,,,,,,,2026-08-01_001740,,
459b84fa8542792c0d73e9aa,2026-08-01,2026-08-01 00:18:07-04:00,TSM,Scanner,RULE FAILED,0.0 / required 65.0,Rule evaluation,Option,Option Quality,False,0.0,65.0,,,,,,,,,,,,,,,,,,,2026-08-01_001740,,
fba3605e99fb4bf8170ac38d,2026-08-01,2026-08-01 00:18:07-04:00,TSM,Scanner,RULE FAILED,None / required LIVE_QUOTE,Rule evaluation,Realtime,Quote Freshness,False,,LIVE_QUOTE,,,,,,,,,,,,,,,,,,,2026-08-01_001740,,
9ce4241978ce5cd91bba7bd9,2026-08-01,2026-08-01 00:18:07-04:00,TSM,Scanner,RULE PASSED,True / required True,Rule evaluation,Affordability,Affordability,True,True,True,,,,,,,,,,,,,,,,,,,2026-08-01_001740,,
4b01b7db26fcd69e3bf2ffc9,2026-08-01,2026-08-01 00:18:07-04:00,TSM,Scanner,RULE FAILED,NOT_LIFECYCLE_EVENT / required ELIGIBLE,Rule evaluation,Telegram,Telegram,False,NOT_LIFECYCLE_EVENT,ELIGIBLE,,,,,,,,,,,,,,,,,,,2026-08-01_001740,,
ef6272817b43a43841932dee,2026-08-01,2026-08-01 00:18:07-04:00,INTC,Scanner,STALE STOCK DATA,Stock aggregate data is not real-time,Scanner decision,Decision,NO_ENTRY_TRIGGER,False,STALE_STOCK_DATA,ENTER or ENTER_PAPER,STALE STOCK DATA,False,49.0,0.0,,2026-07-31T23:55:00+00:00,89.39,89.39,89.21,89.21,64808.74,NO_RECOMMENDATION,NOT_REQUESTED,NOT_REQUESTED,,NOT_CREATED,NO_LIFECYCLE_EVENT,NO_LIFECYCLE_EVENT,2026-08-01_001740,,
454a799143f0d333ed6a768a,2026-08-01,2026-08-01 00:18:07-04:00,INTC,Scanner,RULE FAILED,49.0 / required 83.0,Rule evaluation,Entry,Setup,False,49.0,83.0,,,,,,,,,,,,,,,,,,,2026-08-01_001740,,
1c278872708e1066a0894771,2026-08-01,2026-08-01 00:18:07-04:00,INTC,Scanner,RULE FAILED,0.0 / required 2.0,Rule evaluation,Risk,RR,False,0.0,2.0,,,,,,,,,,,,,,,,,,,2026-08-01_001740,,
74cc07ef4dc4e6e8ed756a02,2026-08-01,2026-08-01 00:18:07-04:00,INTC,Scanner,RULE FAILED,0.0 / required 65.0,Rule evaluation,Option,Option Quality,False,0.0,65.0,,,,,,,,,,,,,,,,,,,2026-08-01_001740,,
1a4c78a224764dea71ab6b64,2026-08-01,2026-08-01 00:18:07-04:00,INTC,Scanner,RULE FAILED,None / required LIVE_QUOTE,Rule evaluation,Realtime,Quote Freshness,False,,LIVE_QUOTE,,,,,,,,,,,,,,,,,,,2026-08-01_001740,,
4ee8ebb5497fda8993cf3ec2,2026-08-01,2026-08-01 00:18:07-04:00,INTC,Scanner,RULE PASSED,True / required True,Rule evaluation,Affordability,Affordability,True,True,True,,,,,,,,,,,,,,,,,,,2026-08-01_001740,,
d1378162be7e3ed0c473b56b,2026-08-01,2026-08-01 00:18:07-04:00,INTC,Scanner,RULE FAILED,NOT_LIFECYCLE_EVENT / required ELIGIBLE,Rule evaluation,Telegram,Telegram,False,NOT_LIFECYCLE_EVENT,ELIGIBLE,,,,,,,,,,,,,,,,,,,2026-08-01_001740,,
b16aa67160cea9ce1f0c89ee,2026-08-01,2026-08-01 00:18:08-04:00,AMAT,Scanner,NO TRADE MARKET CLOSED,Market closed; no live intraday trade,Scanner decision,Decision,NO_DIRECTIONAL_EDGE,False,NO_TRADE_MARKET_CLOSED,ENTER or ENTER_PAPER,NO TRADE MARKET CLOSED,False,0.0,0.0,,2026-07-31T23:55:00+00:00,505.83,507.0,505.75,507.0,511.4,NO_RECOMMENDATION,NOT_REQUESTED,NOT_REQUESTED,,NOT_CREATED,NO_LIFECYCLE_EVENT,NO_LIFECYCLE_EVENT,2026-08-01_001740,,
d7dac924cfea5f6381cfb28a,2026-08-01,2026-08-01 00:18:08-04:00,AMAT,Scanner,RULE FAILED,0.0 / required 83.0,Rule evaluation,Entry,Setup,False,0.0,83.0,,,,,,,,,,,,,,,,,,,2026-08-01_001740,,
f50905e8f23776cfb1441502,2026-08-01,2026-08-01 00:18:08-04:00,AMAT,Scanner,RULE FAILED,0.0 / required 2.0,Rule evaluation,Risk,RR,False,0.0,2.0,,,,,,,,,,,,,,,,,,,2026-08-01_001740,,
ad3d3ea61eb4cb5c042cf1c0,2026-08-01,2026-08-01 00:18:08-04:00,AMAT,Scanner,RULE FAILED,0.0 / required 65.0,Rule evaluation,Option,Option Quality,False,0.0,65.0,,,,,,,,,,,,,,,,,,,2026-08-01_001740,,
682c3648a77bf001d12009dc,2026-08-01,2026-08-01 00:18:08-04:00,AMAT,Scanner,RULE FAILED,None / required LIVE_QUOTE,Rule evaluation,Realtime,Quote Freshness,False,,LIVE_QUOTE,,,,,,,,,,,,,,,,,,,2026-08-01_001740,,
53ecc251da3c4d7581cafd88,2026-08-01,2026-08-01 00:18:08-04:00,AMAT,Scanner,RULE PASSED,True / required True,Rule evaluation,Affordability,Affordability,True,True,True,,,,,,,,,,,,,,,,,,,2026-08-01_001740,,
c1d619df0bca29408fab8ec9,2026-08-01,2026-08-01 00:18:08-04:00,AMAT,Scanner,RULE FAILED,NOT_LIFECYCLE_EVENT / required ELIGIBLE,Rule evaluation,Telegram,Telegram,False,NOT_LIFECYCLE_EVENT,ELIGIBLE,,,,,,,,,,,,,,,,,,,2026-08-01_001740,,
bae4878ca1d287db55bf54ea,2026-08-01,2026-08-01 00:18:09-04:00,LRCX,Scanner,STALE STOCK DATA,Stock aggregate data is not real-time,Scanner decision,Decision,RISK_REJECTED,False,STALE_STOCK_DATA,ENTER or ENTER_PAPER,STALE STOCK DATA,False,45.0,1.59,,2026-07-31T23:55:00+00:00,292.0,292.1,292.0,292.1,489.0,NO_RECOMMENDATION,NOT_REQUESTED,NOT_REQUESTED,,NOT_CREATED,NO_LIFECYCLE_EVENT,NO_LIFECYCLE_EVENT,2026-08-01_001740,,
535d8f663e2a3289bedf16ee,2026-08-01,2026-08-01 00:18:09-04:00,LRCX,Scanner,RULE FAILED,45.0 / required 85.0,Rule evaluation,Entry,Setup,False,45.0,85.0,,,,,,,,,,,,,,,,,,,2026-08-01_001740,,
22f16cf260feaf316fa6c784,2026-08-01,2026-08-01 00:18:09-04:00,LRCX,Scanner,RULE FAILED,1.59 / required 2.0,Rule evaluation,Risk,RR,False,1.59,2.0,,,,,,,,,,,,,,,,,,,2026-08-01_001740,,
1e4f698cdbcde59419a30bd3,2026-08-01,2026-08-01 00:18:09-04:00,LRCX,Scanner,RULE FAILED,0.0 / required 65.0,Rule evaluation,Option,Option Quality,False,0.0,65.0,,,,,,,,,,,,,,,,,,,2026-08-01_001740,,
e736d1c53a8b4b656ed16b40,2026-08-01,2026-08-01 00:18:09-04:00,LRCX,Scanner,RULE FAILED,None / required LIVE_QUOTE,Rule evaluation,Realtime,Quote Freshness,False,,LIVE_QUOTE,,,,,,,,,,,,,,,,,,,2026-08-01_001740,,
0e910c69960f3b93a746364c,2026-08-01,2026-08-01 00:18:09-04:00,LRCX,Scanner,RULE PASSED,True / required True,Rule evaluation,Affordability,Affordability,True,True,True,,,,,,,,,,,,,,,,,,,2026-08-01_001740,,
2dd5c253a8750db17fa54423,2026-08-01,2026-08-01 00:18:09-04:00,LRCX,Scanner,RULE FAILED,NOT_LIFECYCLE_EVENT / required ELIGIBLE,Rule evaluation,Telegram,Telegram,False,NOT_LIFECYCLE_EVENT,ELIGIBLE,,,,,,,,,,,,,,,,,,,2026-08-01_001740,,
4a116211b7b702c5ca20f6d7,2026-08-01,2026-08-01 00:18:09-04:00,MRVL,Scanner,STALE STOCK DATA,Stock aggregate data is not real-time,Scanner decision,Decision,NO_ENTRY_TRIGGER,False,STALE_STOCK_DATA,ENTER or ENTER_PAPER,STALE STOCK DATA,False,25.0,0.0,,2026-07-31T23:55:00+00:00,185.9,185.9,185.59,185.6,18457.38,NO_RECOMMENDATION,NOT_REQUESTED,NOT_REQUESTED,,NOT_CREATED,NO_LIFECYCLE_EVENT,NO_LIFECYCLE_EVENT,2026-08-01_001740,,
c0f3e73949c62aca8c857144,2026-08-01,2026-08-01 00:18:09-04:00,MRVL,Scanner,RULE FAILED,25.0 / required 83.0,Rule evaluation,Entry,Setup,False,25.0,83.0,,,,,,,,,,,,,,,,,,,2026-08-01_001740,,
550b5ac204671bf951fd60b2,2026-08-01,2026-08-01 00:18:09-04:00,MRVL,Scanner,RULE FAILED,0.0 / required 2.0,Rule evaluation,Risk,RR,False,0.0,2.0,,,,,,,,,,,,,,,,,,,2026-08-01_001740,,
d15e4d55094b12bb72038c17,2026-08-01,2026-08-01 00:18:09-04:00,MRVL,Scanner,RULE FAILED,0.0 / required 65.0,Rule evaluation,Option,Option Quality,False,0.0,65.0,,,,,,,,,,,,,,,,,,,2026-08-01_001740,,
00b64989d91e89675a03ca49,2026-08-01,2026-08-01 00:18:09-04:00,MRVL,Scanner,RULE FAILED,None / required LIVE_QUOTE,Rule evaluation,Realtime,Quote Freshness,False,,LIVE_QUOTE,,,,,,,,,,,,,,,,,,,2026-08-01_001740,,
1a330a80e778c8c2ba1350fd,2026-08-01,2026-08-01 00:18:09-04:00,MRVL,Scanner,RULE PASSED,True / required True,Rule evaluation,Affordability,Affordability,True,True,True,,,,,,,,,,,,,,,,,,,2026-08-01_001740,,
e3f3b52a26d44e98e3d5173e,2026-08-01,2026-08-01 00:18:09-04:00,MRVL,Scanner,RULE FAILED,NOT_LIFECYCLE_EVENT / required ELIGIBLE,Rule evaluation,Telegram,Telegram,False,NOT_LIFECYCLE_EVENT,ELIGIBLE,,,,,,,,,,,,,,,,,,,2026-08-01_001740,,
b61464ecda82537389522150,2026-08-01,2026-08-01 00:18:10-04:00,ORCL,Scanner,STALE STOCK DATA,Stock aggregate data is not real-time,Scanner decision,Decision,LOW_RR,False,STALE_STOCK_DATA,ENTER or ENTER_PAPER,STALE STOCK DATA,False,38.0,1.05,,2026-07-31T23:55:00+00:00,129.07,129.17,128.95,128.95,8666.08,NO_RECOMMENDATION,NOT_REQUESTED,NOT_REQUESTED,,NOT_CREATED,NO_LIFECYCLE_EVENT,NO_LIFECYCLE_EVENT,2026-08-01_001740,,
429acc2c58a210da4ad53434,2026-08-01,2026-08-01 00:18:10-04:00,ORCL,Scanner,RULE FAILED,38.0 / required 85.0,Rule evaluation,Entry,Setup,False,38.0,85.0,,,,,,,,,,,,,,,,,,,2026-08-01_001740,,
e51c0b18f8566188b6c9fd7f,2026-08-01,2026-08-01 00:18:10-04:00,ORCL,Scanner,RULE FAILED,1.05 / required 2.0,Rule evaluation,Risk,RR,False,1.05,2.0,,,,,,,,,,,,,,,,,,,2026-08-01_001740,,
efdf964722f024b9bdc1973c,2026-08-01,2026-08-01 00:18:10-04:00,ORCL,Scanner,RULE FAILED,0.0 / required 65.0,Rule evaluation,Option,Option Quality,False,0.0,65.0,,,,,,,,,,,,,,,,,,,2026-08-01_001740,,
b1a5ad3b929acf0dfc16fd72,2026-08-01,2026-08-01 00:18:10-04:00,ORCL,Scanner,RULE FAILED,None / required LIVE_QUOTE,Rule evaluation,Realtime,Quote Freshness,False,,LIVE_QUOTE,,,,,,,,,,,,,,,,,,,2026-08-01_001740,,
661e3ef5a809b0cc6efae8c7,2026-08-01,2026-08-01 00:18:10-04:00,ORCL,Scanner,RULE PASSED,True / required True,Rule evaluation,Affordability,Affordability,True,True,True,,,,,,,,,,,,,,,,,,,2026-08-01_001740,,
fe33750ee5bde8495ba05b0e,2026-08-01,2026-08-01 00:18:10-04:00,ORCL,Scanner,RULE FAILED,NOT_LIFECYCLE_EVENT / required ELIGIBLE,Rule evaluation,Telegram,Telegram,False,NOT_LIFECYCLE_EVENT,ELIGIBLE,,,,,,,,,,,,,,,,,,,2026-08-01_001740,,
f20fa706d4d1241ea8b49029,2026-08-01,2026-08-01 00:18:11-04:00,PANW,Scanner,NO TRADE MARKET CLOSED,Market closed; no live intraday trade,Scanner decision,Decision,NO_DIRECTIONAL_EDGE,False,NO_TRADE_MARKET_CLOSED,ENTER or ENTER_PAPER,NO TRADE MARKET CLOSED,False,8.0,0.0,,2026-07-31T23:10:00+00:00,329.83,329.83,329.83,329.83,100.0,NO_RECOMMENDATION,NOT_REQUESTED,NOT_REQUESTED,,NOT_CREATED,NO_LIFECYCLE_EVENT,NO_LIFECYCLE_EVENT,2026-08-01_001740,,
7eb130fc638444a85631c4af,2026-08-01,2026-08-01 00:18:11-04:00,PANW,Scanner,RULE FAILED,8.0 / required 85.0,Rule evaluation,Entry,Setup,False,8.0,85.0,,,,,,,,,,,,,,,,,,,2026-08-01_001740,,
128272d6c4a81c1b545ea60a,2026-08-01,2026-08-01 00:18:11-04:00,PANW,Scanner,RULE FAILED,0.0 / required 2.0,Rule evaluation,Risk,RR,False,0.0,2.0,,,,,,,,,,,,,,,,,,,2026-08-01_001740,,
bc9ad52bd7a9cd72500e5739,2026-08-01,2026-08-01 00:18:11-04:00,PANW,Scanner,RULE FAILED,0.0 / required 65.0,Rule evaluation,Option,Option Quality,False,0.0,65.0,,,,,,,,,,,,,,,,,,,2026-08-01_001740,,
320cc4032cd6f926381ab68b,2026-08-01,2026-08-01 00:18:11-04:00,PANW,Scanner,RULE FAILED,None / required LIVE_QUOTE,Rule evaluation,Realtime,Quote Freshness,False,,LIVE_QUOTE,,,,,,,,,,,,,,,,,,,2026-08-01_001740,,
205e9574d6c5baa0d25331f0,2026-08-01,2026-08-01 00:18:11-04:00,PANW,Scanner,RULE PASSED,True / required True,Rule evaluation,Affordability,Affordability,True,True,True,,,,,,,,,,,,,,,,,,,2026-08-01_001740,,
f138850c5074f80d03b41e10,2026-08-01,2026-08-01 00:18:11-04:00,PANW,Scanner,RULE FAILED,NOT_LIFECYCLE_EVENT / required ELIGIBLE,Rule evaluation,Telegram,Telegram,False,NOT_LIFECYCLE_EVENT,ELIGIBLE,,,,,,,,,,,,,,,,,,,2026-08-01_001740,,
4479cee63e5a8921e64966b0,2026-08-01,2026-08-01 00:18:11-04:00,SOXL,Scanner,STALE STOCK DATA,Stock aggregate data is not real-time,Scanner decision,Decision,RISK_REJECTED,False,STALE_STOCK_DATA,ENTER or ENTER_PAPER,STALE STOCK DATA,False,38.0,1.74,,2026-07-31T23:55:00+00:00,113.0,113.15,112.66,112.66,79551.13,NO_RECOMMENDATION,NOT_REQUESTED,NOT_REQUESTED,,NOT_CREATED,NO_LIFECYCLE_EVENT,NO_LIFECYCLE_EVENT,2026-08-01_001740,,
0b59af3091806025b61ffa2e,2026-08-01,2026-08-01 00:18:11-04:00,SOXL,Scanner,RULE FAILED,38.0 / required 83.0,Rule evaluation,Entry,Setup,False,38.0,83.0,,,,,,,,,,,,,,,,,,,2026-08-01_001740,,
df4994e0b7b81b2185afe98f,2026-08-01,2026-08-01 00:18:11-04:00,SOXL,Scanner,RULE FAILED,1.74 / required 2.0,Rule evaluation,Risk,RR,False,1.74,2.0,,,,,,,,,,,,,,,,,,,2026-08-01_001740,,
ed865f924d5a9632f225782d,2026-08-01,2026-08-01 00:18:11-04:00,SOXL,Scanner,RULE FAILED,0.0 / required 65.0,Rule evaluation,Option,Option Quality,False,0.0,65.0,,,,,,,,,,,,,,,,,,,2026-08-01_001740,,
b41b3a87457a6f6cb3d5fd9e,2026-08-01,2026-08-01 00:18:11-04:00,SOXL,Scanner,RULE FAILED,None / required LIVE_QUOTE,Rule evaluation,Realtime,Quote Freshness,False,,LIVE_QUOTE,,,,,,,,,,,,,,,,,,,2026-08-01_001740,,
9417014d57d7d1975f4eb70b,2026-08-01,2026-08-01 00:18:11-04:00,SOXL,Scanner,RULE PASSED,True / required True,Rule evaluation,Affordability,Affordability,True,True,True,,,,,,,,,,,,,,,,,,,2026-08-01_001740,,
6dbfac54156b057ec89c4237,2026-08-01,2026-08-01 00:18:11-04:00,SOXL,Scanner,RULE FAILED,NOT_LIFECYCLE_EVENT / required ELIGIBLE,Rule evaluation,Telegram,Telegram,False,NOT_LIFECYCLE_EVENT,ELIGIBLE,,,,,,,,,,,,,,,,,,,2026-08-01_001740,,
b32c9bb9513077faf25fe567,2026-08-01,2026-08-01 00:19:46-04:00,QQQ,Scanner,STALE STOCK DATA,Stock aggregate data is not real-time,Scanner decision,Decision,LOW_RR,False,STALE_STOCK_DATA,ENTER or ENTER_PAPER,STALE STOCK DATA,False,59.0,0.53,,2026-07-31T23:55:00+00:00,685.0,685.01,684.34,684.47,7736.3,NO_RECOMMENDATION,NOT_REQUESTED,NOT_REQUESTED,,NOT_CREATED,NO_LIFECYCLE_EVENT,NO_LIFECYCLE_EVENT,2026-08-01_001941,,
e7a94af6687d6991ea2b2456,2026-08-01,2026-08-01 00:19:46-04:00,QQQ,Scanner,RULE FAILED,59.0 / required 83.0,Rule evaluation,Entry,Setup,False,59.0,83.0,,,,,,,,,,,,,,,,,,,2026-08-01_001941,,
438dc052fae6fe7c0ac047f5,2026-08-01,2026-08-01 00:19:46-04:00,QQQ,Scanner,RULE FAILED,0.53 / required 2.0,Rule evaluation,Risk,RR,False,0.53,2.0,,,,,,,,,,,,,,,,,,,2026-08-01_001941,,
4f49704cef38837abe79741d,2026-08-01,2026-08-01 00:19:46-04:00,QQQ,Scanner,RULE FAILED,0.0 / required 65.0,Rule evaluation,Option,Option Quality,False,0.0,65.0,,,,,,,,,,,,,,,,,,,2026-08-01_001941,,
5571c81c00f3c6606b3bbf22,2026-08-01,2026-08-01 00:19:46-04:00,QQQ,Scanner,RULE FAILED,None / required LIVE_QUOTE,Rule evaluation,Realtime,Quote Freshness,False,,LIVE_QUOTE,,,,,,,,,,,,,,,,,,,2026-08-01_001941,,
d231585f9dc7c530b17ba12f,2026-08-01,2026-08-01 00:19:46-04:00,QQQ,Scanner,RULE PASSED,True / required True,Rule evaluation,Affordability,Affordability,True,True,True,,,,,,,,,,,,,,,,,,,2026-08-01_001941,,
175e791bb98a7af1362f0cb6,2026-08-01,2026-08-01 00:19:46-04:00,QQQ,Scanner,RULE FAILED,NOT_LIFECYCLE_EVENT / required ELIGIBLE,Rule evaluation,Telegram,Telegram,False,NOT_LIFECYCLE_EVENT,ELIGIBLE,,,,,,,,,,,,,,,,,,,2026-08-01_001941,,
7026df4a11269646803ea934,2026-08-01,2026-08-01 00:19:47-04:00,SPY,Scanner,STALE STOCK DATA,Stock aggregate data is not real-time,Scanner decision,Decision,LOW_RR,False,STALE_STOCK_DATA,ENTER or ENTER_PAPER,STALE STOCK DATA,False,59.0,0.34,,2026-07-31T23:55:00+00:00,744.48,744.6,744.2,744.2,10114.04,NO_RECOMMENDATION,NOT_REQUESTED,NOT_REQUESTED,,NOT_CREATED,NO_LIFECYCLE_EVENT,NO_LIFECYCLE_EVENT,2026-08-01_001941,,
24227c2dd5cf173a81a9ff9b,2026-08-01,2026-08-01 00:19:47-04:00,SPY,Scanner,RULE FAILED,59.0 / required 83.0,Rule evaluation,Entry,Setup,False,59.0,83.0,,,,,,,,,,,,,,,,,,,2026-08-01_001941,,
46d563858f621f51e9ca30f2,2026-08-01,2026-08-01 00:19:47-04:00,SPY,Scanner,RULE FAILED,0.34 / required 2.0,Rule evaluation,Risk,RR,False,0.34,2.0,,,,,,,,,,,,,,,,,,,2026-08-01_001941,,
3db202b6c4c0839cbe60d388,2026-08-01,2026-08-01 00:19:47-04:00,SPY,Scanner,RULE FAILED,0.0 / required 65.0,Rule evaluation,Option,Option Quality,False,0.0,65.0,,,,,,,,,,,,,,,,,,,2026-08-01_001941,,
23a41de8d56381450d2cf318,2026-08-01,2026-08-01 00:19:47-04:00,SPY,Scanner,RULE FAILED,None / required LIVE_QUOTE,Rule evaluation,Realtime,Quote Freshness,False,,LIVE_QUOTE,,,,,,,,,,,,,,,,,,,2026-08-01_001941,,
ba4a59abb21ee5878f777512,2026-08-01,2026-08-01 00:19:47-04:00,SPY,Scanner,RULE PASSED,True / required True,Rule evaluation,Affordability,Affordability,True,True,True,,,,,,,,,,,,,,,,,,,2026-08-01_001941,,
124344ae652b0d9ee3b4169c,2026-08-01,2026-08-01 00:19:47-04:00,SPY,Scanner,RULE FAILED,NOT_LIFECYCLE_EVENT / required ELIGIBLE,Rule evaluation,Telegram,Telegram,False,NOT_LIFECYCLE_EVENT,ELIGIBLE,,,,,,,,,,,,,,,,,,,2026-08-01_001941,,
fcf4012d8e4253b374d6a7f2,2026-08-01,2026-08-01 00:19:48-04:00,NVDA,Scanner,NO TRADE MARKET CLOSED,Market closed; no live intraday trade,Scanner decision,Decision,NO_DIRECTIONAL_EDGE,False,NO_TRADE_MARKET_CLOSED,ENTER or ENTER_PAPER,NO TRADE MARKET CLOSED,False,8.0,0.0,,2026-07-31T23:55:00+00:00,199.02,199.05,198.95,198.98,41709.8,NO_RECOMMENDATION,NOT_REQUESTED,NOT_REQUESTED,,NOT_CREATED,NO_LIFECYCLE_EVENT,NO_LIFECYCLE_EVENT,2026-08-01_001941,,
d2f80b83e50bd80c4d608b46,2026-08-01,2026-08-01 00:19:48-04:00,NVDA,Scanner,RULE FAILED,8.0 / required 85.0,Rule evaluation,Entry,Setup,False,8.0,85.0,,,,,,,,,,,,,,,,,,,2026-08-01_001941,,
ec750856495c51a03a2edb1f,2026-08-01,2026-08-01 00:19:48-04:00,NVDA,Scanner,RULE FAILED,0.0 / required 2.0,Rule evaluation,Risk,RR,False,0.0,2.0,,,,,,,,,,,,,,,,,,,2026-08-01_001941,,
b29fbc55b8717e625edc1200,2026-08-01,2026-08-01 00:19:48-04:00,NVDA,Scanner,RULE FAILED,0.0 / required 65.0,Rule evaluation,Option,Option Quality,False,0.0,65.0,,,,,,,,,,,,,,,,,,,2026-08-01_001941,,
51dbb1ce7fa771764751ea94,2026-08-01,2026-08-01 00:19:48-04:00,NVDA,Scanner,RULE FAILED,None / required LIVE_QUOTE,Rule evaluation,Realtime,Quote Freshness,False,,LIVE_QUOTE,,,,,,,,,,,,,,,,,,,2026-08-01_001941,,
201e66234ce771aba6a0e8eb,2026-08-01,2026-08-01 00:19:48-04:00,NVDA,Scanner,RULE PASSED,True / required True,Rule evaluation,Affordability,Affordability,True,True,True,,,,,,,,,,,,,,,,,,,2026-08-01_001941,,
fd37e137de15f1b07e104abb,2026-08-01,2026-08-01 00:19:48-04:00,NVDA,Scanner,RULE FAILED,NOT_LIFECYCLE_EVENT / required ELIGIBLE,Rule evaluation,Telegram,Telegram,False,NOT_LIFECYCLE_EVENT,ELIGIBLE,,,,,,,,,,,,,,,,,,,2026-08-01_001941,,
30a518d59b66c0f788372482,2026-08-01,2026-08-01 00:19:48-04:00,AAPL,Scanner,NO TRADE MARKET CLOSED,Market closed; no live intraday trade,Scanner decision,Decision,NO_DIRECTIONAL_EDGE,False,NO_TRADE_MARKET_CLOSED,ENTER or ENTER_PAPER,NO TRADE MARKET CLOSED,False,5.0,0.0,,2026-07-31T23:55:00+00:00,307.48,307.49,307.18,307.36,15793.67,NO_RECOMMENDATION,NOT_REQUESTED,NOT_REQUESTED,,NOT_CREATED,NO_LIFECYCLE_EVENT,NO_LIFECYCLE_EVENT,2026-08-01_001941,,
32b1ef90fb1b7c6907bed495,2026-08-01,2026-08-01 00:19:48-04:00,AAPL,Scanner,RULE FAILED,5.0 / required 85.0,Rule evaluation,Entry,Setup,False,5.0,85.0,,,,,,,,,,,,,,,,,,,2026-08-01_001941,,
efcd9babd51c7904123ff7cd,2026-08-01,2026-08-01 00:19:48-04:00,AAPL,Scanner,RULE FAILED,0.0 / required 2.0,Rule evaluation,Risk,RR,False,0.0,2.0,,,,,,,,,,,,,,,,,,,2026-08-01_001941,,
6901a078548ed2c3c6e4334d,2026-08-01,2026-08-01 00:19:48-04:00,AAPL,Scanner,RULE FAILED,0.0 / required 65.0,Rule evaluation,Option,Option Quality,False,0.0,65.0,,,,,,,,,,,,,,,,,,,2026-08-01_001941,,
8557852a421db8a9e1f04af4,2026-08-01,2026-08-01 00:19:48-04:00,AAPL,Scanner,RULE FAILED,None / required LIVE_QUOTE,Rule evaluation,Realtime,Quote Freshness,False,,LIVE_QUOTE,,,,,,,,,,,,,,,,,,,2026-08-01_001941,,
5195bb72f5d452f0032a2d3b,2026-08-01,2026-08-01 00:19:48-04:00,AAPL,Scanner,RULE PASSED,True / required True,Rule evaluation,Affordability,Affordability,True,True,True,,,,,,,,,,,,,,,,,,,2026-08-01_001941,,
a2d2d8734f71f3ea9912aa99,2026-08-01,2026-08-01 00:19:48-04:00,AAPL,Scanner,RULE FAILED,NOT_LIFECYCLE_EVENT / required ELIGIBLE,Rule evaluation,Telegram,Telegram,False,NOT_LIFECYCLE_EVENT,ELIGIBLE,,,,,,,,,,,,,,,,,,,2026-08-01_001941,,
3046f28f043603373d39763e,2026-08-01,2026-08-01 00:19:49-04:00,MSFT,Scanner,STALE STOCK DATA,Stock aggregate data is not real-time,Scanner decision,Decision,LOW_RR,False,STALE_STOCK_DATA,ENTER or ENTER_PAPER,STALE STOCK DATA,False,58.0,0.74,,2026-07-31T23:55:00+00:00,461.74,462.0,461.74,461.81,6190.65,NO_RECOMMENDATION,NOT_REQUESTED,NOT_REQUESTED,,NOT_CREATED,NO_LIFECYCLE_EVENT,NO_LIFECYCLE_EVENT,2026-08-01_001941,,
bdc3dff75fa29483ba77f60f,2026-08-01,2026-08-01 00:19:49-04:00,MSFT,Scanner,RULE FAILED,58.0 / required 85.0,Rule evaluation,Entry,Setup,False,58.0,85.0,,,,,,,,,,,,,,,,,,,2026-08-01_001941,,
86f31ec77936f328ac0f6c78,2026-08-01,2026-08-01 00:19:49-04:00,MSFT,Scanner,RULE FAILED,0.74 / required 2.0,Rule evaluation,Risk,RR,False,0.74,2.0,,,,,,,,,,,,,,,,,,,2026-08-01_001941,,
bfbbb5a75db4239bc51617b9,2026-08-01,2026-08-01 00:19:49-04:00,MSFT,Scanner,RULE FAILED,0.0 / required 65.0,Rule evaluation,Option,Option Quality,False,0.0,65.0,,,,,,,,,,,,,,,,,,,2026-08-01_001941,,
3a89d263462783106ced8206,2026-08-01,2026-08-01 00:19:49-04:00,MSFT,Scanner,RULE FAILED,None / required LIVE_QUOTE,Rule evaluation,Realtime,Quote Freshness,False,,LIVE_QUOTE,,,,,,,,,,,,,,,,,,,2026-08-01_001941,,
1e518926c366a0360b51b8eb,2026-08-01,2026-08-01 00:19:49-04:00,MSFT,Scanner,RULE PASSED,True / required True,Rule evaluation,Affordability,Affordability,True,True,True,,,,,,,,,,,,,,,,,,,2026-08-01_001941,,
862ac5cfaff538a14b012b0d,2026-08-01,2026-08-01 00:19:49-04:00,MSFT,Scanner,RULE FAILED,NOT_LIFECYCLE_EVENT / required ELIGIBLE,Rule evaluation,Telegram,Telegram,False,NOT_LIFECYCLE_EVENT,ELIGIBLE,,,,,,,,,,,,,,,,,,,2026-08-01_001941,,
6b48742361c19b94849ae385,2026-08-01,2026-08-01 00:19:50-04:00,AMZN,Scanner,STALE STOCK DATA,Stock aggregate data is not real-time,Scanner decision,Decision,NO_ENTRY_TRIGGER,False,STALE_STOCK_DATA,ENTER or ENTER_PAPER,STALE STOCK DATA,False,14.0,0.0,,2026-07-31T23:55:00+00:00,270.1,270.35,270.1,270.32,12531.15,NO_RECOMMENDATION,NOT_REQUESTED,NOT_REQUESTED,,NOT_CREATED,NO_LIFECYCLE_EVENT,NO_LIFECYCLE_EVENT,2026-08-01_001941,,
e354a51032a69be10de8973c,2026-08-01,2026-08-01 00:19:50-04:00,AMZN,Scanner,RULE FAILED,14.0 / required 85.0,Rule evaluation,Entry,Setup,False,14.0,85.0,,,,,,,,,,,,,,,,,,,2026-08-01_001941,,
fcd5bfa142abffd861672722,2026-08-01,2026-08-01 00:19:50-04:00,AMZN,Scanner,RULE FAILED,0.0 / required 2.0,Rule evaluation,Risk,RR,False,0.0,2.0,,,,,,,,,,,,,,,,,,,2026-08-01_001941,,
01a735a0578eef76aad728aa,2026-08-01,2026-08-01 00:19:50-04:00,AMZN,Scanner,RULE FAILED,0.0 / required 65.0,Rule evaluation,Option,Option Quality,False,0.0,65.0,,,,,,,,,,,,,,,,,,,2026-08-01_001941,,
1de92bff39162085f3676df0,2026-08-01,2026-08-01 00:19:50-04:00,AMZN,Scanner,RULE FAILED,None / required LIVE_QUOTE,Rule evaluation,Realtime,Quote Freshness,False,,LIVE_QUOTE,,,,,,,,,,,,,,,,,,,2026-08-01_001941,,
fc38be99f3526ddf08ec7987,2026-08-01,2026-08-01 00:19:50-04:00,AMZN,Scanner,RULE PASSED,True / required True,Rule evaluation,Affordability,Affordability,True,True,True,,,,,,,,,,,,,,,,,,,2026-08-01_001941,,
50973ccc9ea812b9ea4d402f,2026-08-01,2026-08-01 00:19:50-04:00,AMZN,Scanner,RULE FAILED,NOT_LIFECYCLE_EVENT / required ELIGIBLE,Rule evaluation,Telegram,Telegram,False,NOT_LIFECYCLE_EVENT,ELIGIBLE,,,,,,,,,,,,,,,,,,,2026-08-01_001941,,
fbaa6936556c36c724a554d3,2026-08-01,2026-08-01 00:19:50-04:00,META,Scanner,NO TRADE MARKET CLOSED,Market closed; no live intraday trade,Scanner decision,Decision,NO_DIRECTIONAL_EDGE,False,NO_TRADE_MARKET_CLOSED,ENTER or ENTER_PAPER,NO TRADE MARKET CLOSED,False,0.0,0.0,,2026-07-31T23:55:00+00:00,553.91,553.98,553.1,553.22,5365.44,NO_RECOMMENDATION,NOT_REQUESTED,NOT_REQUESTED,,NOT_CREATED,NO_LIFECYCLE_EVENT,NO_LIFECYCLE_EVENT,2026-08-01_001941,,
08d6ab3444f3eeca158c8a40,2026-08-01,2026-08-01 00:19:50-04:00,META,Scanner,RULE FAILED,0.0 / required 85.0,Rule evaluation,Entry,Setup,False,0.0,85.0,,,,,,,,,,,,,,,,,,,2026-08-01_001941,,
9b1802fb616707807cfcb133,2026-08-01,2026-08-01 00:19:50-04:00,META,Scanner,RULE FAILED,0.0 / required 2.0,Rule evaluation,Risk,RR,False,0.0,2.0,,,,,,,,,,,,,,,,,,,2026-08-01_001941,,
9e643de900640ad3050fa519,2026-08-01,2026-08-01 00:19:50-04:00,META,Scanner,RULE FAILED,0.0 / required 65.0,Rule evaluation,Option,Option Quality,False,0.0,65.0,,,,,,,,,,,,,,,,,,,2026-08-01_001941,,
5ef6ad29d25049ddc63f26ed,2026-08-01,2026-08-01 00:19:50-04:00,META,Scanner,RULE FAILED,None / required LIVE_QUOTE,Rule evaluation,Realtime,Quote Freshness,False,,LIVE_QUOTE,,,,,,,,,,,,,,,,,,,2026-08-01_001941,,
ff4fdbfe4026f24a9d69d4b1,2026-08-01,2026-08-01 00:19:50-04:00,META,Scanner,RULE PASSED,True / required True,Rule evaluation,Affordability,Affordability,True,True,True,,,,,,,,,,,,,,,,,,,2026-08-01_001941,,
83853af69f948495d3f8109c,2026-08-01,2026-08-01 00:19:50-04:00,META,Scanner,RULE FAILED,NOT_LIFECYCLE_EVENT / required ELIGIBLE,Rule evaluation,Telegram,Telegram,False,NOT_LIFECYCLE_EVENT,ELIGIBLE,,,,,,,,,,,,,,,,,,,2026-08-01_001941,,
060259a6318c38fb1cccc245,2026-08-01,2026-08-01 00:19:51-04:00,TSLA,Scanner,NO TRADE MARKET CLOSED,Market closed; no live intraday trade,Scanner decision,Decision,NO_DIRECTIONAL_EDGE,False,NO_TRADE_MARKET_CLOSED,ENTER or ENTER_PAPER,NO TRADE MARKET CLOSED,False,6.0,0.0,,2026-07-31T23:55:00+00:00,309.62,309.75,309.22,309.31,16186.69,NO_RECOMMENDATION,NOT_REQUESTED,NOT_REQUESTED,,NOT_CREATED,NO_LIFECYCLE_EVENT,NO_LIFECYCLE_EVENT,2026-08-01_001941,,
9b5f5dec3bb7b70d7efcc4a9,2026-08-01,2026-08-01 00:19:51-04:00,TSLA,Scanner,RULE FAILED,6.0 / required 85.0,Rule evaluation,Entry,Setup,False,6.0,85.0,,,,,,,,,,,,,,,,,,,2026-08-01_001941,,
4d3cb5bedc5639bc542232df,2026-08-01,2026-08-01 00:19:51-04:00,TSLA,Scanner,RULE FAILED,0.0 / required 2.0,Rule evaluation,Risk,RR,False,0.0,2.0,,,,,,,,,,,,,,,,,,,2026-08-01_001941,,
d718cdda2a394bb1ca7c5e37,2026-08-01,2026-08-01 00:19:51-04:00,TSLA,Scanner,RULE FAILED,0.0 / required 65.0,Rule evaluation,Option,Option Quality,False,0.0,65.0,,,,,,,,,,,,,,,,,,,2026-08-01_001941,,
3b95419cc43eb60e62f0442b,2026-08-01,2026-08-01 00:19:51-04:00,TSLA,Scanner,RULE FAILED,None / required LIVE_QUOTE,Rule evaluation,Realtime,Quote Freshness,False,,LIVE_QUOTE,,,,,,,,,,,,,,,,,,,2026-08-01_001941,,
90e2b2bdd3e80af6b56f9578,2026-08-01,2026-08-01 00:19:51-04:00,TSLA,Scanner,RULE PASSED,True / required True,Rule evaluation,Affordability,Affordability,True,True,True,,,,,,,,,,,,,,,,,,,2026-08-01_001941,,
229c1c645cd8084b1a3ea28d,2026-08-01,2026-08-01 00:19:51-04:00,TSLA,Scanner,RULE FAILED,NOT_LIFECYCLE_EVENT / required ELIGIBLE,Rule evaluation,Telegram,Telegram,False,NOT_LIFECYCLE_EVENT,ELIGIBLE,,,,,,,,,,,,,,,,,,,2026-08-01_001941,,
f136c0ba7447288671b0abf9,2026-08-01,2026-08-01 00:19:52-04:00,AMD,Scanner,STALE STOCK DATA,Stock aggregate data is not real-time,Scanner decision,Decision,NO_ENTRY_TRIGGER,False,STALE_STOCK_DATA,ENTER or ENTER_PAPER,STALE STOCK DATA,False,38.0,0.0,,2026-07-31T23:55:00+00:00,474.1,474.16,472.12,472.12,15105.15,NO_RECOMMENDATION,NOT_REQUESTED,NOT_REQUESTED,,NOT_CREATED,NO_LIFECYCLE_EVENT,NO_LIFECYCLE_EVENT,2026-08-01_001941,,
88ce61feb757d3e4e6004141,2026-08-01,2026-08-01 00:19:52-04:00,AMD,Scanner,RULE FAILED,38.0 / required 83.0,Rule evaluation,Entry,Setup,False,38.0,83.0,,,,,,,,,,,,,,,,,,,2026-08-01_001941,,
f33b66c00faae032da74f049,2026-08-01,2026-08-01 00:19:52-04:00,AMD,Scanner,RULE FAILED,0.0 / required 2.0,Rule evaluation,Risk,RR,False,0.0,2.0,,,,,,,,,,,,,,,,,,,2026-08-01_001941,,
84432a915bef191c6891333e,2026-08-01,2026-08-01 00:19:52-04:00,AMD,Scanner,RULE FAILED,0.0 / required 65.0,Rule evaluation,Option,Option Quality,False,0.0,65.0,,,,,,,,,,,,,,,,,,,2026-08-01_001941,,
d9838441507a6b3299237df5,2026-08-01,2026-08-01 00:19:52-04:00,AMD,Scanner,RULE FAILED,None / required LIVE_QUOTE,Rule evaluation,Realtime,Quote Freshness,False,,LIVE_QUOTE,,,,,,,,,,,,,,,,,,,2026-08-01_001941,,
775190495451980554413fb9,2026-08-01,2026-08-01 00:19:52-04:00,AMD,Scanner,RULE PASSED,True / required True,Rule evaluation,Affordability,Affordability,True,True,True,,,,,,,,,,,,,,,,,,,2026-08-01_001941,,
644ea542a16699e8fb27962f,2026-08-01,2026-08-01 00:19:52-04:00,AMD,Scanner,RULE FAILED,NOT_LIFECYCLE_EVENT / required ELIGIBLE,Rule evaluation,Telegram,Telegram,False,NOT_LIFECYCLE_EVENT,ELIGIBLE,,,,,,,,,,,,,,,,,,,2026-08-01_001941,,
b68a8e69a752692a4f0ddbaf,2026-08-01,2026-08-01 00:19:52-04:00,AVGO,Scanner,NO TRADE MARKET CLOSED,Market closed; no live intraday trade,Scanner decision,Decision,NO_DIRECTIONAL_EDGE,False,NO_TRADE_MARKET_CLOSED,ENTER or ENTER_PAPER,NO TRADE MARKET CLOSED,False,6.0,0.0,,2026-07-31T23:55:00+00:00,387.33,387.45,387.05,387.45,1201.0,NO_RECOMMENDATION,NOT_REQUESTED,NOT_REQUESTED,,NOT_CREATED,NO_LIFECYCLE_EVENT,NO_LIFECYCLE_EVENT,2026-08-01_001941,,
e9ac18b26801c5287b13eb9e,2026-08-01,2026-08-01 00:19:52-04:00,AVGO,Scanner,RULE FAILED,6.0 / required 85.0,Rule evaluation,Entry,Setup,False,6.0,85.0,,,,,,,,,,,,,,,,,,,2026-08-01_001941,,
dcae84309d0b17b917e94a12,2026-08-01,2026-08-01 00:19:52-04:00,AVGO,Scanner,RULE FAILED,0.0 / required 2.0,Rule evaluation,Risk,RR,False,0.0,2.0,,,,,,,,,,,,,,,,,,,2026-08-01_001941,,
1e726682b479782752975ce6,2026-08-01,2026-08-01 00:19:52-04:00,AVGO,Scanner,RULE FAILED,0.0 / required 65.0,Rule evaluation,Option,Option Quality,False,0.0,65.0,,,,,,,,,,,,,,,,,,,2026-08-01_001941,,
79316d9800660ddbae765521,2026-08-01,2026-08-01 00:19:52-04:00,AVGO,Scanner,RULE FAILED,None / required LIVE_QUOTE,Rule evaluation,Realtime,Quote Freshness,False,,LIVE_QUOTE,,,,,,,,,,,,,,,,,,,2026-08-01_001941,,
22058ae17b97f390cb6655fc,2026-08-01,2026-08-01 00:19:52-04:00,AVGO,Scanner,RULE PASSED,True / required True,Rule evaluation,Affordability,Affordability,True,True,True,,,,,,,,,,,,,,,,,,,2026-08-01_001941,,
b7f1d38534059796bd412004,2026-08-01,2026-08-01 00:19:52-04:00,AVGO,Scanner,RULE FAILED,NOT_LIFECYCLE_EVENT / required ELIGIBLE,Rule evaluation,Telegram,Telegram,False,NOT_LIFECYCLE_EVENT,ELIGIBLE,,,,,,,,,,,,,,,,,,,2026-08-01_001941,,
691a4436e4a0da8c5836efc8,2026-08-01,2026-08-01 00:19:53-04:00,MU,Scanner,STALE STOCK DATA,Stock aggregate data is not real-time,Scanner decision,Decision,NO_ENTRY_TRIGGER,False,STALE_STOCK_DATA,ENTER or ENTER_PAPER,STALE STOCK DATA,False,53.0,0.0,,2026-07-31T23:55:00+00:00,812.5,812.99,812.0,812.47,40814.39,NO_RECOMMENDATION,NOT_REQUESTED,NOT_REQUESTED,,NOT_CREATED,NO_LIFECYCLE_EVENT,NO_LIFECYCLE_EVENT,2026-08-01_001941,,
9a5bf01fd52f28fb5e585078,2026-08-01,2026-08-01 00:19:53-04:00,MU,Scanner,RULE FAILED,53.0 / required 83.0,Rule evaluation,Entry,Setup,False,53.0,83.0,,,,,,,,,,,,,,,,,,,2026-08-01_001941,,
d015be7d2dcc9843b26f890a,2026-08-01,2026-08-01 00:19:53-04:00,MU,Scanner,RULE FAILED,0.0 / required 2.0,Rule evaluation,Risk,RR,False,0.0,2.0,,,,,,,,,,,,,,,,,,,2026-08-01_001941,,
843e6b88988b52ff3018a0da,2026-08-01,2026-08-01 00:19:53-04:00,MU,Scanner,RULE FAILED,0.0 / required 65.0,Rule evaluation,Option,Option Quality,False,0.0,65.0,,,,,,,,,,,,,,,,,,,2026-08-01_001941,,
0f547744dd0690e04108583d,2026-08-01,2026-08-01 00:19:53-04:00,MU,Scanner,RULE FAILED,None / required LIVE_QUOTE,Rule evaluation,Realtime,Quote Freshness,False,,LIVE_QUOTE,,,,,,,,,,,,,,,,,,,2026-08-01_001941,,
3478b913dd8e43c2f3a899de,2026-08-01,2026-08-01 00:19:53-04:00,MU,Scanner,RULE PASSED,True / required True,Rule evaluation,Affordability,Affordability,True,True,True,,,,,,,,,,,,,,,,,,,2026-08-01_001941,,
0899db17cd5197c4b171a6c4,2026-08-01,2026-08-01 00:19:53-04:00,MU,Scanner,RULE FAILED,NOT_LIFECYCLE_EVENT / required ELIGIBLE,Rule evaluation,Telegram,Telegram,False,NOT_LIFECYCLE_EVENT,ELIGIBLE,,,,,,,,,,,,,,,,,,,2026-08-01_001941,,
3667667980823185b6665581,2026-08-01,2026-08-01 00:19:54-04:00,PLTR,Scanner,STALE STOCK DATA,Stock aggregate data is not real-time,Scanner decision,Decision,LOW_RR,False,STALE_STOCK_DATA,ENTER or ENTER_PAPER,STALE STOCK DATA,False,55.0,0.74,,2026-07-31T23:55:00+00:00,122.72,122.78,122.67,122.78,15707.13,NO_RECOMMENDATION,NOT_REQUESTED,NOT_REQUESTED,,NOT_CREATED,NO_LIFECYCLE_EVENT,NO_LIFECYCLE_EVENT,2026-08-01_001941,,
59c52818a5fb15c66411620d,2026-08-01,2026-08-01 00:19:54-04:00,PLTR,Scanner,RULE FAILED,55.0 / required 85.0,Rule evaluation,Entry,Setup,False,55.0,85.0,,,,,,,,,,,,,,,,,,,2026-08-01_001941,,
f9edf14aebcf991af02db4c6,2026-08-01,2026-08-01 00:19:54-04:00,PLTR,Scanner,RULE FAILED,0.74 / required 2.0,Rule evaluation,Risk,RR,False,0.74,2.0,,,,,,,,,,,,,,,,,,,2026-08-01_001941,,
4b9eaae355215a7f08814727,2026-08-01,2026-08-01 00:19:54-04:00,PLTR,Scanner,RULE FAILED,0.0 / required 65.0,Rule evaluation,Option,Option Quality,False,0.0,65.0,,,,,,,,,,,,,,,,,,,2026-08-01_001941,,
bd32f1cf0aaeac8dd639bf61,2026-08-01,2026-08-01 00:19:54-04:00,PLTR,Scanner,RULE FAILED,None / required LIVE_QUOTE,Rule evaluation,Realtime,Quote Freshness,False,,LIVE_QUOTE,,,,,,,,,,,,,,,,,,,2026-08-01_001941,,
43fccffef06d14e627e621ee,2026-08-01,2026-08-01 00:19:54-04:00,PLTR,Scanner,RULE PASSED,True / required True,Rule evaluation,Affordability,Affordability,True,True,True,,,,,,,,,,,,,,,,,,,2026-08-01_001941,,
31ddd0386b4a0fc7ddfc8cec,2026-08-01,2026-08-01 00:19:54-04:00,PLTR,Scanner,RULE FAILED,NOT_LIFECYCLE_EVENT / required ELIGIBLE,Rule evaluation,Telegram,Telegram,False,NOT_LIFECYCLE_EVENT,ELIGIBLE,,,,,,,,,,,,,,,,,,,2026-08-01_001941,,
ae2d4ce6fe515cfad778c58f,2026-08-01,2026-08-01 00:19:54-04:00,NFLX,Scanner,STALE STOCK DATA,Stock aggregate data is not real-time,Scanner decision,Decision,LOW_RR,False,STALE_STOCK_DATA,ENTER or ENTER_PAPER,STALE STOCK DATA,False,41.0,0.6,,2026-07-31T23:55:00+00:00,71.7,71.76,71.7,71.76,2614.0,NO_RECOMMENDATION,NOT_REQUESTED,NOT_REQUESTED,,NOT_CREATED,NO_LIFECYCLE_EVENT,NO_LIFECYCLE_EVENT,2026-08-01_001941,,
86069637f6c7013c444bbecd,2026-08-01,2026-08-01 00:19:54-04:00,NFLX,Scanner,RULE FAILED,41.0 / required 83.0,Rule evaluation,Entry,Setup,False,41.0,83.0,,,,,,,,,,,,,,,,,,,2026-08-01_001941,,
37afd43c22113699b6398db9,2026-08-01,2026-08-01 00:19:54-04:00,NFLX,Scanner,RULE FAILED,0.6 / required 2.0,Rule evaluation,Risk,RR,False,0.6,2.0,,,,,,,,,,,,,,,,,,,2026-08-01_001941,,
951a27e4ac3f983d60d7e58b,2026-08-01,2026-08-01 00:19:54-04:00,NFLX,Scanner,RULE FAILED,0.0 / required 65.0,Rule evaluation,Option,Option Quality,False,0.0,65.0,,,,,,,,,,,,,,,,,,,2026-08-01_001941,,
aa33f015154a8a811835e135,2026-08-01,2026-08-01 00:19:54-04:00,NFLX,Scanner,RULE FAILED,None / required LIVE_QUOTE,Rule evaluation,Realtime,Quote Freshness,False,,LIVE_QUOTE,,,,,,,,,,,,,,,,,,,2026-08-01_001941,,
f20e0ada11412bba5310e41d,2026-08-01,2026-08-01 00:19:54-04:00,NFLX,Scanner,RULE PASSED,True / required True,Rule evaluation,Affordability,Affordability,True,True,True,,,,,,,,,,,,,,,,,,,2026-08-01_001941,,
da497fb310e8bf534e38b9fe,2026-08-01,2026-08-01 00:19:54-04:00,NFLX,Scanner,RULE FAILED,NOT_LIFECYCLE_EVENT / required ELIGIBLE,Rule evaluation,Telegram,Telegram,False,NOT_LIFECYCLE_EVENT,ELIGIBLE,,,,,,,,,,,,,,,,,,,2026-08-01_001941,,
63a8b562e03bc8c2cf96adab,2026-08-01,2026-08-01 00:19:55-04:00,CRWD,Scanner,STALE STOCK DATA,Stock aggregate data is not real-time,Scanner decision,Decision,LOW_RR,False,STALE_STOCK_DATA,ENTER or ENTER_PAPER,STALE STOCK DATA,False,59.0,0.88,,2026-07-31T23:55:00+00:00,190.29,190.5,190.29,190.5,415.0,NO_RECOMMENDATION,NOT_REQUESTED,NOT_REQUESTED,,NOT_CREATED,NO_LIFECYCLE_EVENT,NO_LIFECYCLE_EVENT,2026-08-01_001941,,
f85bcda10224e916c8fb78a7,2026-08-01,2026-08-01 00:19:55-04:00,CRWD,Scanner,RULE FAILED,59.0 / required 83.0,Rule evaluation,Entry,Setup,False,59.0,83.0,,,,,,,,,,,,,,,,,,,2026-08-01_001941,,
43f0fdf1a4ce6d7ca849a607,2026-08-01,2026-08-01 00:19:55-04:00,CRWD,Scanner,RULE FAILED,0.88 / required 2.0,Rule evaluation,Risk,RR,False,0.88,2.0,,,,,,,,,,,,,,,,,,,2026-08-01_001941,,
d94dd3eb504d473d2cdead83,2026-08-01,2026-08-01 00:19:55-04:00,CRWD,Scanner,RULE FAILED,0.0 / required 65.0,Rule evaluation,Option,Option Quality,False,0.0,65.0,,,,,,,,,,,,,,,,,,,2026-08-01_001941,,
e0984f96cb7b920af1f132f8,2026-08-01,2026-08-01 00:19:55-04:00,CRWD,Scanner,RULE FAILED,None / required LIVE_QUOTE,Rule evaluation,Realtime,Quote Freshness,False,,LIVE_QUOTE,,,,,,,,,,,,,,,,,,,2026-08-01_001941,,
b3d82d5d812698c0232fff1f,2026-08-01,2026-08-01 00:19:55-04:00,CRWD,Scanner,RULE PASSED,True / required True,Rule evaluation,Affordability,Affordability,True,True,True,,,,,,,,,,,,,,,,,,,2026-08-01_001941,,
deb7ebc2b11b78d074cc2d62,2026-08-01,2026-08-01 00:19:55-04:00,CRWD,Scanner,RULE FAILED,NOT_LIFECYCLE_EVENT / required ELIGIBLE,Rule evaluation,Telegram,Telegram,False,NOT_LIFECYCLE_EVENT,ELIGIBLE,,,,,,,,,,,,,,,,,,,2026-08-01_001941,,
4bb1bc108efc911c02f33793,2026-08-01,2026-08-01 00:19:56-04:00,SMCI,Scanner,NO TRADE MARKET CLOSED,Market closed; no live intraday trade,Scanner decision,Decision,NO_DIRECTIONAL_EDGE,False,NO_TRADE_MARKET_CLOSED,ENTER or ENTER_PAPER,NO TRADE MARKET CLOSED,False,3.0,0.0,,2026-07-31T23:55:00+00:00,28.16,28.16,28.11,28.16,19022.0,NO_RECOMMENDATION,NOT_REQUESTED,NOT_REQUESTED,,NOT_CREATED,NO_LIFECYCLE_EVENT,NO_LIFECYCLE_EVENT,2026-08-01_001941,,
f799348ae9f2496d4e266642,2026-08-01,2026-08-01 00:19:56-04:00,SMCI,Scanner,RULE FAILED,3.0 / required 85.0,Rule evaluation,Entry,Setup,False,3.0,85.0,,,,,,,,,,,,,,,,,,,2026-08-01_001941,,
d8178c5188ad7ece355cb08a,2026-08-01,2026-08-01 00:19:56-04:00,SMCI,Scanner,RULE FAILED,0.0 / required 2.0,Rule evaluation,Risk,RR,False,0.0,2.0,,,,,,,,,,,,,,,,,,,2026-08-01_001941,,
e3df4fcc33ad873a9f63173a,2026-08-01,2026-08-01 00:19:56-04:00,SMCI,Scanner,RULE FAILED,0.0 / required 65.0,Rule evaluation,Option,Option Quality,False,0.0,65.0,,,,,,,,,,,,,,,,,,,2026-08-01_001941,,
4cd90bd56918ec684d8cd431,2026-08-01,2026-08-01 00:19:56-04:00,SMCI,Scanner,RULE FAILED,None / required LIVE_QUOTE,Rule evaluation,Realtime,Quote Freshness,False,,LIVE_QUOTE,,,,,,,,,,,,,,,,,,,2026-08-01_001941,,
c683a41a24b4ce118d118900,2026-08-01,2026-08-01 00:19:56-04:00,SMCI,Scanner,RULE PASSED,True / required True,Rule evaluation,Affordability,Affordability,True,True,True,,,,,,,,,,,,,,,,,,,2026-08-01_001941,,
bd03ed010677e5bb55520f26,2026-08-01,2026-08-01 00:19:56-04:00,SMCI,Scanner,RULE FAILED,NOT_LIFECYCLE_EVENT / required ELIGIBLE,Rule evaluation,Telegram,Telegram,False,NOT_LIFECYCLE_EVENT,ELIGIBLE,,,,,,,,,,,,,,,,,,,2026-08-01_001941,,
8205583d60944ae34556ee1f,2026-08-01,2026-08-01 00:19:56-04:00,SPCX,Scanner,NO TRADE MARKET CLOSED,Market closed; no live intraday trade,Scanner decision,Decision,NO_DIRECTIONAL_EDGE,False,NO_TRADE_MARKET_CLOSED,ENTER or ENTER_PAPER,NO TRADE MARKET CLOSED,False,7.0,0.0,,2026-07-31T23:55:00+00:00,107.73,107.8,107.7,107.79,51695.84,NO_RECOMMENDATION,NOT_REQUESTED,NOT_REQUESTED,,NOT_CREATED,NO_LIFECYCLE_EVENT,NO_LIFECYCLE_EVENT,2026-08-01_001941,,
b07ecc771177f1646ae6676f,2026-08-01,2026-08-01 00:19:56-04:00,SPCX,Scanner,RULE FAILED,7.0 / required 85.0,Rule evaluation,Entry,Setup,False,7.0,85.0,,,,,,,,,,,,,,,,,,,2026-08-01_001941,,
830656e4e5887c040d249c62,2026-08-01,2026-08-01 00:19:56-04:00,SPCX,Scanner,RULE FAILED,0.0 / required 2.0,Rule evaluation,Risk,RR,False,0.0,2.0,,,,,,,,,,,,,,,,,,,2026-08-01_001941,,
e558415a9ef442fac18859ba,2026-08-01,2026-08-01 00:19:56-04:00,SPCX,Scanner,RULE FAILED,0.0 / required 65.0,Rule evaluation,Option,Option Quality,False,0.0,65.0,,,,,,,,,,,,,,,,,,,2026-08-01_001941,,
b5ad70fd3a86a0f68048e152,2026-08-01,2026-08-01 00:19:56-04:00,SPCX,Scanner,RULE FAILED,None / required LIVE_QUOTE,Rule evaluation,Realtime,Quote Freshness,False,,LIVE_QUOTE,,,,,,,,,,,,,,,,,,,2026-08-01_001941,,
c3addef2ece880898cd22368,2026-08-01,2026-08-01 00:19:56-04:00,SPCX,Scanner,RULE PASSED,True / required True,Rule evaluation,Affordability,Affordability,True,True,True,,,,,,,,,,,,,,,,,,,2026-08-01_001941,,
98055aa5425e6e1e435febf7,2026-08-01,2026-08-01 00:19:56-04:00,SPCX,Scanner,RULE FAILED,NOT_LIFECYCLE_EVENT / required ELIGIBLE,Rule evaluation,Telegram,Telegram,False,NOT_LIFECYCLE_EVENT,ELIGIBLE,,,,,,,,,,,,,,,,,,,2026-08-01_001941,,
1003305280c1a80578ccdee0,2026-08-01,2026-08-01 00:19:57-04:00,SMH,Scanner,STALE STOCK DATA,Stock aggregate data is not real-time,Scanner decision,Decision,NO_ENTRY_TRIGGER,False,STALE_STOCK_DATA,ENTER or ENTER_PAPER,STALE STOCK DATA,False,14.0,0.0,,2026-07-31T23:55:00+00:00,539.0,539.0,538.79,539.0,902.0,NO_RECOMMENDATION,NOT_REQUESTED,NOT_REQUESTED,,NOT_CREATED,NO_LIFECYCLE_EVENT,NO_LIFECYCLE_EVENT,2026-08-01_001941,,
fab27d5aaeb2607c3e7e60bb,2026-08-01,2026-08-01 00:19:57-04:00,SMH,Scanner,RULE FAILED,14.0 / required 85.0,Rule evaluation,Entry,Setup,False,14.0,85.0,,,,,,,,,,,,,,,,,,,2026-08-01_001941,,
93fea8268a6d5aff50e1c136,2026-08-01,2026-08-01 00:19:57-04:00,SMH,Scanner,RULE FAILED,0.0 / required 2.0,Rule evaluation,Risk,RR,False,0.0,2.0,,,,,,,,,,,,,,,,,,,2026-08-01_001941,,
89fb59d6a65bf64066e2bec1,2026-08-01,2026-08-01 00:19:57-04:00,SMH,Scanner,RULE FAILED,0.0 / required 65.0,Rule evaluation,Option,Option Quality,False,0.0,65.0,,,,,,,,,,,,,,,,,,,2026-08-01_001941,,
43988fde28755e6e4fa8588f,2026-08-01,2026-08-01 00:19:57-04:00,SMH,Scanner,RULE FAILED,None / required LIVE_QUOTE,Rule evaluation,Realtime,Quote Freshness,False,,LIVE_QUOTE,,,,,,,,,,,,,,,,,,,2026-08-01_001941,,
27a2acd7040e1beb2e7b8aa7,2026-08-01,2026-08-01 00:19:57-04:00,SMH,Scanner,RULE PASSED,True / required True,Rule evaluation,Affordability,Affordability,True,True,True,,,,,,,,,,,,,,,,,,,2026-08-01_001941,,
f84bca8cf6345ea0902f5a83,2026-08-01,2026-08-01 00:19:57-04:00,SMH,Scanner,RULE FAILED,NOT_LIFECYCLE_EVENT / required ELIGIBLE,Rule evaluation,Telegram,Telegram,False,NOT_LIFECYCLE_EVENT,ELIGIBLE,,,,,,,,,,,,,,,,,,,2026-08-01_001941,,
c29754491a03028dcf42efae,2026-08-01,2026-08-01 00:19:58-04:00,ARM,Scanner,STALE STOCK DATA,Stock aggregate data is not real-time,Scanner decision,Decision,RISK_REJECTED,False,STALE_STOCK_DATA,ENTER or ENTER_PAPER,STALE STOCK DATA,False,46.0,1.59,,2026-07-31T23:55:00+00:00,235.59,235.59,234.92,234.92,5017.01,NO_RECOMMENDATION,NOT_REQUESTED,NOT_REQUESTED,,NOT_CREATED,NO_LIFECYCLE_EVENT,NO_LIFECYCLE_EVENT,2026-08-01_001941,,
f083290eb23c3e987fe3739b,2026-08-01,2026-08-01 00:19:58-04:00,ARM,Scanner,RULE FAILED,46.0 / required 83.0,Rule evaluation,Entry,Setup,False,46.0,83.0,,,,,,,,,,,,,,,,,,,2026-08-01_001941,,
c69e1cae3b29799bffd5c947,2026-08-01,2026-08-01 00:19:58-04:00,ARM,Scanner,RULE FAILED,1.59 / required 2.0,Rule evaluation,Risk,RR,False,1.59,2.0,,,,,,,,,,,,,,,,,,,2026-08-01_001941,,
e06ce9841e6376c0c4845838,2026-08-01,2026-08-01 00:19:58-04:00,ARM,Scanner,RULE FAILED,0.0 / required 65.0,Rule evaluation,Option,Option Quality,False,0.0,65.0,,,,,,,,,,,,,,,,,,,2026-08-01_001941,,
94a3e59c4bca74334ea44944,2026-08-01,2026-08-01 00:19:58-04:00,ARM,Scanner,RULE FAILED,None / required LIVE_QUOTE,Rule evaluation,Realtime,Quote Freshness,False,,LIVE_QUOTE,,,,,,,,,,,,,,,,,,,2026-08-01_001941,,
0445ee08b1ca102292a2d885,2026-08-01,2026-08-01 00:19:58-04:00,ARM,Scanner,RULE PASSED,True / required True,Rule evaluation,Affordability,Affordability,True,True,True,,,,,,,,,,,,,,,,,,,2026-08-01_001941,,
b28f15993dcd41cefeaaa287,2026-08-01,2026-08-01 00:19:58-04:00,ARM,Scanner,RULE FAILED,NOT_LIFECYCLE_EVENT / required ELIGIBLE,Rule evaluation,Telegram,Telegram,False,NOT_LIFECYCLE_EVENT,ELIGIBLE,,,,,,,,,,,,,,,,,,,2026-08-01_001941,,
c8aef343559bc8f80501282f,2026-08-01,2026-08-01 00:19:58-04:00,TSM,Scanner,STALE STOCK DATA,Stock aggregate data is not real-time,Scanner decision,Decision,LOW_RR,False,STALE_STOCK_DATA,ENTER or ENTER_PAPER,STALE STOCK DATA,False,47.0,0.84,,2026-07-31T23:55:00+00:00,404.0,404.1,403.73,404.0,8527.0,NO_RECOMMENDATION,NOT_REQUESTED,NOT_REQUESTED,,NOT_CREATED,NO_LIFECYCLE_EVENT,NO_LIFECYCLE_EVENT,2026-08-01_001941,,
93a53bf571454ba65ec96038,2026-08-01,2026-08-01 00:19:58-04:00,TSM,Scanner,RULE FAILED,47.0 / required 85.0,Rule evaluation,Entry,Setup,False,47.0,85.0,,,,,,,,,,,,,,,,,,,2026-08-01_001941,,
d9d8f520b6880751d48a8790,2026-08-01,2026-08-01 00:19:58-04:00,TSM,Scanner,RULE FAILED,0.84 / required 2.0,Rule evaluation,Risk,RR,False,0.84,2.0,,,,,,,,,,,,,,,,,,,2026-08-01_001941,,
98ca28bcd459d2e38d51670f,2026-08-01,2026-08-01 00:19:58-04:00,TSM,Scanner,RULE FAILED,0.0 / required 65.0,Rule evaluation,Option,Option Quality,False,0.0,65.0,,,,,,,,,,,,,,,,,,,2026-08-01_001941,,
466078100dbbd2a16c7d1897,2026-08-01,2026-08-01 00:19:58-04:00,TSM,Scanner,RULE FAILED,None / required LIVE_QUOTE,Rule evaluation,Realtime,Quote Freshness,False,,LIVE_QUOTE,,,,,,,,,,,,,,,,,,,2026-08-01_001941,,
51386eca84f969029b439d59,2026-08-01,2026-08-01 00:19:58-04:00,TSM,Scanner,RULE PASSED,True / required True,Rule evaluation,Affordability,Affordability,True,True,True,,,,,,,,,,,,,,,,,,,2026-08-01_001941,,
9145937bdaebf4ad0cefc342,2026-08-01,2026-08-01 00:19:58-04:00,TSM,Scanner,RULE FAILED,NOT_LIFECYCLE_EVENT / required ELIGIBLE,Rule evaluation,Telegram,Telegram,False,NOT_LIFECYCLE_EVENT,ELIGIBLE,,,,,,,,,,,,,,,,,,,2026-08-01_001941,,
2a69112a47996a35f60d0f00,2026-08-01,2026-08-01 00:19:59-04:00,INTC,Scanner,STALE STOCK DATA,Stock aggregate data is not real-time,Scanner decision,Decision,NO_ENTRY_TRIGGER,False,STALE_STOCK_DATA,ENTER or ENTER_PAPER,STALE STOCK DATA,False,49.0,0.0,,2026-07-31T23:55:00+00:00,89.39,89.39,89.21,89.21,64808.74,NO_RECOMMENDATION,NOT_REQUESTED,NOT_REQUESTED,,NOT_CREATED,NO_LIFECYCLE_EVENT,NO_LIFECYCLE_EVENT,2026-08-01_001941,,
82c8e26e56b42bee9a66f759,2026-08-01,2026-08-01 00:19:59-04:00,INTC,Scanner,RULE FAILED,49.0 / required 83.0,Rule evaluation,Entry,Setup,False,49.0,83.0,,,,,,,,,,,,,,,,,,,2026-08-01_001941,,
3e791556d6176a11173adeca,2026-08-01,2026-08-01 00:19:59-04:00,INTC,Scanner,RULE FAILED,0.0 / required 2.0,Rule evaluation,Risk,RR,False,0.0,2.0,,,,,,,,,,,,,,,,,,,2026-08-01_001941,,
ecacd964880fe71da1b086af,2026-08-01,2026-08-01 00:19:59-04:00,INTC,Scanner,RULE FAILED,0.0 / required 65.0,Rule evaluation,Option,Option Quality,False,0.0,65.0,,,,,,,,,,,,,,,,,,,2026-08-01_001941,,
172c0f4cee0b35431efdfeee,2026-08-01,2026-08-01 00:19:59-04:00,INTC,Scanner,RULE FAILED,None / required LIVE_QUOTE,Rule evaluation,Realtime,Quote Freshness,False,,LIVE_QUOTE,,,,,,,,,,,,,,,,,,,2026-08-01_001941,,
cabcbb24d7ad0c76b05f3678,2026-08-01,2026-08-01 00:19:59-04:00,INTC,Scanner,RULE PASSED,True / required True,Rule evaluation,Affordability,Affordability,True,True,True,,,,,,,,,,,,,,,,,,,2026-08-01_001941,,
7dde3cc75da83e873f320f81,2026-08-01,2026-08-01 00:19:59-04:00,INTC,Scanner,RULE FAILED,NOT_LIFECYCLE_EVENT / required ELIGIBLE,Rule evaluation,Telegram,Telegram,False,NOT_LIFECYCLE_EVENT,ELIGIBLE,,,,,,,,,,,,,,,,,,,2026-08-01_001941,,
982961e0468d29489b31c06d,2026-08-01,2026-08-01 00:20:00-04:00,AMAT,Scanner,NO TRADE MARKET CLOSED,Market closed; no live intraday trade,Scanner decision,Decision,NO_DIRECTIONAL_EDGE,False,NO_TRADE_MARKET_CLOSED,ENTER or ENTER_PAPER,NO TRADE MARKET CLOSED,False,0.0,0.0,,2026-07-31T23:55:00+00:00,505.83,507.0,505.75,507.0,511.4,NO_RECOMMENDATION,NOT_REQUESTED,NOT_REQUESTED,,NOT_CREATED,NO_LIFECYCLE_EVENT,NO_LIFECYCLE_EVENT,2026-08-01_001941,,
a513209591f272d36f43dded,2026-08-01,2026-08-01 00:20:00-04:00,AMAT,Scanner,RULE FAILED,0.0 / required 83.0,Rule evaluation,Entry,Setup,False,0.0,83.0,,,,,,,,,,,,,,,,,,,2026-08-01_001941,,
4437137cc49662f902d6106d,2026-08-01,2026-08-01 00:20:00-04:00,AMAT,Scanner,RULE FAILED,0.0 / required 2.0,Rule evaluation,Risk,RR,False,0.0,2.0,,,,,,,,,,,,,,,,,,,2026-08-01_001941,,
f2749e8d50e53f176eb4e0c8,2026-08-01,2026-08-01 00:20:00-04:00,AMAT,Scanner,RULE FAILED,0.0 / required 65.0,Rule evaluation,Option,Option Quality,False,0.0,65.0,,,,,,,,,,,,,,,,,,,2026-08-01_001941,,
fb11a340ab1bc033f2fcb552,2026-08-01,2026-08-01 00:20:00-04:00,AMAT,Scanner,RULE FAILED,None / required LIVE_QUOTE,Rule evaluation,Realtime,Quote Freshness,False,,LIVE_QUOTE,,,,,,,,,,,,,,,,,,,2026-08-01_001941,,
42c8892a97407ad35f4a8426,2026-08-01,2026-08-01 00:20:00-04:00,AMAT,Scanner,RULE PASSED,True / required True,Rule evaluation,Affordability,Affordability,True,True,True,,,,,,,,,,,,,,,,,,,2026-08-01_001941,,
33b38590160de9bd4c6d3a69,2026-08-01,2026-08-01 00:20:00-04:00,AMAT,Scanner,RULE FAILED,NOT_LIFECYCLE_EVENT / required ELIGIBLE,Rule evaluation,Telegram,Telegram,False,NOT_LIFECYCLE_EVENT,ELIGIBLE,,,,,,,,,,,,,,,,,,,2026-08-01_001941,,
3fad4966b04a386987d4feb2,2026-08-01,2026-08-01 00:20:00-04:00,LRCX,Scanner,STALE STOCK DATA,Stock aggregate data is not real-time,Scanner decision,Decision,RISK_REJECTED,False,STALE_STOCK_DATA,ENTER or ENTER_PAPER,STALE STOCK DATA,False,45.0,1.59,,2026-07-31T23:55:00+00:00,292.0,292.1,292.0,292.1,489.0,NO_RECOMMENDATION,NOT_REQUESTED,NOT_REQUESTED,,NOT_CREATED,NO_LIFECYCLE_EVENT,NO_LIFECYCLE_EVENT,2026-08-01_001941,,
46ee613a4e54d2ed9ee0ba4e,2026-08-01,2026-08-01 00:20:00-04:00,LRCX,Scanner,RULE FAILED,45.0 / required 85.0,Rule evaluation,Entry,Setup,False,45.0,85.0,,,,,,,,,,,,,,,,,,,2026-08-01_001941,,
dbb35873aaded2a8d651aefd,2026-08-01,2026-08-01 00:20:00-04:00,LRCX,Scanner,RULE FAILED,1.59 / required 2.0,Rule evaluation,Risk,RR,False,1.59,2.0,,,,,,,,,,,,,,,,,,,2026-08-01_001941,,
4fa67f4e802435cf9c191030,2026-08-01,2026-08-01 00:20:00-04:00,LRCX,Scanner,RULE FAILED,0.0 / required 65.0,Rule evaluation,Option,Option Quality,False,0.0,65.0,,,,,,,,,,,,,,,,,,,2026-08-01_001941,,
7379d3d4bb11c1d105d19e7e,2026-08-01,2026-08-01 00:20:00-04:00,LRCX,Scanner,RULE FAILED,None / required LIVE_QUOTE,Rule evaluation,Realtime,Quote Freshness,False,,LIVE_QUOTE,,,,,,,,,,,,,,,,,,,2026-08-01_001941,,
d8546b6d174c481e0341c7ad,2026-08-01,2026-08-01 00:20:00-04:00,LRCX,Scanner,RULE PASSED,True / required True,Rule evaluation,Affordability,Affordability,True,True,True,,,,,,,,,,,,,,,,,,,2026-08-01_001941,,
245fc5e7de6b715a8409ec3f,2026-08-01,2026-08-01 00:20:00-04:00,LRCX,Scanner,RULE FAILED,NOT_LIFECYCLE_EVENT / required ELIGIBLE,Rule evaluation,Telegram,Telegram,False,NOT_LIFECYCLE_EVENT,ELIGIBLE,,,,,,,,,,,,,,,,,,,2026-08-01_001941,,
3dddee14ecb03134c0b0d206,2026-08-01,2026-08-01 00:20:01-04:00,MRVL,Scanner,STALE STOCK DATA,Stock aggregate data is not real-time,Scanner decision,Decision,NO_ENTRY_TRIGGER,False,STALE_STOCK_DATA,ENTER or ENTER_PAPER,STALE STOCK DATA,False,25.0,0.0,,2026-07-31T23:55:00+00:00,185.9,185.9,185.59,185.6,18457.38,NO_RECOMMENDATION,NOT_REQUESTED,NOT_REQUESTED,,NOT_CREATED,NO_LIFECYCLE_EVENT,NO_LIFECYCLE_EVENT,2026-08-01_001941,,
09674f69e6f35b769ffc7e65,2026-08-01,2026-08-01 00:20:01-04:00,MRVL,Scanner,RULE FAILED,25.0 / required 83.0,Rule evaluation,Entry,Setup,False,25.0,83.0,,,,,,,,,,,,,,,,,,,2026-08-01_001941,,
c50e79e9da2cdc0a2593656a,2026-08-01,2026-08-01 00:20:01-04:00,MRVL,Scanner,RULE FAILED,0.0 / required 2.0,Rule evaluation,Risk,RR,False,0.0,2.0,,,,,,,,,,,,,,,,,,,2026-08-01_001941,,
8c1654659fe27b088b0f76c1,2026-08-01,2026-08-01 00:20:01-04:00,MRVL,Scanner,RULE FAILED,0.0 / required 65.0,Rule evaluation,Option,Option Quality,False,0.0,65.0,,,,,,,,,,,,,,,,,,,2026-08-01_001941,,
3c0c762059951a27ed0f8d96,2026-08-01,2026-08-01 00:20:01-04:00,MRVL,Scanner,RULE FAILED,None / required LIVE_QUOTE,Rule evaluation,Realtime,Quote Freshness,False,,LIVE_QUOTE,,,,,,,,,,,,,,,,,,,2026-08-01_001941,,
8dd6aea27fc54175e7d21a2e,2026-08-01,2026-08-01 00:20:01-04:00,MRVL,Scanner,RULE PASSED,True / required True,Rule evaluation,Affordability,Affordability,True,True,True,,,,,,,,,,,,,,,,,,,2026-08-01_001941,,
17adb87f5f21d96760e69089,2026-08-01,2026-08-01 00:20:01-04:00,MRVL,Scanner,RULE FAILED,NOT_LIFECYCLE_EVENT / required ELIGIBLE,Rule evaluation,Telegram,Telegram,False,NOT_LIFECYCLE_EVENT,ELIGIBLE,,,,,,,,,,,,,,,,,,,2026-08-01_001941,,
0087e4a7b4e919b38f890c29,2026-08-01,2026-08-01 00:20:06-04:00,ORCL,Scanner,STALE STOCK DATA,Stock aggregate data is not real-time,Scanner decision,Decision,LOW_RR,False,STALE_STOCK_DATA,ENTER or ENTER_PAPER,STALE STOCK DATA,False,38.0,1.05,,2026-07-31T23:55:00+00:00,129.07,129.17,128.95,128.95,8666.08,NO_RECOMMENDATION,NOT_REQUESTED,NOT_REQUESTED,,NOT_CREATED,NO_LIFECYCLE_EVENT,NO_LIFECYCLE_EVENT,2026-08-01_001941,,
a23296a70ae6bff924316ebc,2026-08-01,2026-08-01 00:20:06-04:00,ORCL,Scanner,RULE FAILED,38.0 / required 85.0,Rule evaluation,Entry,Setup,False,38.0,85.0,,,,,,,,,,,,,,,,,,,2026-08-01_001941,,
83ed973ffb1f497b7f74311d,2026-08-01,2026-08-01 00:20:06-04:00,ORCL,Scanner,RULE FAILED,1.05 / required 2.0,Rule evaluation,Risk,RR,False,1.05,2.0,,,,,,,,,,,,,,,,,,,2026-08-01_001941,,
dcfe735ce8a88fcd9df174a3,2026-08-01,2026-08-01 00:20:06-04:00,ORCL,Scanner,RULE FAILED,0.0 / required 65.0,Rule evaluation,Option,Option Quality,False,0.0,65.0,,,,,,,,,,,,,,,,,,,2026-08-01_001941,,
a11af1ab741ca3d12d550fbb,2026-08-01,2026-08-01 00:20:06-04:00,ORCL,Scanner,RULE FAILED,None / required LIVE_QUOTE,Rule evaluation,Realtime,Quote Freshness,False,,LIVE_QUOTE,,,,,,,,,,,,,,,,,,,2026-08-01_001941,,
899469dce7adcc799c6128e5,2026-08-01,2026-08-01 00:20:06-04:00,ORCL,Scanner,RULE PASSED,True / required True,Rule evaluation,Affordability,Affordability,True,True,True,,,,,,,,,,,,,,,,,,,2026-08-01_001941,,
fdaf66bbb72f00b5d43464cf,2026-08-01,2026-08-01 00:20:06-04:00,ORCL,Scanner,RULE FAILED,NOT_LIFECYCLE_EVENT / required ELIGIBLE,Rule evaluation,Telegram,Telegram,False,NOT_LIFECYCLE_EVENT,ELIGIBLE,,,,,,,,,,,,,,,,,,,2026-08-01_001941,,
d555759f543183556baccbd9,2026-08-01,2026-08-01 00:20:07-04:00,PANW,Scanner,NO TRADE MARKET CLOSED,Market closed; no live intraday trade,Scanner decision,Decision,NO_DIRECTIONAL_EDGE,False,NO_TRADE_MARKET_CLOSED,ENTER or ENTER_PAPER,NO TRADE MARKET CLOSED,False,8.0,0.0,,2026-07-31T23:10:00+00:00,329.83,329.83,329.83,329.83,100.0,NO_RECOMMENDATION,NOT_REQUESTED,NOT_REQUESTED,,NOT_CREATED,NO_LIFECYCLE_EVENT,NO_LIFECYCLE_EVENT,2026-08-01_001941,,
12cc4aa5307e9c7b1fa61e78,2026-08-01,2026-08-01 00:20:07-04:00,PANW,Scanner,RULE FAILED,8.0 / required 85.0,Rule evaluation,Entry,Setup,False,8.0,85.0,,,,,,,,,,,,,,,,,,,2026-08-01_001941,,
e82e798a729739d6fa726c5b,2026-08-01,2026-08-01 00:20:07-04:00,PANW,Scanner,RULE FAILED,0.0 / required 2.0,Rule evaluation,Risk,RR,False,0.0,2.0,,,,,,,,,,,,,,,,,,,2026-08-01_001941,,
23866c9b4ef822c869d7e724,2026-08-01,2026-08-01 00:20:07-04:00,PANW,Scanner,RULE FAILED,0.0 / required 65.0,Rule evaluation,Option,Option Quality,False,0.0,65.0,,,,,,,,,,,,,,,,,,,2026-08-01_001941,,
6dfc6be990cbd5a515a6fb11,2026-08-01,2026-08-01 00:20:07-04:00,PANW,Scanner,RULE FAILED,None / required LIVE_QUOTE,Rule evaluation,Realtime,Quote Freshness,False,,LIVE_QUOTE,,,,,,,,,,,,,,,,,,,2026-08-01_001941,,
2d9c796412fc340c812fed28,2026-08-01,2026-08-01 00:20:07-04:00,PANW,Scanner,RULE PASSED,True / required True,Rule evaluation,Affordability,Affordability,True,True,True,,,,,,,,,,,,,,,,,,,2026-08-01_001941,,
cb3d5397bceb38bf7fa2f42a,2026-08-01,2026-08-01 00:20:07-04:00,PANW,Scanner,RULE FAILED,NOT_LIFECYCLE_EVENT / required ELIGIBLE,Rule evaluation,Telegram,Telegram,False,NOT_LIFECYCLE_EVENT,ELIGIBLE,,,,,,,,,,,,,,,,,,,2026-08-01_001941,,
db408a095a311b34c4394563,2026-08-01,2026-08-01 00:20:07-04:00,SOXL,Scanner,STALE STOCK DATA,Stock aggregate data is not real-time,Scanner decision,Decision,RISK_REJECTED,False,STALE_STOCK_DATA,ENTER or ENTER_PAPER,STALE STOCK DATA,False,38.0,1.74,,2026-07-31T23:55:00+00:00,113.0,113.15,112.66,112.66,79551.13,NO_RECOMMENDATION,NOT_REQUESTED,NOT_REQUESTED,,NOT_CREATED,NO_LIFECYCLE_EVENT,NO_LIFECYCLE_EVENT,2026-08-01_001941,,
ab0f365e5a3fc8dd25250c83,2026-08-01,2026-08-01 00:20:07-04:00,SOXL,Scanner,RULE FAILED,38.0 / required 83.0,Rule evaluation,Entry,Setup,False,38.0,83.0,,,,,,,,,,,,,,,,,,,2026-08-01_001941,,
36b3b13ebec712bcf7f8ffe2,2026-08-01,2026-08-01 00:20:07-04:00,SOXL,Scanner,RULE FAILED,1.74 / required 2.0,Rule evaluation,Risk,RR,False,1.74,2.0,,,,,,,,,,,,,,,,,,,2026-08-01_001941,,
c85c5e49b8efc1223cc82e3d,2026-08-01,2026-08-01 00:20:07-04:00,SOXL,Scanner,RULE FAILED,0.0 / required 65.0,Rule evaluation,Option,Option Quality,False,0.0,65.0,,,,,,,,,,,,,,,,,,,2026-08-01_001941,,
3b95371b94c7f59265f9ef7a,2026-08-01,2026-08-01 00:20:07-04:00,SOXL,Scanner,RULE FAILED,None / required LIVE_QUOTE,Rule evaluation,Realtime,Quote Freshness,False,,LIVE_QUOTE,,,,,,,,,,,,,,,,,,,2026-08-01_001941,,
b34787fa44fa26146aaf1101,2026-08-01,2026-08-01 00:20:07-04:00,SOXL,Scanner,RULE PASSED,True / required True,Rule evaluation,Affordability,Affordability,True,True,True,,,,,,,,,,,,,,,,,,,2026-08-01_001941,,
e6b9c7075f922631f2168a5a,2026-08-01,2026-08-01 00:20:07-04:00,SOXL,Scanner,RULE FAILED,NOT_LIFECYCLE_EVENT / required ELIGIBLE,Rule evaluation,Telegram,Telegram,False,NOT_LIFECYCLE_EVENT,ELIGIBLE,,,,,,,,,,,,,,,,,,,2026-08-01_001941,,
cba142aba9b5588cca7caf3e,2026-08-01,2026-08-01 00:22:01-04:00,QQQ,Scanner,STALE STOCK DATA,Stock aggregate data is not real-time,Scanner decision,Decision,LOW_RR,False,STALE_STOCK_DATA,ENTER or ENTER_PAPER,STALE STOCK DATA,False,59.0,0.53,,2026-07-31T23:55:00+00:00,685.0,685.01,684.34,684.47,7736.3,NO_RECOMMENDATION,NOT_REQUESTED,NOT_REQUESTED,,NOT_CREATED,NO_LIFECYCLE_EVENT,NO_LIFECYCLE_EVENT,2026-08-01_002154,,
138e30f326e60e1a7dddca9d,2026-08-01,2026-08-01 00:22:01-04:00,QQQ,Scanner,RULE FAILED,59.0 / required 83.0,Rule evaluation,Entry,Setup,False,59.0,83.0,,,,,,,,,,,,,,,,,,,2026-08-01_002154,,
bdd2e569596d83ed8fbb6dc2,2026-08-01,2026-08-01 00:22:01-04:00,QQQ,Scanner,RULE FAILED,0.53 / required 2.0,Rule evaluation,Risk,RR,False,0.53,2.0,,,,,,,,,,,,,,,,,,,2026-08-01_002154,,
c956250b9e3b2533abf16b27,2026-08-01,2026-08-01 00:22:01-04:00,QQQ,Scanner,RULE FAILED,0.0 / required 65.0,Rule evaluation,Option,Option Quality,False,0.0,65.0,,,,,,,,,,,,,,,,,,,2026-08-01_002154,,
3601c904cd306316c8122e8c,2026-08-01,2026-08-01 00:22:01-04:00,QQQ,Scanner,RULE FAILED,None / required LIVE_QUOTE,Rule evaluation,Realtime,Quote Freshness,False,,LIVE_QUOTE,,,,,,,,,,,,,,,,,,,2026-08-01_002154,,
1f8334e8747d198c8059db37,2026-08-01,2026-08-01 00:22:01-04:00,QQQ,Scanner,RULE PASSED,True / required True,Rule evaluation,Affordability,Affordability,True,True,True,,,,,,,,,,,,,,,,,,,2026-08-01_002154,,
914ae98b494251ce99e9f8ca,2026-08-01,2026-08-01 00:22:01-04:00,QQQ,Scanner,RULE FAILED,NOT_LIFECYCLE_EVENT / required ELIGIBLE,Rule evaluation,Telegram,Telegram,False,NOT_LIFECYCLE_EVENT,ELIGIBLE,,,,,,,,,,,,,,,,,,,2026-08-01_002154,,
fa411b8a576f65eabddef04c,2026-08-01,2026-08-01 00:22:02-04:00,SPY,Scanner,STALE STOCK DATA,Stock aggregate data is not real-time,Scanner decision,Decision,LOW_RR,False,STALE_STOCK_DATA,ENTER or ENTER_PAPER,STALE STOCK DATA,False,59.0,0.34,,2026-07-31T23:55:00+00:00,744.48,744.6,744.2,744.2,10114.04,NO_RECOMMENDATION,NOT_REQUESTED,NOT_REQUESTED,,NOT_CREATED,NO_LIFECYCLE_EVENT,NO_LIFECYCLE_EVENT,2026-08-01_002154,,
b172410b132513a9478bc6ee,2026-08-01,2026-08-01 00:22:02-04:00,SPY,Scanner,RULE FAILED,59.0 / required 83.0,Rule evaluation,Entry,Setup,False,59.0,83.0,,,,,,,,,,,,,,,,,,,2026-08-01_002154,,
3cef45e2701910ffcab9cb08,2026-08-01,2026-08-01 00:22:02-04:00,SPY,Scanner,RULE FAILED,0.34 / required 2.0,Rule evaluation,Risk,RR,False,0.34,2.0,,,,,,,,,,,,,,,,,,,2026-08-01_002154,,
dd2c5c849c3955ccdfc39b2c,2026-08-01,2026-08-01 00:22:02-04:00,SPY,Scanner,RULE FAILED,0.0 / required 65.0,Rule evaluation,Option,Option Quality,False,0.0,65.0,,,,,,,,,,,,,,,,,,,2026-08-01_002154,,
c4dd740f74f5c06ac78b09a3,2026-08-01,2026-08-01 00:22:02-04:00,SPY,Scanner,RULE FAILED,None / required LIVE_QUOTE,Rule evaluation,Realtime,Quote Freshness,False,,LIVE_QUOTE,,,,,,,,,,,,,,,,,,,2026-08-01_002154,,
c5e881f181ab27abb9dfdfec,2026-08-01,2026-08-01 00:22:02-04:00,SPY,Scanner,RULE PASSED,True / required True,Rule evaluation,Affordability,Affordability,True,True,True,,,,,,,,,,,,,,,,,,,2026-08-01_002154,,
a6932feece096e61acbe5357,2026-08-01,2026-08-01 00:22:02-04:00,SPY,Scanner,RULE FAILED,NOT_LIFECYCLE_EVENT / required ELIGIBLE,Rule evaluation,Telegram,Telegram,False,NOT_LIFECYCLE_EVENT,ELIGIBLE,,,,,,,,,,,,,,,,,,,2026-08-01_002154,,
3319cb2f5b304fa7834a53a5,2026-08-01,2026-08-01 00:22:02-04:00,NVDA,Scanner,NO TRADE MARKET CLOSED,Market closed; no live intraday trade,Scanner decision,Decision,NO_DIRECTIONAL_EDGE,False,NO_TRADE_MARKET_CLOSED,ENTER or ENTER_PAPER,NO TRADE MARKET CLOSED,False,8.0,0.0,,2026-07-31T23:55:00+00:00,199.02,199.05,198.95,198.98,41709.8,NO_RECOMMENDATION,NOT_REQUESTED,NOT_REQUESTED,,NOT_CREATED,NO_LIFECYCLE_EVENT,NO_LIFECYCLE_EVENT,2026-08-01_002154,,
347e59bb0ec12aa3f6ad6cd2,2026-08-01,2026-08-01 00:22:02-04:00,NVDA,Scanner,RULE FAILED,8.0 / required 85.0,Rule evaluation,Entry,Setup,False,8.0,85.0,,,,,,,,,,,,,,,,,,,2026-08-01_002154,,
d143c6d60a5417f20c7c4967,2026-08-01,2026-08-01 00:22:02-04:00,NVDA,Scanner,RULE FAILED,0.0 / required 2.0,Rule evaluation,Risk,RR,False,0.0,2.0,,,,,,,,,,,,,,,,,,,2026-08-01_002154,,
ae3e593069f0da298bcd903b,2026-08-01,2026-08-01 00:22:02-04:00,NVDA,Scanner,RULE FAILED,0.0 / required 65.0,Rule evaluation,Option,Option Quality,False,0.0,65.0,,,,,,,,,,,,,,,,,,,2026-08-01_002154,,
8ac267ab49c68ac6da277156,2026-08-01,2026-08-01 00:22:02-04:00,NVDA,Scanner,RULE FAILED,None / required LIVE_QUOTE,Rule evaluation,Realtime,Quote Freshness,False,,LIVE_QUOTE,,,,,,,,,,,,,,,,,,,2026-08-01_002154,,
69301ed00d94d6f8ce372374,2026-08-01,2026-08-01 00:22:02-04:00,NVDA,Scanner,RULE PASSED,True / required True,Rule evaluation,Affordability,Affordability,True,True,True,,,,,,,,,,,,,,,,,,,2026-08-01_002154,,
d8418d16122b148415135f2b,2026-08-01,2026-08-01 00:22:02-04:00,NVDA,Scanner,RULE FAILED,NOT_LIFECYCLE_EVENT / required ELIGIBLE,Rule evaluation,Telegram,Telegram,False,NOT_LIFECYCLE_EVENT,ELIGIBLE,,,,,,,,,,,,,,,,,,,2026-08-01_002154,,
9a80a5a1a58ac43a6d6efdb5,2026-08-01,2026-08-01 00:22:03-04:00,AAPL,Scanner,NO TRADE MARKET CLOSED,Market closed; no live intraday trade,Scanner decision,Decision,NO_DIRECTIONAL_EDGE,False,NO_TRADE_MARKET_CLOSED,ENTER or ENTER_PAPER,NO TRADE MARKET CLOSED,False,5.0,0.0,,2026-07-31T23:55:00+00:00,307.48,307.49,307.18,307.36,15793.67,NO_RECOMMENDATION,NOT_REQUESTED,NOT_REQUESTED,,NOT_CREATED,NO_LIFECYCLE_EVENT,NO_LIFECYCLE_EVENT,2026-08-01_002154,,
ff0e444e47726af4b96339b0,2026-08-01,2026-08-01 00:22:03-04:00,AAPL,Scanner,RULE FAILED,5.0 / required 85.0,Rule evaluation,Entry,Setup,False,5.0,85.0,,,,,,,,,,,,,,,,,,,2026-08-01_002154,,
b595efb29b316ba9db225cc1,2026-08-01,2026-08-01 00:22:03-04:00,AAPL,Scanner,RULE FAILED,0.0 / required 2.0,Rule evaluation,Risk,RR,False,0.0,2.0,,,,,,,,,,,,,,,,,,,2026-08-01_002154,,
16084aa0211b434deaa451d7,2026-08-01,2026-08-01 00:22:03-04:00,AAPL,Scanner,RULE FAILED,0.0 / required 65.0,Rule evaluation,Option,Option Quality,False,0.0,65.0,,,,,,,,,,,,,,,,,,,2026-08-01_002154,,
3fb107a04512846e8d4f1541,2026-08-01,2026-08-01 00:22:03-04:00,AAPL,Scanner,RULE FAILED,None / required LIVE_QUOTE,Rule evaluation,Realtime,Quote Freshness,False,,LIVE_QUOTE,,,,,,,,,,,,,,,,,,,2026-08-01_002154,,
8e27ccc613118b43fccb9280,2026-08-01,2026-08-01 00:22:03-04:00,AAPL,Scanner,RULE PASSED,True / required True,Rule evaluation,Affordability,Affordability,True,True,True,,,,,,,,,,,,,,,,,,,2026-08-01_002154,,
f0ad8570d94fcf5154ef94e7,2026-08-01,2026-08-01 00:22:03-04:00,AAPL,Scanner,RULE FAILED,NOT_LIFECYCLE_EVENT / required ELIGIBLE,Rule evaluation,Telegram,Telegram,False,NOT_LIFECYCLE_EVENT,ELIGIBLE,,,,,,,,,,,,,,,,,,,2026-08-01_002154,,
64bcaff99c71ce044ebdd166,2026-08-01,2026-08-01 00:22:04-04:00,MSFT,Scanner,STALE STOCK DATA,Stock aggregate data is not real-time,Scanner decision,Decision,LOW_RR,False,STALE_STOCK_DATA,ENTER or ENTER_PAPER,STALE STOCK DATA,False,58.0,0.74,,2026-07-31T23:55:00+00:00,461.74,462.0,461.74,461.81,6190.65,NO_RECOMMENDATION,NOT_REQUESTED,NOT_REQUESTED,,NOT_CREATED,NO_LIFECYCLE_EVENT,NO_LIFECYCLE_EVENT,2026-08-01_002154,,
b25b2562f090a9136ce120b6,2026-08-01,2026-08-01 00:22:04-04:00,MSFT,Scanner,RULE FAILED,58.0 / required 85.0,Rule evaluation,Entry,Setup,False,58.0,85.0,,,,,,,,,,,,,,,,,,,2026-08-01_002154,,
e3a633e2480dbc9f167ed1c1,2026-08-01,2026-08-01 00:22:04-04:00,MSFT,Scanner,RULE FAILED,0.74 / required 2.0,Rule evaluation,Risk,RR,False,0.74,2.0,,,,,,,,,,,,,,,,,,,2026-08-01_002154,,
4e032a53fce9b493622f9832,2026-08-01,2026-08-01 00:22:04-04:00,MSFT,Scanner,RULE FAILED,0.0 / required 65.0,Rule evaluation,Option,Option Quality,False,0.0,65.0,,,,,,,,,,,,,,,,,,,2026-08-01_002154,,
4fcea0178c7758417e0a68e9,2026-08-01,2026-08-01 00:22:04-04:00,MSFT,Scanner,RULE FAILED,None / required LIVE_QUOTE,Rule evaluation,Realtime,Quote Freshness,False,,LIVE_QUOTE,,,,,,,,,,,,,,,,,,,2026-08-01_002154,,
e01960f4357fcb1c570acc47,2026-08-01,2026-08-01 00:22:04-04:00,MSFT,Scanner,RULE PASSED,True / required True,Rule evaluation,Affordability,Affordability,True,True,True,,,,,,,,,,,,,,,,,,,2026-08-01_002154,,
72be0361ad8c403d55a0cee8,2026-08-01,2026-08-01 00:22:04-04:00,MSFT,Scanner,RULE FAILED,NOT_LIFECYCLE_EVENT / required ELIGIBLE,Rule evaluation,Telegram,Telegram,False,NOT_LIFECYCLE_EVENT,ELIGIBLE,,,,,,,,,,,,,,,,,,,2026-08-01_002154,,
c434d82e1c4aca41f99e8542,2026-08-01,2026-08-01 00:22:04-04:00,AMZN,Scanner,STALE STOCK DATA,Stock aggregate data is not real-time,Scanner decision,Decision,NO_ENTRY_TRIGGER,False,STALE_STOCK_DATA,ENTER or ENTER_PAPER,STALE STOCK DATA,False,14.0,0.0,,2026-07-31T23:55:00+00:00,270.1,270.35,270.1,270.32,12531.15,NO_RECOMMENDATION,NOT_REQUESTED,NOT_REQUESTED,,NOT_CREATED,NO_LIFECYCLE_EVENT,NO_LIFECYCLE_EVENT,2026-08-01_002154,,
3989bacbdfa690addce079a3,2026-08-01,2026-08-01 00:22:04-04:00,AMZN,Scanner,RULE FAILED,14.0 / required 85.0,Rule evaluation,Entry,Setup,False,14.0,85.0,,,,,,,,,,,,,,,,,,,2026-08-01_002154,,
8f70c2feaf2e3aebcfdd99b8,2026-08-01,2026-08-01 00:22:04-04:00,AMZN,Scanner,RULE FAILED,0.0 / required 2.0,Rule evaluation,Risk,RR,False,0.0,2.0,,,,,,,,,,,,,,,,,,,2026-08-01_002154,,
521908161000df645ace63ef,2026-08-01,2026-08-01 00:22:04-04:00,AMZN,Scanner,RULE FAILED,0.0 / required 65.0,Rule evaluation,Option,Option Quality,False,0.0,65.0,,,,,,,,,,,,,,,,,,,2026-08-01_002154,,
6234271f12b35029e8b63724,2026-08-01,2026-08-01 00:22:04-04:00,AMZN,Scanner,RULE FAILED,None / required LIVE_QUOTE,Rule evaluation,Realtime,Quote Freshness,False,,LIVE_QUOTE,,,,,,,,,,,,,,,,,,,2026-08-01_002154,,
36d63941b7927010945eebb7,2026-08-01,2026-08-01 00:22:04-04:00,AMZN,Scanner,RULE PASSED,True / required True,Rule evaluation,Affordability,Affordability,True,True,True,,,,,,,,,,,,,,,,,,,2026-08-01_002154,,
7fa96ba50b4c9711d54d7ad6,2026-08-01,2026-08-01 00:22:04-04:00,AMZN,Scanner,RULE FAILED,NOT_LIFECYCLE_EVENT / required ELIGIBLE,Rule evaluation,Telegram,Telegram,False,NOT_LIFECYCLE_EVENT,ELIGIBLE,,,,,,,,,,,,,,,,,,,2026-08-01_002154,,
bd19bc664389927df00f27bd,2026-08-01,2026-08-01 00:22:05-04:00,META,Scanner,NO TRADE MARKET CLOSED,Market closed; no live intraday trade,Scanner decision,Decision,NO_DIRECTIONAL_EDGE,False,NO_TRADE_MARKET_CLOSED,ENTER or ENTER_PAPER,NO TRADE MARKET CLOSED,False,0.0,0.0,,2026-07-31T23:55:00+00:00,553.91,553.98,553.1,553.22,5365.44,NO_RECOMMENDATION,NOT_REQUESTED,NOT_REQUESTED,,NOT_CREATED,NO_LIFECYCLE_EVENT,NO_LIFECYCLE_EVENT,2026-08-01_002154,,
6de71ff9a6f360d5d1d0d435,2026-08-01,2026-08-01 00:22:05-04:00,META,Scanner,RULE FAILED,0.0 / required 85.0,Rule evaluation,Entry,Setup,False,0.0,85.0,,,,,,,,,,,,,,,,,,,2026-08-01_002154,,
bdb3588ca933ac59f6f163fa,2026-08-01,2026-08-01 00:22:05-04:00,META,Scanner,RULE FAILED,0.0 / required 2.0,Rule evaluation,Risk,RR,False,0.0,2.0,,,,,,,,,,,,,,,,,,,2026-08-01_002154,,
3183b7c48eb71d806a9691be,2026-08-01,2026-08-01 00:22:05-04:00,META,Scanner,RULE FAILED,0.0 / required 65.0,Rule evaluation,Option,Option Quality,False,0.0,65.0,,,,,,,,,,,,,,,,,,,2026-08-01_002154,,
24d09f885a6daf8fa147bcc6,2026-08-01,2026-08-01 00:22:05-04:00,META,Scanner,RULE FAILED,None / required LIVE_QUOTE,Rule evaluation,Realtime,Quote Freshness,False,,LIVE_QUOTE,,,,,,,,,,,,,,,,,,,2026-08-01_002154,,
cec76d44ca349bd21705537c,2026-08-01,2026-08-01 00:22:05-04:00,META,Scanner,RULE PASSED,True / required True,Rule evaluation,Affordability,Affordability,True,True,True,,,,,,,,,,,,,,,,,,,2026-08-01_002154,,
dd673c70fd195be03ebe5306,2026-08-01,2026-08-01 00:22:05-04:00,META,Scanner,RULE FAILED,NOT_LIFECYCLE_EVENT / required ELIGIBLE,Rule evaluation,Telegram,Telegram,False,NOT_LIFECYCLE_EVENT,ELIGIBLE,,,,,,,,,,,,,,,,,,,2026-08-01_002154,,
f370dea1b385ba9952ad04fd,2026-08-01,2026-08-01 00:22:06-04:00,TSLA,Scanner,NO TRADE MARKET CLOSED,Market closed; no live intraday trade,Scanner decision,Decision,NO_DIRECTIONAL_EDGE,False,NO_TRADE_MARKET_CLOSED,ENTER or ENTER_PAPER,NO TRADE MARKET CLOSED,False,6.0,0.0,,2026-07-31T23:55:00+00:00,309.62,309.75,309.22,309.31,16186.69,NO_RECOMMENDATION,NOT_REQUESTED,NOT_REQUESTED,,NOT_CREATED,NO_LIFECYCLE_EVENT,NO_LIFECYCLE_EVENT,2026-08-01_002154,,
5f3fa347e5cb8d6f2c92dec8,2026-08-01,2026-08-01 00:22:06-04:00,TSLA,Scanner,RULE FAILED,6.0 / required 85.0,Rule evaluation,Entry,Setup,False,6.0,85.0,,,,,,,,,,,,,,,,,,,2026-08-01_002154,,
415c12f4306af1dce23dbf99,2026-08-01,2026-08-01 00:22:06-04:00,TSLA,Scanner,RULE FAILED,0.0 / required 2.0,Rule evaluation,Risk,RR,False,0.0,2.0,,,,,,,,,,,,,,,,,,,2026-08-01_002154,,
9a14af0ffe0f7772353430c7,2026-08-01,2026-08-01 00:22:06-04:00,TSLA,Scanner,RULE FAILED,0.0 / required 65.0,Rule evaluation,Option,Option Quality,False,0.0,65.0,,,,,,,,,,,,,,,,,,,2026-08-01_002154,,
46202d9183111a2c21cc3d50,2026-08-01,2026-08-01 00:22:06-04:00,TSLA,Scanner,RULE FAILED,None / required LIVE_QUOTE,Rule evaluation,Realtime,Quote Freshness,False,,LIVE_QUOTE,,,,,,,,,,,,,,,,,,,2026-08-01_002154,,
f5a242039afb824284f245ba,2026-08-01,2026-08-01 00:22:06-04:00,TSLA,Scanner,RULE PASSED,True / required True,Rule evaluation,Affordability,Affordability,True,True,True,,,,,,,,,,,,,,,,,,,2026-08-01_002154,,
f97716c7f62796636ee18dd4,2026-08-01,2026-08-01 00:22:06-04:00,TSLA,Scanner,RULE FAILED,NOT_LIFECYCLE_EVENT / required ELIGIBLE,Rule evaluation,Telegram,Telegram,False,NOT_LIFECYCLE_EVENT,ELIGIBLE,,,,,,,,,,,,,,,,,,,2026-08-01_002154,,
b375895f81433f63f0cf7a18,2026-08-01,2026-08-01 00:22:06-04:00,AMD,Scanner,STALE STOCK DATA,Stock aggregate data is not real-time,Scanner decision,Decision,NO_ENTRY_TRIGGER,False,STALE_STOCK_DATA,ENTER or ENTER_PAPER,STALE STOCK DATA,False,38.0,0.0,,2026-07-31T23:55:00+00:00,474.1,474.16,472.12,472.12,15105.15,NO_RECOMMENDATION,NOT_REQUESTED,NOT_REQUESTED,,NOT_CREATED,NO_LIFECYCLE_EVENT,NO_LIFECYCLE_EVENT,2026-08-01_002154,,
b455fb9d665a76f3b7624923,2026-08-01,2026-08-01 00:22:06-04:00,AMD,Scanner,RULE FAILED,38.0 / required 83.0,Rule evaluation,Entry,Setup,False,38.0,83.0,,,,,,,,,,,,,,,,,,,2026-08-01_002154,,
179a9921bf25ec748ea6d1e4,2026-08-01,2026-08-01 00:22:06-04:00,AMD,Scanner,RULE FAILED,0.0 / required 2.0,Rule evaluation,Risk,RR,False,0.0,2.0,,,,,,,,,,,,,,,,,,,2026-08-01_002154,,
845022c10109fb09eb8c01f2,2026-08-01,2026-08-01 00:22:06-04:00,AMD,Scanner,RULE FAILED,0.0 / required 65.0,Rule evaluation,Option,Option Quality,False,0.0,65.0,,,,,,,,,,,,,,,,,,,2026-08-01_002154,,
718898d8b429c0c8b6b76fb4,2026-08-01,2026-08-01 00:22:06-04:00,AMD,Scanner,RULE FAILED,None / required LIVE_QUOTE,Rule evaluation,Realtime,Quote Freshness,False,,LIVE_QUOTE,,,,,,,,,,,,,,,,,,,2026-08-01_002154,,
c547712df5fed240e657019d,2026-08-01,2026-08-01 00:22:06-04:00,AMD,Scanner,RULE PASSED,True / required True,Rule evaluation,Affordability,Affordability,True,True,True,,,,,,,,,,,,,,,,,,,2026-08-01_002154,,
e4794ac80ab7b2fd18e3f505,2026-08-01,2026-08-01 00:22:06-04:00,AMD,Scanner,RULE FAILED,NOT_LIFECYCLE_EVENT / required ELIGIBLE,Rule evaluation,Telegram,Telegram,False,NOT_LIFECYCLE_EVENT,ELIGIBLE,,,,,,,,,,,,,,,,,,,2026-08-01_002154,,
c03b43ea1fa85ea2e417fdef,2026-08-01,2026-08-01 00:22:07-04:00,AVGO,Scanner,NO TRADE MARKET CLOSED,Market closed; no live intraday trade,Scanner decision,Decision,NO_DIRECTIONAL_EDGE,False,NO_TRADE_MARKET_CLOSED,ENTER or ENTER_PAPER,NO TRADE MARKET CLOSED,False,6.0,0.0,,2026-07-31T23:55:00+00:00,387.33,387.45,387.05,387.45,1201.0,NO_RECOMMENDATION,NOT_REQUESTED,NOT_REQUESTED,,NOT_CREATED,NO_LIFECYCLE_EVENT,NO_LIFECYCLE_EVENT,2026-08-01_002154,,
c2c7f5d1c4621023c92dc5e1,2026-08-01,2026-08-01 00:22:07-04:00,AVGO,Scanner,RULE FAILED,6.0 / required 85.0,Rule evaluation,Entry,Setup,False,6.0,85.0,,,,,,,,,,,,,,,,,,,2026-08-01_002154,,
aad82629edd9a7d131ccbfef,2026-08-01,2026-08-01 00:22:07-04:00,AVGO,Scanner,RULE FAILED,0.0 / required 2.0,Rule evaluation,Risk,RR,False,0.0,2.0,,,,,,,,,,,,,,,,,,,2026-08-01_002154,,
b47ddee3d2934e95179e1690,2026-08-01,2026-08-01 00:22:07-04:00,AVGO,Scanner,RULE FAILED,0.0 / required 65.0,Rule evaluation,Option,Option Quality,False,0.0,65.0,,,,,,,,,,,,,,,,,,,2026-08-01_002154,,
25ab1944716dcb912e5f3e76,2026-08-01,2026-08-01 00:22:07-04:00,AVGO,Scanner,RULE FAILED,None / required LIVE_QUOTE,Rule evaluation,Realtime,Quote Freshness,False,,LIVE_QUOTE,,,,,,,,,,,,,,,,,,,2026-08-01_002154,,
089d973966a2026054ed56d5,2026-08-01,2026-08-01 00:22:07-04:00,AVGO,Scanner,RULE PASSED,True / required True,Rule evaluation,Affordability,Affordability,True,True,True,,,,,,,,,,,,,,,,,,,2026-08-01_002154,,
07e02921e0dc0519ad5cca41,2026-08-01,2026-08-01 00:22:07-04:00,AVGO,Scanner,RULE FAILED,NOT_LIFECYCLE_EVENT / required ELIGIBLE,Rule evaluation,Telegram,Telegram,False,NOT_LIFECYCLE_EVENT,ELIGIBLE,,,,,,,,,,,,,,,,,,,2026-08-01_002154,,
dabbfd7bcd19b831bab4460c,2026-08-01,2026-08-01 00:22:08-04:00,MU,Scanner,STALE STOCK DATA,Stock aggregate data is not real-time,Scanner decision,Decision,NO_ENTRY_TRIGGER,False,STALE_STOCK_DATA,ENTER or ENTER_PAPER,STALE STOCK DATA,False,53.0,0.0,,2026-07-31T23:55:00+00:00,812.5,812.99,812.0,812.47,40814.39,NO_RECOMMENDATION,NOT_REQUESTED,NOT_REQUESTED,,NOT_CREATED,NO_LIFECYCLE_EVENT,NO_LIFECYCLE_EVENT,2026-08-01_002154,,
e3c6311c1ec4083f52347f74,2026-08-01,2026-08-01 00:22:08-04:00,MU,Scanner,RULE FAILED,53.0 / required 83.0,Rule evaluation,Entry,Setup,False,53.0,83.0,,,,,,,,,,,,,,,,,,,2026-08-01_002154,,
c6f8ecd73a4eb1786acb6b5d,2026-08-01,2026-08-01 00:22:08-04:00,MU,Scanner,RULE FAILED,0.0 / required 2.0,Rule evaluation,Risk,RR,False,0.0,2.0,,,,,,,,,,,,,,,,,,,2026-08-01_002154,,
45d9d2bd798c26d8eba2d46a,2026-08-01,2026-08-01 00:22:08-04:00,MU,Scanner,RULE FAILED,0.0 / required 65.0,Rule evaluation,Option,Option Quality,False,0.0,65.0,,,,,,,,,,,,,,,,,,,2026-08-01_002154,,
2e5dcbba4d6280216a757c44,2026-08-01,2026-08-01 00:22:08-04:00,MU,Scanner,RULE FAILED,None / required LIVE_QUOTE,Rule evaluation,Realtime,Quote Freshness,False,,LIVE_QUOTE,,,,,,,,,,,,,,,,,,,2026-08-01_002154,,
88a09f2de9fafbad3f88f35a,2026-08-01,2026-08-01 00:22:08-04:00,MU,Scanner,RULE PASSED,True / required True,Rule evaluation,Affordability,Affordability,True,True,True,,,,,,,,,,,,,,,,,,,2026-08-01_002154,,
d184876a996fb3bb2c34ad47,2026-08-01,2026-08-01 00:22:08-04:00,MU,Scanner,RULE FAILED,NOT_LIFECYCLE_EVENT / required ELIGIBLE,Rule evaluation,Telegram,Telegram,False,NOT_LIFECYCLE_EVENT,ELIGIBLE,,,,,,,,,,,,,,,,,,,2026-08-01_002154,,
8398b8745eec8b054d094cd6,2026-08-01,2026-08-01 00:22:08-04:00,PLTR,Scanner,STALE STOCK DATA,Stock aggregate data is not real-time,Scanner decision,Decision,LOW_RR,False,STALE_STOCK_DATA,ENTER or ENTER_PAPER,STALE STOCK DATA,False,55.0,0.74,,2026-07-31T23:55:00+00:00,122.72,122.78,122.67,122.78,15707.13,NO_RECOMMENDATION,NOT_REQUESTED,NOT_REQUESTED,,NOT_CREATED,NO_LIFECYCLE_EVENT,NO_LIFECYCLE_EVENT,2026-08-01_002154,,
c7586b7c9c01898804a3b43c,2026-08-01,2026-08-01 00:22:08-04:00,PLTR,Scanner,RULE FAILED,55.0 / required 85.0,Rule evaluation,Entry,Setup,False,55.0,85.0,,,,,,,,,,,,,,,,,,,2026-08-01_002154,,
68377795f6ac57d60282d9c1,2026-08-01,2026-08-01 00:22:08-04:00,PLTR,Scanner,RULE FAILED,0.74 / required 2.0,Rule evaluation,Risk,RR,False,0.74,2.0,,,,,,,,,,,,,,,,,,,2026-08-01_002154,,
47419bb6da0f585c50aaffa5,2026-08-01,2026-08-01 00:22:08-04:00,PLTR,Scanner,RULE FAILED,0.0 / required 65.0,Rule evaluation,Option,Option Quality,False,0.0,65.0,,,,,,,,,,,,,,,,,,,2026-08-01_002154,,
1e6e21cb15c31fa37fab4056,2026-08-01,2026-08-01 00:22:08-04:00,PLTR,Scanner,RULE FAILED,None / required LIVE_QUOTE,Rule evaluation,Realtime,Quote Freshness,False,,LIVE_QUOTE,,,,,,,,,,,,,,,,,,,2026-08-01_002154,,
d1a0ed81c5a382e3fddb7600,2026-08-01,2026-08-01 00:22:08-04:00,PLTR,Scanner,RULE PASSED,True / required True,Rule evaluation,Affordability,Affordability,True,True,True,,,,,,,,,,,,,,,,,,,2026-08-01_002154,,
16933c8bf6a89a20b411568d,2026-08-01,2026-08-01 00:22:08-04:00,PLTR,Scanner,RULE FAILED,NOT_LIFECYCLE_EVENT / required ELIGIBLE,Rule evaluation,Telegram,Telegram,False,NOT_LIFECYCLE_EVENT,ELIGIBLE,,,,,,,,,,,,,,,,,,,2026-08-01_002154,,
7110f60b6d64fa028de196c2,2026-08-01,2026-08-01 00:22:09-04:00,NFLX,Scanner,STALE STOCK DATA,Stock aggregate data is not real-time,Scanner decision,Decision,LOW_RR,False,STALE_STOCK_DATA,ENTER or ENTER_PAPER,STALE STOCK DATA,False,41.0,0.6,,2026-07-31T23:55:00+00:00,71.7,71.76,71.7,71.76,2614.0,NO_RECOMMENDATION,NOT_REQUESTED,NOT_REQUESTED,,NOT_CREATED,NO_LIFECYCLE_EVENT,NO_LIFECYCLE_EVENT,2026-08-01_002154,,
e31493972940881610553bac,2026-08-01,2026-08-01 00:22:09-04:00,NFLX,Scanner,RULE FAILED,41.0 / required 83.0,Rule evaluation,Entry,Setup,False,41.0,83.0,,,,,,,,,,,,,,,,,,,2026-08-01_002154,,
46cb0f7d8d353f6e751b87da,2026-08-01,2026-08-01 00:22:09-04:00,NFLX,Scanner,RULE FAILED,0.6 / required 2.0,Rule evaluation,Risk,RR,False,0.6,2.0,,,,,,,,,,,,,,,,,,,2026-08-01_002154,,
07aa0391f7be65b13c1843e4,2026-08-01,2026-08-01 00:22:09-04:00,NFLX,Scanner,RULE FAILED,0.0 / required 65.0,Rule evaluation,Option,Option Quality,False,0.0,65.0,,,,,,,,,,,,,,,,,,,2026-08-01_002154,,
855cc2b2751abf903d6d7666,2026-08-01,2026-08-01 00:22:09-04:00,NFLX,Scanner,RULE FAILED,None / required LIVE_QUOTE,Rule evaluation,Realtime,Quote Freshness,False,,LIVE_QUOTE,,,,,,,,,,,,,,,,,,,2026-08-01_002154,,
6f18af83ff965b6c09462833,2026-08-01,2026-08-01 00:22:09-04:00,NFLX,Scanner,RULE PASSED,True / required True,Rule evaluation,Affordability,Affordability,True,True,True,,,,,,,,,,,,,,,,,,,2026-08-01_002154,,
66f1d650748b8da86ded4884,2026-08-01,2026-08-01 00:22:09-04:00,NFLX,Scanner,RULE FAILED,NOT_LIFECYCLE_EVENT / required ELIGIBLE,Rule evaluation,Telegram,Telegram,False,NOT_LIFECYCLE_EVENT,ELIGIBLE,,,,,,,,,,,,,,,,,,,2026-08-01_002154,,
5ece6a06b5502a9254f2cc7f,2026-08-01,2026-08-01 00:22:10-04:00,CRWD,Scanner,STALE STOCK DATA,Stock aggregate data is not real-time,Scanner decision,Decision,LOW_RR,False,STALE_STOCK_DATA,ENTER or ENTER_PAPER,STALE STOCK DATA,False,59.0,0.88,,2026-07-31T23:55:00+00:00,190.29,190.5,190.29,190.5,415.0,NO_RECOMMENDATION,NOT_REQUESTED,NOT_REQUESTED,,NOT_CREATED,NO_LIFECYCLE_EVENT,NO_LIFECYCLE_EVENT,2026-08-01_002154,,
a7ddf5e0baab8c7528b5ac44,2026-08-01,2026-08-01 00:22:10-04:00,CRWD,Scanner,RULE FAILED,59.0 / required 83.0,Rule evaluation,Entry,Setup,False,59.0,83.0,,,,,,,,,,,,,,,,,,,2026-08-01_002154,,
e2118edee8614869d86d6656,2026-08-01,2026-08-01 00:22:10-04:00,CRWD,Scanner,RULE FAILED,0.88 / required 2.0,Rule evaluation,Risk,RR,False,0.88,2.0,,,,,,,,,,,,,,,,,,,2026-08-01_002154,,
4f8317623a19909027331d4e,2026-08-01,2026-08-01 00:22:10-04:00,CRWD,Scanner,RULE FAILED,0.0 / required 65.0,Rule evaluation,Option,Option Quality,False,0.0,65.0,,,,,,,,,,,,,,,,,,,2026-08-01_002154,,
44febf6419550000751bc4f5,2026-08-01,2026-08-01 00:22:10-04:00,CRWD,Scanner,RULE FAILED,None / required LIVE_QUOTE,Rule evaluation,Realtime,Quote Freshness,False,,LIVE_QUOTE,,,,,,,,,,,,,,,,,,,2026-08-01_002154,,
34a61c92383b0e52cee0b33c,2026-08-01,2026-08-01 00:22:10-04:00,CRWD,Scanner,RULE PASSED,True / required True,Rule evaluation,Affordability,Affordability,True,True,True,,,,,,,,,,,,,,,,,,,2026-08-01_002154,,
23ee39dd652686a8571b97e0,2026-08-01,2026-08-01 00:22:10-04:00,CRWD,Scanner,RULE FAILED,NOT_LIFECYCLE_EVENT / required ELIGIBLE,Rule evaluation,Telegram,Telegram,False,NOT_LIFECYCLE_EVENT,ELIGIBLE,,,,,,,,,,,,,,,,,,,2026-08-01_002154,,
869dc53d1e063e6106133b7f,2026-08-01,2026-08-01 00:22:10-04:00,SMCI,Scanner,NO TRADE MARKET CLOSED,Market closed; no live intraday trade,Scanner decision,Decision,NO_DIRECTIONAL_EDGE,False,NO_TRADE_MARKET_CLOSED,ENTER or ENTER_PAPER,NO TRADE MARKET CLOSED,False,3.0,0.0,,2026-07-31T23:55:00+00:00,28.16,28.16,28.11,28.16,19022.0,NO_RECOMMENDATION,NOT_REQUESTED,NOT_REQUESTED,,NOT_CREATED,NO_LIFECYCLE_EVENT,NO_LIFECYCLE_EVENT,2026-08-01_002154,,
ce379727f69e8ee3ac894023,2026-08-01,2026-08-01 00:22:10-04:00,SMCI,Scanner,RULE FAILED,3.0 / required 85.0,Rule evaluation,Entry,Setup,False,3.0,85.0,,,,,,,,,,,,,,,,,,,2026-08-01_002154,,
4ec44ede463b76f5ac92f319,2026-08-01,2026-08-01 00:22:10-04:00,SMCI,Scanner,RULE FAILED,0.0 / required 2.0,Rule evaluation,Risk,RR,False,0.0,2.0,,,,,,,,,,,,,,,,,,,2026-08-01_002154,,
07b1eecbc80439a194cb5634,2026-08-01,2026-08-01 00:22:10-04:00,SMCI,Scanner,RULE FAILED,0.0 / required 65.0,Rule evaluation,Option,Option Quality,False,0.0,65.0,,,,,,,,,,,,,,,,,,,2026-08-01_002154,,
f8cfe233cac2d6633817815d,2026-08-01,2026-08-01 00:22:10-04:00,SMCI,Scanner,RULE FAILED,None / required LIVE_QUOTE,Rule evaluation,Realtime,Quote Freshness,False,,LIVE_QUOTE,,,,,,,,,,,,,,,,,,,2026-08-01_002154,,
ff0e8a1560b69b99007491ba,2026-08-01,2026-08-01 00:22:10-04:00,SMCI,Scanner,RULE PASSED,True / required True,Rule evaluation,Affordability,Affordability,True,True,True,,,,,,,,,,,,,,,,,,,2026-08-01_002154,,
0ca98217f85eb719649e0291,2026-08-01,2026-08-01 00:22:10-04:00,SMCI,Scanner,RULE FAILED,NOT_LIFECYCLE_EVENT / required ELIGIBLE,Rule evaluation,Telegram,Telegram,False,NOT_LIFECYCLE_EVENT,ELIGIBLE,,,,,,,,,,,,,,,,,,,2026-08-01_002154,,
21d3397aef90b550b4e41518,2026-08-01,2026-08-01 00:22:11-04:00,SPCX,Scanner,NO TRADE MARKET CLOSED,Market closed; no live intraday trade,Scanner decision,Decision,NO_DIRECTIONAL_EDGE,False,NO_TRADE_MARKET_CLOSED,ENTER or ENTER_PAPER,NO TRADE MARKET CLOSED,False,7.0,0.0,,2026-07-31T23:55:00+00:00,107.73,107.8,107.7,107.79,51695.84,NO_RECOMMENDATION,NOT_REQUESTED,NOT_REQUESTED,,NOT_CREATED,NO_LIFECYCLE_EVENT,NO_LIFECYCLE_EVENT,2026-08-01_002154,,
8db52d2d4dcf7b354221fb22,2026-08-01,2026-08-01 00:22:11-04:00,SPCX,Scanner,RULE FAILED,7.0 / required 85.0,Rule evaluation,Entry,Setup,False,7.0,85.0,,,,,,,,,,,,,,,,,,,2026-08-01_002154,,
66df3ab9f3ee0be98fa917f3,2026-08-01,2026-08-01 00:22:11-04:00,SPCX,Scanner,RULE FAILED,0.0 / required 2.0,Rule evaluation,Risk,RR,False,0.0,2.0,,,,,,,,,,,,,,,,,,,2026-08-01_002154,,
36209632827f8eb00a4db9c5,2026-08-01,2026-08-01 00:22:11-04:00,SPCX,Scanner,RULE FAILED,0.0 / required 65.0,Rule evaluation,Option,Option Quality,False,0.0,65.0,,,,,,,,,,,,,,,,,,,2026-08-01_002154,,
586960080dff1b3004d7765b,2026-08-01,2026-08-01 00:22:11-04:00,SPCX,Scanner,RULE FAILED,None / required LIVE_QUOTE,Rule evaluation,Realtime,Quote Freshness,False,,LIVE_QUOTE,,,,,,,,,,,,,,,,,,,2026-08-01_002154,,
f642e052d149bf5121f948f5,2026-08-01,2026-08-01 00:22:11-04:00,SPCX,Scanner,RULE PASSED,True / required True,Rule evaluation,Affordability,Affordability,True,True,True,,,,,,,,,,,,,,,,,,,2026-08-01_002154,,
f393c5bf289545fef592ba68,2026-08-01,2026-08-01 00:22:11-04:00,SPCX,Scanner,RULE FAILED,NOT_LIFECYCLE_EVENT / required ELIGIBLE,Rule evaluation,Telegram,Telegram,False,NOT_LIFECYCLE_EVENT,ELIGIBLE,,,,,,,,,,,,,,,,,,,2026-08-01_002154,,
176c68e45db21f292e162ba1,2026-08-01,2026-08-01 00:22:12-04:00,SMH,Scanner,STALE STOCK DATA,Stock aggregate data is not real-time,Scanner decision,Decision,NO_ENTRY_TRIGGER,False,STALE_STOCK_DATA,ENTER or ENTER_PAPER,STALE STOCK DATA,False,14.0,0.0,,2026-07-31T23:55:00+00:00,539.0,539.0,538.79,539.0,902.0,NO_RECOMMENDATION,NOT_REQUESTED,NOT_REQUESTED,,NOT_CREATED,NO_LIFECYCLE_EVENT,NO_LIFECYCLE_EVENT,2026-08-01_002154,,
e2deafc98fcdffa2e57a1823,2026-08-01,2026-08-01 00:22:12-04:00,SMH,Scanner,RULE FAILED,14.0 / required 85.0,Rule evaluation,Entry,Setup,False,14.0,85.0,,,,,,,,,,,,,,,,,,,2026-08-01_002154,,
0caf143101056e2b0751d01b,2026-08-01,2026-08-01 00:22:12-04:00,SMH,Scanner,RULE FAILED,0.0 / required 2.0,Rule evaluation,Risk,RR,False,0.0,2.0,,,,,,,,,,,,,,,,,,,2026-08-01_002154,,
08c11d26892e85c8d7047d7d,2026-08-01,2026-08-01 00:22:12-04:00,SMH,Scanner,RULE FAILED,0.0 / required 65.0,Rule evaluation,Option,Option Quality,False,0.0,65.0,,,,,,,,,,,,,,,,,,,2026-08-01_002154,,
d849331105235dba089086f4,2026-08-01,2026-08-01 00:22:12-04:00,SMH,Scanner,RULE FAILED,None / required LIVE_QUOTE,Rule evaluation,Realtime,Quote Freshness,False,,LIVE_QUOTE,,,,,,,,,,,,,,,,,,,2026-08-01_002154,,
67af9920664235d85cd4dd85,2026-08-01,2026-08-01 00:22:12-04:00,SMH,Scanner,RULE PASSED,True / required True,Rule evaluation,Affordability,Affordability,True,True,True,,,,,,,,,,,,,,,,,,,2026-08-01_002154,,
ad532c757b1db64d7d163fa6,2026-08-01,2026-08-01 00:22:12-04:00,SMH,Scanner,RULE FAILED,NOT_LIFECYCLE_EVENT / required ELIGIBLE,Rule evaluation,Telegram,Telegram,False,NOT_LIFECYCLE_EVENT,ELIGIBLE,,,,,,,,,,,,,,,,,,,2026-08-01_002154,,
b3262764a65b4809acc3dd3d,2026-08-01,2026-08-01 00:22:12-04:00,ARM,Scanner,STALE STOCK DATA,Stock aggregate data is not real-time,Scanner decision,Decision,RISK_REJECTED,False,STALE_STOCK_DATA,ENTER or ENTER_PAPER,STALE STOCK DATA,False,46.0,1.59,,2026-07-31T23:55:00+00:00,235.59,235.59,234.92,234.92,5017.01,NO_RECOMMENDATION,NOT_REQUESTED,NOT_REQUESTED,,NOT_CREATED,NO_LIFECYCLE_EVENT,NO_LIFECYCLE_EVENT,2026-08-01_002154,,
96900cff033f6c06de827f1a,2026-08-01,2026-08-01 00:22:12-04:00,ARM,Scanner,RULE FAILED,46.0 / required 83.0,Rule evaluation,Entry,Setup,False,46.0,83.0,,,,,,,,,,,,,,,,,,,2026-08-01_002154,,
92fc972e01a1aaa3d225b632,2026-08-01,2026-08-01 00:22:12-04:00,ARM,Scanner,RULE FAILED,1.59 / required 2.0,Rule evaluation,Risk,RR,False,1.59,2.0,,,,,,,,,,,,,,,,,,,2026-08-01_002154,,
a7f03c00aadc9ee771d9630b,2026-08-01,2026-08-01 00:22:12-04:00,ARM,Scanner,RULE FAILED,0.0 / required 65.0,Rule evaluation,Option,Option Quality,False,0.0,65.0,,,,,,,,,,,,,,,,,,,2026-08-01_002154,,
48fa281e9eef5c8116bcc8bb,2026-08-01,2026-08-01 00:22:12-04:00,ARM,Scanner,RULE FAILED,None / required LIVE_QUOTE,Rule evaluation,Realtime,Quote Freshness,False,,LIVE_QUOTE,,,,,,,,,,,,,,,,,,,2026-08-01_002154,,
e876e4d2a8e635ce5ddf32db,2026-08-01,2026-08-01 00:22:12-04:00,ARM,Scanner,RULE PASSED,True / required True,Rule evaluation,Affordability,Affordability,True,True,True,,,,,,,,,,,,,,,,,,,2026-08-01_002154,,
8a7053a6a800522354d56905,2026-08-01,2026-08-01 00:22:12-04:00,ARM,Scanner,RULE FAILED,NOT_LIFECYCLE_EVENT / required ELIGIBLE,Rule evaluation,Telegram,Telegram,False,NOT_LIFECYCLE_EVENT,ELIGIBLE,,,,,,,,,,,,,,,,,,,2026-08-01_002154,,
e344160b90799407ed1b27f9,2026-08-01,2026-08-01 00:22:13-04:00,TSM,Scanner,STALE STOCK DATA,Stock aggregate data is not real-time,Scanner decision,Decision,LOW_RR,False,STALE_STOCK_DATA,ENTER or ENTER_PAPER,STALE STOCK DATA,False,47.0,0.84,,2026-07-31T23:55:00+00:00,404.0,404.1,403.73,404.0,8527.0,NO_RECOMMENDATION,NOT_REQUESTED,NOT_REQUESTED,,NOT_CREATED,NO_LIFECYCLE_EVENT,NO_LIFECYCLE_EVENT,2026-08-01_002154,,
8aea45366800fda5aaaae643,2026-08-01,2026-08-01 00:22:13-04:00,TSM,Scanner,RULE FAILED,47.0 / required 85.0,Rule evaluation,Entry,Setup,False,47.0,85.0,,,,,,,,,,,,,,,,,,,2026-08-01_002154,,
fa7dbf95ed10682041d44901,2026-08-01,2026-08-01 00:22:13-04:00,TSM,Scanner,RULE FAILED,0.84 / required 2.0,Rule evaluation,Risk,RR,False,0.84,2.0,,,,,,,,,,,,,,,,,,,2026-08-01_002154,,
3199910fe5165e618317ca2d,2026-08-01,2026-08-01 00:22:13-04:00,TSM,Scanner,RULE FAILED,0.0 / required 65.0,Rule evaluation,Option,Option Quality,False,0.0,65.0,,,,,,,,,,,,,,,,,,,2026-08-01_002154,,
5a80c2f9a80028abc474791a,2026-08-01,2026-08-01 00:22:13-04:00,TSM,Scanner,RULE FAILED,None / required LIVE_QUOTE,Rule evaluation,Realtime,Quote Freshness,False,,LIVE_QUOTE,,,,,,,,,,,,,,,,,,,2026-08-01_002154,,
cf01642c7c1dcf515ec2c37b,2026-08-01,2026-08-01 00:22:13-04:00,TSM,Scanner,RULE PASSED,True / required True,Rule evaluation,Affordability,Affordability,True,True,True,,,,,,,,,,,,,,,,,,,2026-08-01_002154,,
447fd25e792c66ae1b189d04,2026-08-01,2026-08-01 00:22:13-04:00,TSM,Scanner,RULE FAILED,NOT_LIFECYCLE_EVENT / required ELIGIBLE,Rule evaluation,Telegram,Telegram,False,NOT_LIFECYCLE_EVENT,ELIGIBLE,,,,,,,,,,,,,,,,,,,2026-08-01_002154,,
59f2cbe7839522a6a9afe222,2026-08-01,2026-08-01 00:22:14-04:00,INTC,Scanner,STALE STOCK DATA,Stock aggregate data is not real-time,Scanner decision,Decision,NO_ENTRY_TRIGGER,False,STALE_STOCK_DATA,ENTER or ENTER_PAPER,STALE STOCK DATA,False,49.0,0.0,,2026-07-31T23:55:00+00:00,89.39,89.39,89.21,89.21,64808.74,NO_RECOMMENDATION,NOT_REQUESTED,NOT_REQUESTED,,NOT_CREATED,NO_LIFECYCLE_EVENT,NO_LIFECYCLE_EVENT,2026-08-01_002154,,
cb8c27b31c3ca0c62fffd584,2026-08-01,2026-08-01 00:22:14-04:00,INTC,Scanner,RULE FAILED,49.0 / required 83.0,Rule evaluation,Entry,Setup,False,49.0,83.0,,,,,,,,,,,,,,,,,,,2026-08-01_002154,,
3a3489a78413d8f1965c843e,2026-08-01,2026-08-01 00:22:14-04:00,INTC,Scanner,RULE FAILED,0.0 / required 2.0,Rule evaluation,Risk,RR,False,0.0,2.0,,,,,,,,,,,,,,,,,,,2026-08-01_002154,,
b99988dc9555976b3d2e7c38,2026-08-01,2026-08-01 00:22:14-04:00,INTC,Scanner,RULE FAILED,0.0 / required 65.0,Rule evaluation,Option,Option Quality,False,0.0,65.0,,,,,,,,,,,,,,,,,,,2026-08-01_002154,,
3f439d98fd1615d264e5431d,2026-08-01,2026-08-01 00:22:14-04:00,INTC,Scanner,RULE FAILED,None / required LIVE_QUOTE,Rule evaluation,Realtime,Quote Freshness,False,,LIVE_QUOTE,,,,,,,,,,,,,,,,,,,2026-08-01_002154,,
2383236ac37dd8d9ef953675,2026-08-01,2026-08-01 00:22:14-04:00,INTC,Scanner,RULE PASSED,True / required True,Rule evaluation,Affordability,Affordability,True,True,True,,,,,,,,,,,,,,,,,,,2026-08-01_002154,,
7372912ab037f34413d6acaf,2026-08-01,2026-08-01 00:22:14-04:00,INTC,Scanner,RULE FAILED,NOT_LIFECYCLE_EVENT / required ELIGIBLE,Rule evaluation,Telegram,Telegram,False,NOT_LIFECYCLE_EVENT,ELIGIBLE,,,,,,,,,,,,,,,,,,,2026-08-01_002154,,
73d4d89a8b814418fa0d9921,2026-08-01,2026-08-01 00:22:15-04:00,AMAT,Scanner,NO TRADE MARKET CLOSED,Market closed; no live intraday trade,Scanner decision,Decision,NO_DIRECTIONAL_EDGE,False,NO_TRADE_MARKET_CLOSED,ENTER or ENTER_PAPER,NO TRADE MARKET CLOSED,False,0.0,0.0,,2026-07-31T23:55:00+00:00,505.83,507.0,505.75,507.0,511.4,NO_RECOMMENDATION,NOT_REQUESTED,NOT_REQUESTED,,NOT_CREATED,NO_LIFECYCLE_EVENT,NO_LIFECYCLE_EVENT,2026-08-01_002154,,
238ef6c0ee4c4d6dc1783886,2026-08-01,2026-08-01 00:22:15-04:00,AMAT,Scanner,RULE FAILED,0.0 / required 83.0,Rule evaluation,Entry,Setup,False,0.0,83.0,,,,,,,,,,,,,,,,,,,2026-08-01_002154,,
aa5b02cff8b02fbbc474d4db,2026-08-01,2026-08-01 00:22:15-04:00,AMAT,Scanner,RULE FAILED,0.0 / required 2.0,Rule evaluation,Risk,RR,False,0.0,2.0,,,,,,,,,,,,,,,,,,,2026-08-01_002154,,
cab016d476e1c9d151f2f116,2026-08-01,2026-08-01 00:22:15-04:00,AMAT,Scanner,RULE FAILED,0.0 / required 65.0,Rule evaluation,Option,Option Quality,False,0.0,65.0,,,,,,,,,,,,,,,,,,,2026-08-01_002154,,
dcffcb55e08d6301a3448f95,2026-08-01,2026-08-01 00:22:15-04:00,AMAT,Scanner,RULE FAILED,None / required LIVE_QUOTE,Rule evaluation,Realtime,Quote Freshness,False,,LIVE_QUOTE,,,,,,,,,,,,,,,,,,,2026-08-01_002154,,
1833aab1473ac82d7d0628f9,2026-08-01,2026-08-01 00:22:15-04:00,AMAT,Scanner,RULE PASSED,True / required True,Rule evaluation,Affordability,Affordability,True,True,True,,,,,,,,,,,,,,,,,,,2026-08-01_002154,,
d5cf3513da2c4d53d4a46ccb,2026-08-01,2026-08-01 00:22:15-04:00,AMAT,Scanner,RULE FAILED,NOT_LIFECYCLE_EVENT / required ELIGIBLE,Rule evaluation,Telegram,Telegram,False,NOT_LIFECYCLE_EVENT,ELIGIBLE,,,,,,,,,,,,,,,,,,,2026-08-01_002154,,
7d2cb984382c24e7e995472c,2026-08-01,2026-08-01 00:22:16-04:00,LRCX,Scanner,STALE STOCK DATA,Stock aggregate data is not real-time,Scanner decision,Decision,RISK_REJECTED,False,STALE_STOCK_DATA,ENTER or ENTER_PAPER,STALE STOCK DATA,False,45.0,1.59,,2026-07-31T23:55:00+00:00,292.0,292.1,292.0,292.1,489.0,NO_RECOMMENDATION,NOT_REQUESTED,NOT_REQUESTED,,NOT_CREATED,NO_LIFECYCLE_EVENT,NO_LIFECYCLE_EVENT,2026-08-01_002154,,
35b6a8218afe90961464fa9f,2026-08-01,2026-08-01 00:22:16-04:00,LRCX,Scanner,RULE FAILED,45.0 / required 85.0,Rule evaluation,Entry,Setup,False,45.0,85.0,,,,,,,,,,,,,,,,,,,2026-08-01_002154,,
05cd42ee326190ad909dca8f,2026-08-01,2026-08-01 00:22:16-04:00,LRCX,Scanner,RULE FAILED,1.59 / required 2.0,Rule evaluation,Risk,RR,False,1.59,2.0,,,,,,,,,,,,,,,,,,,2026-08-01_002154,,
c2106786523ddd01b4d2e353,2026-08-01,2026-08-01 00:22:16-04:00,LRCX,Scanner,RULE FAILED,0.0 / required 65.0,Rule evaluation,Option,Option Quality,False,0.0,65.0,,,,,,,,,,,,,,,,,,,2026-08-01_002154,,
e5ce281385591221fc7b1f4b,2026-08-01,2026-08-01 00:22:16-04:00,LRCX,Scanner,RULE FAILED,None / required LIVE_QUOTE,Rule evaluation,Realtime,Quote Freshness,False,,LIVE_QUOTE,,,,,,,,,,,,,,,,,,,2026-08-01_002154,,
2e22ca2db2aa752d8e529a6f,2026-08-01,2026-08-01 00:22:16-04:00,LRCX,Scanner,RULE PASSED,True / required True,Rule evaluation,Affordability,Affordability,True,True,True,,,,,,,,,,,,,,,,,,,2026-08-01_002154,,
9932c8c532ad0ecc55d1a27c,2026-08-01,2026-08-01 00:22:16-04:00,LRCX,Scanner,RULE FAILED,NOT_LIFECYCLE_EVENT / required ELIGIBLE,Rule evaluation,Telegram,Telegram,False,NOT_LIFECYCLE_EVENT,ELIGIBLE,,,,,,,,,,,,,,,,,,,2026-08-01_002154,,
29fe586659ee7c486f7a2258,2026-08-01,2026-08-01 00:22:16-04:00,MRVL,Scanner,STALE STOCK DATA,Stock aggregate data is not real-time,Scanner decision,Decision,NO_ENTRY_TRIGGER,False,STALE_STOCK_DATA,ENTER or ENTER_PAPER,STALE STOCK DATA,False,25.0,0.0,,2026-07-31T23:55:00+00:00,185.9,185.9,185.59,185.6,18457.38,NO_RECOMMENDATION,NOT_REQUESTED,NOT_REQUESTED,,NOT_CREATED,NO_LIFECYCLE_EVENT,NO_LIFECYCLE_EVENT,2026-08-01_002154,,
e4b5b66156e3952082d4982b,2026-08-01,2026-08-01 00:22:16-04:00,MRVL,Scanner,RULE FAILED,25.0 / required 83.0,Rule evaluation,Entry,Setup,False,25.0,83.0,,,,,,,,,,,,,,,,,,,2026-08-01_002154,,
bfc573cc8f85928210c0f4e2,2026-08-01,2026-08-01 00:22:16-04:00,MRVL,Scanner,RULE FAILED,0.0 / required 2.0,Rule evaluation,Risk,RR,False,0.0,2.0,,,,,,,,,,,,,,,,,,,2026-08-01_002154,,
2a369d7e7e07ecfb3e91fc56,2026-08-01,2026-08-01 00:22:16-04:00,MRVL,Scanner,RULE FAILED,0.0 / required 65.0,Rule evaluation,Option,Option Quality,False,0.0,65.0,,,,,,,,,,,,,,,,,,,2026-08-01_002154,,
c51d4b2b79a50742756ff971,2026-08-01,2026-08-01 00:22:16-04:00,MRVL,Scanner,RULE FAILED,None / required LIVE_QUOTE,Rule evaluation,Realtime,Quote Freshness,False,,LIVE_QUOTE,,,,,,,,,,,,,,,,,,,2026-08-01_002154,,
7978d1cf45d7fccf9c19254d,2026-08-01,2026-08-01 00:22:16-04:00,MRVL,Scanner,RULE PASSED,True / required True,Rule evaluation,Affordability,Affordability,True,True,True,,,,,,,,,,,,,,,,,,,2026-08-01_002154,,
14e1802b792029d5edb9f120,2026-08-01,2026-08-01 00:22:16-04:00,MRVL,Scanner,RULE FAILED,NOT_LIFECYCLE_EVENT / required ELIGIBLE,Rule evaluation,Telegram,Telegram,False,NOT_LIFECYCLE_EVENT,ELIGIBLE,,,,,,,,,,,,,,,,,,,2026-08-01_002154,,
9f6d148529a926863f9865fe,2026-08-01,2026-08-01 00:22:26-04:00,ORCL,Scanner,STALE STOCK DATA,Stock aggregate data is not real-time,Scanner decision,Decision,LOW_RR,False,STALE_STOCK_DATA,ENTER or ENTER_PAPER,STALE STOCK DATA,False,38.0,1.05,,2026-07-31T23:55:00+00:00,129.07,129.17,128.95,128.95,8666.08,NO_RECOMMENDATION,NOT_REQUESTED,NOT_REQUESTED,,NOT_CREATED,NO_LIFECYCLE_EVENT,NO_LIFECYCLE_EVENT,2026-08-01_002154,,
d51328c71009f0d10d2cfa9f,2026-08-01,2026-08-01 00:22:26-04:00,ORCL,Scanner,RULE FAILED,38.0 / required 85.0,Rule evaluation,Entry,Setup,False,38.0,85.0,,,,,,,,,,,,,,,,,,,2026-08-01_002154,,
6e3cf87339f7d6ee836206fe,2026-08-01,2026-08-01 00:22:26-04:00,ORCL,Scanner,RULE FAILED,1.05 / required 2.0,Rule evaluation,Risk,RR,False,1.05,2.0,,,,,,,,,,,,,,,,,,,2026-08-01_002154,,
5556e2376b36ef81ad47d3fc,2026-08-01,2026-08-01 00:22:26-04:00,ORCL,Scanner,RULE FAILED,0.0 / required 65.0,Rule evaluation,Option,Option Quality,False,0.0,65.0,,,,,,,,,,,,,,,,,,,2026-08-01_002154,,
f475ec75f905606d4a1ae127,2026-08-01,2026-08-01 00:22:26-04:00,ORCL,Scanner,RULE FAILED,None / required LIVE_QUOTE,Rule evaluation,Realtime,Quote Freshness,False,,LIVE_QUOTE,,,,,,,,,,,,,,,,,,,2026-08-01_002154,,
29564ba05b76e7588b5629d6,2026-08-01,2026-08-01 00:22:26-04:00,ORCL,Scanner,RULE PASSED,True / required True,Rule evaluation,Affordability,Affordability,True,True,True,,,,,,,,,,,,,,,,,,,2026-08-01_002154,,
29171c41744e937a6a4dcfd0,2026-08-01,2026-08-01 00:22:26-04:00,ORCL,Scanner,RULE FAILED,NOT_LIFECYCLE_EVENT / required ELIGIBLE,Rule evaluation,Telegram,Telegram,False,NOT_LIFECYCLE_EVENT,ELIGIBLE,,,,,,,,,,,,,,,,,,,2026-08-01_002154,,
22dc76f3cf6fe2c0476b94c6,2026-08-01,2026-08-01 00:22:26-04:00,PANW,Scanner,NO TRADE MARKET CLOSED,Market closed; no live intraday trade,Scanner decision,Decision,NO_DIRECTIONAL_EDGE,False,NO_TRADE_MARKET_CLOSED,ENTER or ENTER_PAPER,NO TRADE MARKET CLOSED,False,8.0,0.0,,2026-07-31T23:10:00+00:00,329.83,329.83,329.83,329.83,100.0,NO_RECOMMENDATION,NOT_REQUESTED,NOT_REQUESTED,,NOT_CREATED,NO_LIFECYCLE_EVENT,NO_LIFECYCLE_EVENT,2026-08-01_002154,,
b84a5168d97cc14bf83d1137,2026-08-01,2026-08-01 00:22:26-04:00,PANW,Scanner,RULE FAILED,8.0 / required 85.0,Rule evaluation,Entry,Setup,False,8.0,85.0,,,,,,,,,,,,,,,,,,,2026-08-01_002154,,
9ccc336ca1d89de6354fa704,2026-08-01,2026-08-01 00:22:26-04:00,PANW,Scanner,RULE FAILED,0.0 / required 2.0,Rule evaluation,Risk,RR,False,0.0,2.0,,,,,,,,,,,,,,,,,,,2026-08-01_002154,,
5e7751c7d0aeda12a371136a,2026-08-01,2026-08-01 00:22:26-04:00,PANW,Scanner,RULE FAILED,0.0 / required 65.0,Rule evaluation,Option,Option Quality,False,0.0,65.0,,,,,,,,,,,,,,,,,,,2026-08-01_002154,,
8d55645dc8095a22564a7bbd,2026-08-01,2026-08-01 00:22:26-04:00,PANW,Scanner,RULE FAILED,None / required LIVE_QUOTE,Rule evaluation,Realtime,Quote Freshness,False,,LIVE_QUOTE,,,,,,,,,,,,,,,,,,,2026-08-01_002154,,
94947a4dc4ea3750f317e54d,2026-08-01,2026-08-01 00:22:26-04:00,PANW,Scanner,RULE PASSED,True / required True,Rule evaluation,Affordability,Affordability,True,True,True,,,,,,,,,,,,,,,,,,,2026-08-01_002154,,
fccedbee45c1e0aa9aa2b40b,2026-08-01,2026-08-01 00:22:26-04:00,PANW,Scanner,RULE FAILED,NOT_LIFECYCLE_EVENT / required ELIGIBLE,Rule evaluation,Telegram,Telegram,False,NOT_LIFECYCLE_EVENT,ELIGIBLE,,,,,,,,,,,,,,,,,,,2026-08-01_002154,,
83fc6b37c09490054c4db2ca,2026-08-01,2026-08-01 00:22:27-04:00,SOXL,Scanner,STALE STOCK DATA,Stock aggregate data is not real-time,Scanner decision,Decision,RISK_REJECTED,False,STALE_STOCK_DATA,ENTER or ENTER_PAPER,STALE STOCK DATA,False,38.0,1.74,,2026-07-31T23:55:00+00:00,113.0,113.15,112.66,112.66,79551.13,NO_RECOMMENDATION,NOT_REQUESTED,NOT_REQUESTED,,NOT_CREATED,NO_LIFECYCLE_EVENT,NO_LIFECYCLE_EVENT,2026-08-01_002154,,
ec28df1477a4a3fb0d8f5557,2026-08-01,2026-08-01 00:22:27-04:00,SOXL,Scanner,RULE FAILED,38.0 / required 83.0,Rule evaluation,Entry,Setup,False,38.0,83.0,,,,,,,,,,,,,,,,,,,2026-08-01_002154,,
a1859254fd1c5320131cdf49,2026-08-01,2026-08-01 00:22:27-04:00,SOXL,Scanner,RULE FAILED,1.74 / required 2.0,Rule evaluation,Risk,RR,False,1.74,2.0,,,,,,,,,,,,,,,,,,,2026-08-01_002154,,
aa9dca4680850cc8365b55bd,2026-08-01,2026-08-01 00:22:27-04:00,SOXL,Scanner,RULE FAILED,0.0 / required 65.0,Rule evaluation,Option,Option Quality,False,0.0,65.0,,,,,,,,,,,,,,,,,,,2026-08-01_002154,,
fa5450f8b997a301707b0d61,2026-08-01,2026-08-01 00:22:27-04:00,SOXL,Scanner,RULE FAILED,None / required LIVE_QUOTE,Rule evaluation,Realtime,Quote Freshness,False,,LIVE_QUOTE,,,,,,,,,,,,,,,,,,,2026-08-01_002154,,
f634b8ae982c463acf872692,2026-08-01,2026-08-01 00:22:27-04:00,SOXL,Scanner,RULE PASSED,True / required True,Rule evaluation,Affordability,Affordability,True,True,True,,,,,,,,,,,,,,,,,,,2026-08-01_002154,,
5a3268ff3e7b937cfb532122,2026-08-01,2026-08-01 00:22:27-04:00,SOXL,Scanner,RULE FAILED,NOT_LIFECYCLE_EVENT / required ELIGIBLE,Rule evaluation,Telegram,Telegram,False,NOT_LIFECYCLE_EVENT,ELIGIBLE,,,,,,,,,,,,,,,,,,,2026-08-01_002154,,
422f96f5a53f44abe98bbaa0,2026-08-01,2026-08-01 00:09:39,SYSTEM,Paper,SKIPPED,market day closed,Auto-paper gate,Auto-paper,,False,,,,,,,,,,,,,,,,SKIPPED,market day closed,NOT_CREATED,NO_LIFECYCLE_EVENT,NO_LIFECYCLE_EVENT,2026-08-01_000939,,
