symbol,interval,timestamp,open,high,low,close,volume,trading_day,scan_id
QQQ,5m,2026-07-31 08:00:00+00:00,691.26,692.44,691.0,691.25,41331.73325,2026-08-01,2026-08-01_000919
QQQ,5m,2026-07-31 08:05:00+00:00,691.16,691.96,691.0,691.06,25447.506784999998,2026-08-01,2026-08-01_000919
QQQ,5m,2026-07-31 08:10:00+00:00,691.07,692.12,690.86,692.08,17988.397305000002,2026-08-01,2026-08-01_000919
QQQ,5m,2026-07-31 08:15:00+00:00,692.07,692.56,692.03,692.4611,12322.664341,2026-08-01,2026-08-01_000919
QQQ,5m,2026-07-31 08:20:00+00:00,692.5,692.55,691.81,692.02,20790.768742,2026-08-01,2026-08-01_000919
QQQ,5m,2026-07-31 08:25:00+00:00,692.13,692.86,692.13,692.66,19645.701560999998,2026-08-01,2026-08-01_000919
QQQ,5m,2026-07-31 08:30:00+00:00,692.53,692.89,692.4,692.62,10207.964387,2026-08-01,2026-08-01_000919
QQQ,5m,2026-07-31 08:35:00+00:00,692.47,692.52,692.17,692.23,11308.019476,2026-08-01,2026-08-01_000919
QQQ,5m,2026-07-31 08:40:00+00:00,692.0,692.1,691.83,691.89,8769.194923000001,2026-08-01,2026-08-01_000919
QQQ,5m,2026-07-31 08:45:00+00:00,691.87,692.69,691.85,692.56,7443.91797,2026-08-01,2026-08-01_000919
QQQ,5m,2026-07-31 08:50:00+00:00,692.6,692.71,692.2,692.2,4495.076736,2026-08-01,2026-08-01_000919
QQQ,5m,2026-07-31 08:55:00+00:00,692.29,692.79,692.19,692.79,12101.057268,2026-08-01,2026-08-01_000919
QQQ,5m,2026-07-31 09:00:00+00:00,692.85,693.08,692.6662,693.05,23744.333271999996,2026-08-01,2026-08-01_000919
QQQ,5m,2026-07-31 09:05:00+00:00,693.05,693.27,692.668,693.2152,10083.942637,2026-08-01,2026-08-01_000919
QQQ,5m,2026-07-31 09:10:00+00:00,693.2143,693.62,693.2143,693.31,16468.657457,2026-08-01,2026-08-01_000919
QQQ,5m,2026-07-31 09:15:00+00:00,693.32,693.39,693.0,693.04,6652.836658,2026-08-01,2026-08-01_000919
QQQ,5m,2026-07-31 09:20:00+00:00,692.93,693.19,692.7,692.82,5885.140582,2026-08-01,2026-08-01_000919
QQQ,5m,2026-07-31 09:25:00+00:00,692.82,693.0,692.3,692.39,16637.651638,2026-08-01,2026-08-01_000919
QQQ,5m,2026-07-31 09:30:00+00:00,692.36,692.3717,691.79,691.79,16628.785051,2026-08-01,2026-08-01_000919
QQQ,5m,2026-07-31 09:35:00+00:00,691.84,691.85,691.0,691.18,29852.883915,2026-08-01,2026-08-01_000919
QQQ,5m,2026-07-31 09:40:00+00:00,691.31,691.65,691.26,691.45,6653.43774,2026-08-01,2026-08-01_000919
QQQ,5m,2026-07-31 09:45:00+00:00,691.55,691.79,691.495,691.78,2381.0,2026-08-01,2026-08-01_000919
QQQ,5m,2026-07-31 09:50:00+00:00,691.78,691.8841,691.38,691.39,8880.837315,2026-08-01,2026-08-01_000919
QQQ,5m,2026-07-31 09:55:00+00:00,691.39,691.55,690.95,691.07,16229.651072,2026-08-01,2026-08-01_000919
QQQ,5m,2026-07-31 10:00:00+00:00,690.96,691.3,690.74,690.91,21218.311314,2026-08-01,2026-08-01_000919
QQQ,5m,2026-07-31 10:05:00+00:00,691.03,691.28,690.76,691.11,8979.026145,2026-08-01,2026-08-01_000919
QQQ,5m,2026-07-31 10:10:00+00:00,691.2,691.76,691.1,691.6,11840.79513,2026-08-01,2026-08-01_000919
QQQ,5m,2026-07-31 10:15:00+00:00,691.52,691.8,691.39,691.8,3034.947174,2026-08-01,2026-08-01_000919
QQQ,5m,2026-07-31 10:20:00+00:00,691.89,692.0,691.65,691.65,1834.0552659999998,2026-08-01,2026-08-01_000919
QQQ,5m,2026-07-31 10:25:00+00:00,691.6,692.12,691.6,691.95,15127.536971,2026-08-01,2026-08-01_000919
QQQ,5m,2026-07-31 10:30:00+00:00,691.91,692.09,691.78,691.85,10182.089184999999,2026-08-01,2026-08-01_000919
QQQ,5m,2026-07-31 10:35:00+00:00,691.91,692.0,691.77,691.9,5313.49326,2026-08-01,2026-08-01_000919
QQQ,5m,2026-07-31 10:40:00+00:00,692.09,692.2,692.02,692.02,9219.112297,2026-08-01,2026-08-01_000919
QQQ,5m,2026-07-31 10:45:00+00:00,692.25,692.4,691.51,691.55,10569.154199,2026-08-01,2026-08-01_000919
QQQ,5m,2026-07-31 10:50:00+00:00,691.57,692.17,691.57,692.17,12209.821633,2026-08-01,2026-08-01_000919
QQQ,5m,2026-07-31 10:55:00+00:00,692.16,692.16,691.64,691.77,5632.189605,2026-08-01,2026-08-01_000919
QQQ,5m,2026-07-31 11:00:00+00:00,691.78,693.06,691.6,693.0,48161.935102,2026-08-01,2026-08-01_000919
QQQ,5m,2026-07-31 11:05:00+00:00,693.0783,693.25,692.83,692.9596,27649.390059,2026-08-01,2026-08-01_000919
QQQ,5m,2026-07-31 11:10:00+00:00,692.96,692.96,692.42,692.5019,19246.28474,2026-08-01,2026-08-01_000919
QQQ,5m,2026-07-31 11:15:00+00:00,692.54,692.58,691.59,691.76,30935.518713,2026-08-01,2026-08-01_000919
QQQ,5m,2026-07-31 11:20:00+00:00,691.7,691.9,691.58,691.8699,17644.698616,2026-08-01,2026-08-01_000919
QQQ,5m,2026-07-31 11:25:00+00:00,691.83,692.22,691.41,691.59,31572.788431,2026-08-01,2026-08-01_000919
QQQ,5m,2026-07-31 11:30:00+00:00,691.51,691.55,690.89,691.12,53119.399762999994,2026-08-01,2026-08-01_000919
QQQ,5m,2026-07-31 11:35:00+00:00,691.1,691.71,690.91,691.0,32136.050269,2026-08-01,2026-08-01_000919
QQQ,5m,2026-07-31 11:40:00+00:00,690.943,691.27,690.88,691.1,11624.325117,2026-08-01,2026-08-01_000919
QQQ,5m,2026-07-31 11:45:00+00:00,691.17,691.4,691.02,691.35,15680.227266000002,2026-08-01,2026-08-01_000919
QQQ,5m,2026-07-31 11:50:00+00:00,691.35,691.69,691.35,691.69,13992.683856,2026-08-01,2026-08-01_000919
QQQ,5m,2026-07-31 11:55:00+00:00,691.451,691.6,691.39,691.5,11756.096018,2026-08-01,2026-08-01_000919
QQQ,5m,2026-07-31 12:00:00+00:00,691.58,691.58,690.48,690.55,18790.056494,2026-08-01,2026-08-01_000919
QQQ,5m,2026-07-31 12:05:00+00:00,690.58,690.59,690.14,690.22,29762.400864,2026-08-01,2026-08-01_000919
QQQ,5m,2026-07-31 12:10:00+00:00,690.25,690.25,689.73,689.805,32599.786770000002,2026-08-01,2026-08-01_000919
QQQ,5m,2026-07-31 12:15:00+00:00,689.75,689.8428,689.02,689.184,47177.430229000005,2026-08-01,2026-08-01_000919
QQQ,5m,2026-07-31 12:20:00+00:00,689.23,689.85,689.03,689.81,28114.589156,2026-08-01,2026-08-01_000919
QQQ,5m,2026-07-31 12:25:00+00:00,689.86,690.36,689.7,690.17,38282.835727000005,2026-08-01,2026-08-01_000919
QQQ,5m,2026-07-31 12:30:00+00:00,690.06,690.25,689.13,689.3898,44366.203955,2026-08-01,2026-08-01_000919
QQQ,5m,2026-07-31 12:35:00+00:00,689.29,689.45,688.82,689.12,32926.109974000006,2026-08-01,2026-08-01_000919
QQQ,5m,2026-07-31 12:40:00+00:00,689.12,689.44,688.59,689.06,55432.494231000004,2026-08-01,2026-08-01_000919
QQQ,5m,2026-07-31 12:45:00+00:00,689.25,689.25,688.71,689.03,20904.824921,2026-08-01,2026-08-01_000919
QQQ,5m,2026-07-31 12:50:00+00:00,689.06,689.93,688.86,689.87,30483.918058,2026-08-01,2026-08-01_000919
QQQ,5m,2026-07-31 12:55:00+00:00,689.84,689.97,689.36,689.49,23816.896814,2026-08-01,2026-08-01_000919
QQQ,5m,2026-07-31 13:00:00+00:00,689.51,690.11,689.2348,690.03,36059.748259,2026-08-01,2026-08-01_000919
QQQ,5m,2026-07-31 13:05:00+00:00,689.98,690.51,689.89,690.46,31128.728196,2026-08-01,2026-08-01_000919
QQQ,5m,2026-07-31 13:10:00+00:00,690.48,690.99,690.48,690.9356,30245.605249,2026-08-01,2026-08-01_000919
QQQ,5m,2026-07-31 13:15:00+00:00,690.96,691.35,690.95,691.17,82234.074403,2026-08-01,2026-08-01_000919
QQQ,5m,2026-07-31 13:20:00+00:00,691.22,691.47,690.94,691.47,44641.603262,2026-08-01,2026-08-01_000919
QQQ,5m,2026-07-31 13:25:00+00:00,691.47,692.2,691.41,692.08,192949.571568,2026-08-01,2026-08-01_000919
QQQ,5m,2026-07-31 13:30:00+00:00,692.11,695.3399,691.25,694.71,1994020.534224,2026-08-01,2026-08-01_000919
QQQ,5m,2026-07-31 13:35:00+00:00,694.69,695.77,691.605,691.75,1742574.9696550001,2026-08-01,2026-08-01_000919
QQQ,5m,2026-07-31 13:40:00+00:00,691.75,692.09,688.17,688.225,1430270.725346,2026-08-01,2026-08-01_000919
QQQ,5m,2026-07-31 13:45:00+00:00,688.28,689.58,685.85,686.88,1586141.7365589999,2026-08-01,2026-08-01_000919
QQQ,5m,2026-07-31 13:50:00+00:00,686.82,687.9895,685.29,686.19,1304759.328964,2026-08-01,2026-08-01_000919
QQQ,5m,2026-07-31 13:55:00+00:00,686.18,688.14,685.66,686.79,1484239.7697299998,2026-08-01,2026-08-01_000919
QQQ,5m,2026-07-31 14:00:00+00:00,686.76,687.6,683.89,683.97,1361151.7414739998,2026-08-01,2026-08-01_000919
QQQ,5m,2026-07-31 14:05:00+00:00,683.99,684.6769,681.0401,681.77,1626553.74688,2026-08-01,2026-08-01_000919
QQQ,5m,2026-07-31 14:10:00+00:00,681.75,682.72,680.52,681.46,1296443.516225,2026-08-01,2026-08-01_000919
QQQ,5m,2026-07-31 14:15:00+00:00,681.45,683.3,680.0512,682.41,1011549.3006059999,2026-08-01,2026-08-01_000919
QQQ,5m,2026-07-31 14:20:00+00:00,682.35,684.1,681.934,682.81,935591.8170899999,2026-08-01,2026-08-01_000919
QQQ,5m,2026-07-31 14:25:00+00:00,682.81,684.35,682.04,684.2,486823.935025,2026-08-01,2026-08-01_000919
QQQ,5m,2026-07-31 14:30:00+00:00,684.22,684.95,683.24,683.845,823697.606433,2026-08-01,2026-08-01_000919
QQQ,5m,2026-07-31 14:35:00+00:00,683.85,685.25,683.79,684.66,663874.471799,2026-08-01,2026-08-01_000919
QQQ,5m,2026-07-31 14:40:00+00:00,684.66,685.27,683.28,684.67,512850.99328100006,2026-08-01,2026-08-01_000919
QQQ,5m,2026-07-31 14:45:00+00:00,684.65,686.34,683.86,686.19,1167255.053094,2026-08-01,2026-08-01_000919
QQQ,5m,2026-07-31 14:50:00+00:00,686.19,686.51,685.19,685.3476,1046719.826972,2026-08-01,2026-08-01_000919
QQQ,5m,2026-07-31 14:55:00+00:00,685.4,686.23,684.32,685.61,427904.013671,2026-08-01,2026-08-01_000919
QQQ,5m,2026-07-31 15:00:00+00:00,685.63,686.09,684.79,685.9591,438829.486378,2026-08-01,2026-08-01_000919
QQQ,5m,2026-07-31 15:05:00+00:00,685.99,686.43,684.365,684.8,362888.21404999995,2026-08-01,2026-08-01_000919
QQQ,5m,2026-07-31 15:10:00+00:00,684.875,685.4096,683.33,684.6301,411485.888507,2026-08-01,2026-08-01_000919
QQQ,5m,2026-07-31 15:15:00+00:00,684.66,686.36,683.89,684.47,393068.796003,2026-08-01,2026-08-01_000919
QQQ,5m,2026-07-31 15:20:00+00:00,684.46,684.7195,682.84,682.86,439549.83317899995,2026-08-01,2026-08-01_000919
QQQ,5m,2026-07-31 15:25:00+00:00,682.86,683.15,681.07,681.77,521611.838192,2026-08-01,2026-08-01_000919
QQQ,5m,2026-07-31 15:30:00+00:00,681.72,682.47,680.94,682.34,446176.216489,2026-08-01,2026-08-01_000919
QQQ,5m,2026-07-31 15:35:00+00:00,682.36,684.4001,682.25,683.79,346922.73111100006,2026-08-01,2026-08-01_000919
QQQ,5m,2026-07-31 15:40:00+00:00,683.82,684.11,682.1,683.28,227388.484624,2026-08-01,2026-08-01_000919
QQQ,5m,2026-07-31 15:45:00+00:00,683.32,683.58,682.15,682.8,232694.862936,2026-08-01,2026-08-01_000919
QQQ,5m,2026-07-31 15:50:00+00:00,682.83,685.06,682.73,684.905,379931.78852400003,2026-08-01,2026-08-01_000919
QQQ,5m,2026-07-31 15:55:00+00:00,684.89,685.25,684.21,684.7863,289049.904019,2026-08-01,2026-08-01_000919
QQQ,5m,2026-07-31 16:00:00+00:00,684.75,685.6,684.36,685.16,374971.67629,2026-08-01,2026-08-01_000919
QQQ,5m,2026-07-31 16:05:00+00:00,685.15,685.31,684.02,684.76,248450.77677300002,2026-08-01,2026-08-01_000919
QQQ,5m,2026-07-31 16:10:00+00:00,684.78,685.6,684.67,685.39,225359.85696999996,2026-08-01,2026-08-01_000919
QQQ,5m,2026-07-31 16:15:00+00:00,685.42,685.64,684.36,685.2172,278090.68413400004,2026-08-01,2026-08-01_000919
QQQ,5m,2026-07-31 16:20:00+00:00,685.19,686.4,685.11,686.19,337458.05565,2026-08-01,2026-08-01_000919
QQQ,5m,2026-07-31 16:25:00+00:00,686.22,686.93,685.56,686.93,271292.67285000003,2026-08-01,2026-08-01_000919
QQQ,5m,2026-07-31 16:30:00+00:00,686.95,687.54,686.67,687.265,532744.74777,2026-08-01,2026-08-01_000919
QQQ,5m,2026-07-31 16:35:00+00:00,687.2401,687.58,686.76,686.94,409130.50976,2026-08-01,2026-08-01_000919
QQQ,5m,2026-07-31 16:40:00+00:00,686.96,687.13,685.78,685.94,271165.149539,2026-08-01,2026-08-01_000919
QQQ,5m,2026-07-31 16:45:00+00:00,685.92,686.62,685.63,686.6087,230834.359237,2026-08-01,2026-08-01_000919
QQQ,5m,2026-07-31 16:50:00+00:00,686.64,687.42,686.515,686.77,243999.761994,2026-08-01,2026-08-01_000919
QQQ,5m,2026-07-31 16:55:00+00:00,686.72,687.625,686.69,687.06,213947.02680399996,2026-08-01,2026-08-01_000919
QQQ,5m,2026-07-31 17:00:00+00:00,687.04,688.06,686.89,687.731,195236.68207900002,2026-08-01,2026-08-01_000919
QQQ,5m,2026-07-31 17:05:00+00:00,687.74,687.96,687.0,687.33,233040.460464,2026-08-01,2026-08-01_000919
QQQ,5m,2026-07-31 17:10:00+00:00,687.27,688.14,687.06,687.92,388264.713101,2026-08-01,2026-08-01_000919
QQQ,5m,2026-07-31 17:15:00+00:00,687.92,688.39,687.765,688.305,215941.21031599998,2026-08-01,2026-08-01_000919
QQQ,5m,2026-07-31 17:20:00+00:00,688.28,689.2,687.78,689.14,275014.36597,2026-08-01,2026-08-01_000919
QQQ,5m,2026-07-31 17:25:00+00:00,689.14,689.72,689.07,689.36,318506.09698599996,2026-08-01,2026-08-01_000919
QQQ,5m,2026-07-31 17:30:00+00:00,689.37,689.94,689.06,689.82,291500.90054599993,2026-08-01,2026-08-01_000919
QQQ,5m,2026-07-31 17:35:00+00:00,689.83,690.35,689.18,689.2,343043.592389,2026-08-01,2026-08-01_000919
QQQ,5m,2026-07-31 17:40:00+00:00,689.2,689.62,688.91,689.235,306165.70363700006,2026-08-01,2026-08-01_000919
QQQ,5m,2026-07-31 17:45:00+00:00,689.25,689.71,688.28,688.4,304406.35566199996,2026-08-01,2026-08-01_000919
QQQ,5m,2026-07-31 17:50:00+00:00,688.36,689.41,688.265,688.92,315169.004086,2026-08-01,2026-08-01_000919
QQQ,5m,2026-07-31 17:55:00+00:00,688.89,689.28,688.47,688.55,771378.7653829999,2026-08-01,2026-08-01_000919
QQQ,5m,2026-07-31 18:00:00+00:00,688.565,689.27,688.35,688.52,209202.660031,2026-08-01,2026-08-01_000919
QQQ,5m,2026-07-31 18:05:00+00:00,688.5231,689.12,688.24,688.575,199910.69149,2026-08-01,2026-08-01_000919
QQQ,5m,2026-07-31 18:10:00+00:00,688.56,688.76,687.76,687.97,252105.01330700002,2026-08-01,2026-08-01_000919
QQQ,5m,2026-07-31 18:15:00+00:00,687.91,688.98,687.835,688.5414,203798.140496,2026-08-01,2026-08-01_000919
QQQ,5m,2026-07-31 18:20:00+00:00,688.54,688.95,688.36,688.765,215699.243039,2026-08-01,2026-08-01_000919
QQQ,5m,2026-07-31 18:25:00+00:00,688.765,688.81,688.17,688.38,242360.45576399998,2026-08-01,2026-08-01_000919
QQQ,5m,2026-07-31 18:30:00+00:00,688.47,689.015,688.47,688.73,159870.33196900002,2026-08-01,2026-08-01_000919
QQQ,5m,2026-07-31 18:35:00+00:00,688.73,688.74,688.27,688.54,300105.28927500005,2026-08-01,2026-08-01_000919
QQQ,5m,2026-07-31 18:40:00+00:00,688.51,688.9006,688.273,688.66,165614.78443600002,2026-08-01,2026-08-01_000919
QQQ,5m,2026-07-31 18:45:00+00:00,688.65,689.08,688.425,689.035,148518.348398,2026-08-01,2026-08-01_000919
QQQ,5m,2026-07-31 18:50:00+00:00,689.05,689.4,688.93,689.0,242706.222556,2026-08-01,2026-08-01_000919
QQQ,5m,2026-07-31 18:55:00+00:00,689.0,689.15,688.26,688.71,271461.422734,2026-08-01,2026-08-01_000919
QQQ,5m,2026-07-31 19:00:00+00:00,688.7,689.28,688.3,688.38,260820.189106,2026-08-01,2026-08-01_000919
QQQ,5m,2026-07-31 19:05:00+00:00,688.4,688.6599,688.02,688.54,257041.14809800003,2026-08-01,2026-08-01_000919
QQQ,5m,2026-07-31 19:10:00+00:00,688.545,688.89,688.33,688.6405,393089.904668,2026-08-01,2026-08-01_000919
QQQ,5m,2026-07-31 19:15:00+00:00,688.67,689.99,688.53,689.94,757289.47121,2026-08-01,2026-08-01_000919
QQQ,5m,2026-07-31 19:20:00+00:00,689.945,690.27,689.53,689.57,452202.717192,2026-08-01,2026-08-01_000919
QQQ,5m,2026-07-31 19:25:00+00:00,689.57,689.84,689.35,689.7,328424.01506400004,2026-08-01,2026-08-01_000919
QQQ,5m,2026-07-31 19:30:00+00:00,689.68,689.84,688.91,689.35,954083.835458,2026-08-01,2026-08-01_000919
QQQ,5m,2026-07-31 19:35:00+00:00,689.34,689.68,689.135,689.3,440089.644222,2026-08-01,2026-08-01_000919
QQQ,5m,2026-07-31 19:40:00+00:00,689.29,689.88,688.71,689.725,479099.45308400004,2026-08-01,2026-08-01_000919
QQQ,5m,2026-07-31 19:45:00+00:00,689.74,690.5,689.74,690.49,852964.624653,2026-08-01,2026-08-01_000919
QQQ,5m,2026-07-31 19:50:00+00:00,690.5,690.88,689.65,690.47,809182.6224389999,2026-08-01,2026-08-01_000919
QQQ,5m,2026-07-31 19:55:00+00:00,690.49,690.62,687.45,687.92,1434575.071694,2026-08-01,2026-08-01_000919
QQQ,5m,2026-07-31 20:00:00+00:00,688.08,688.69,686.4799,686.97,887893.8580049998,2026-08-01,2026-08-01_000919
QQQ,5m,2026-07-31 20:05:00+00:00,686.9776,687.9,686.67,687.7,287791.26409099996,2026-08-01,2026-08-01_000919
QQQ,5m,2026-07-31 20:10:00+00:00,687.7,687.97,687.66,687.78,1351815.4015720002,2026-08-01,2026-08-01_000919
QQQ,5m,2026-07-31 20:15:00+00:00,687.6,687.7,687.09,687.4158,110624.72023800001,2026-08-01,2026-08-01_000919
QQQ,5m,2026-07-31 20:20:00+00:00,687.42,687.6,687.24,687.25,131255.45103599998,2026-08-01,2026-08-01_000919
QQQ,5m,2026-07-31 20:25:00+00:00,687.22,687.36,686.99,687.18,40073.059527,2026-08-01,2026-08-01_000919
QQQ,5m,2026-07-31 20:30:00+00:00,687.15,687.71,686.83,687.71,144074.19222700002,2026-08-01,2026-08-01_000919
QQQ,5m,2026-07-31 20:35:00+00:00,687.7,687.7,687.45,687.65,66386.548295,2026-08-01,2026-08-01_000919
QQQ,5m,2026-07-31 20:40:00+00:00,687.65,687.69,687.33,687.41,23066.865686,2026-08-01,2026-08-01_000919
QQQ,5m,2026-07-31 20:45:00+00:00,687.45,687.83,687.3536,687.39,147949.100387,2026-08-01,2026-08-01_000919
QQQ,5m,2026-07-31 20:50:00+00:00,687.47,687.5,685.8,686.37,82715.210746,2026-08-01,2026-08-01_000919
QQQ,5m,2026-07-31 20:55:00+00:00,686.49,686.49,684.7,685.3,290040.582205,2026-08-01,2026-08-01_000919
QQQ,5m,2026-07-31 21:00:00+00:00,685.33,685.95,685.33,685.8,32967.845456,2026-08-01,2026-08-01_000919
QQQ,5m,2026-07-31 21:05:00+00:00,685.88,686.08,685.76,685.9,49966.861015999995,2026-08-01,2026-08-01_000919
QQQ,5m,2026-07-31 21:10:00+00:00,685.9,686.05,685.8,685.8,74207.731156,2026-08-01,2026-08-01_000919
QQQ,5m,2026-07-31 21:15:00+00:00,685.7,686.0,685.5,685.7,24754.255536999997,2026-08-01,2026-08-01_000919
QQQ,5m,2026-07-31 21:20:00+00:00,685.76,686.0,685.48,685.7,37713.632894,2026-08-01,2026-08-01_000919
QQQ,5m,2026-07-31 21:25:00+00:00,685.75,685.85,684.76,685.0826,65757.627135,2026-08-01,2026-08-01_000919
QQQ,5m,2026-07-31 21:30:00+00:00,685.13,685.3734,684.7,684.7,9097.696715,2026-08-01,2026-08-01_000919
QQQ,5m,2026-07-31 21:35:00+00:00,684.8761,684.8761,684.52,684.78,11685.814338,2026-08-01,2026-08-01_000919
QQQ,5m,2026-07-31 21:40:00+00:00,684.78,685.0365,684.77,685.0365,5073.951355,2026-08-01,2026-08-01_000919
QQQ,5m,2026-07-31 21:45:00+00:00,685.13,685.1491,684.0,684.34,13704.832014,2026-08-01,2026-08-01_000919
QQQ,5m,2026-07-31 21:50:00+00:00,684.33,684.77,684.28,684.77,17540.414081000003,2026-08-01,2026-08-01_000919
QQQ,5m,2026-07-31 21:55:00+00:00,684.66,684.66,684.25,684.5,19285.033326,2026-08-01,2026-08-01_000919
QQQ,5m,2026-07-31 22:00:00+00:00,684.8,684.8635,684.4957,684.5,9026.499597999999,2026-08-01,2026-08-01_000919
QQQ,5m,2026-07-31 22:05:00+00:00,684.5,684.74,684.4,684.4,8103.197484,2026-08-01,2026-08-01_000919
QQQ,5m,2026-07-31 22:10:00+00:00,684.6,684.6,684.2101,684.26,6670.5131839999995,2026-08-01,2026-08-01_000919
QQQ,5m,2026-07-31 22:15:00+00:00,684.26,684.4253,684.06,684.2,13031.523514999999,2026-08-01,2026-08-01_000919
QQQ,5m,2026-07-31 22:20:00+00:00,684.2,684.38,684.2,684.33,2280.9503640000003,2026-08-01,2026-08-01_000919
QQQ,5m,2026-07-31 22:25:00+00:00,684.33,684.33,684.05,684.05,3007.318501,2026-08-01,2026-08-01_000919
QQQ,5m,2026-07-31 22:30:00+00:00,684.21,684.4721,684.13,684.4721,3840.0760109999997,2026-08-01,2026-08-01_000919
QQQ,5m,2026-07-31 22:35:00+00:00,684.4001,685.1493,684.4001,684.98,6582.6295039999995,2026-08-01,2026-08-01_000919
QQQ,5m,2026-07-31 22:40:00+00:00,685.01,685.179,684.86,684.98,2715.397501,2026-08-01,2026-08-01_000919
QQQ,5m,2026-07-31 22:45:00+00:00,685.0,685.0,684.72,684.84,2928.386976,2026-08-01,2026-08-01_000919
QQQ,5m,2026-07-31 22:50:00+00:00,684.73,684.99,684.7111,684.99,1641.2957529999999,2026-08-01,2026-08-01_000919
QQQ,5m,2026-07-31 22:55:00+00:00,684.98,684.99,684.7,684.792,4534.71573,2026-08-01,2026-08-01_000919
QQQ,5m,2026-07-31 23:00:00+00:00,684.8,684.8,684.7,684.7,449.39880000000005,2026-08-01,2026-08-01_000919
QQQ,5m,2026-07-31 23:05:00+00:00,684.88,685.0,684.7,684.78,4043.6524999999997,2026-08-01,2026-08-01_000919
QQQ,5m,2026-07-31 23:10:00+00:00,684.81,685.0,684.78,684.9,8208.905974,2026-08-01,2026-08-01_000919
QQQ,5m,2026-07-31 23:15:00+00:00,685.0,685.0,684.9,684.9,2282.586792,2026-08-01,2026-08-01_000919
QQQ,5m,2026-07-31 23:20:00+00:00,684.9,685.0,684.8279,685.0,4898.470245,2026-08-01,2026-08-01_000919
QQQ,5m,2026-07-31 23:25:00+00:00,684.932,685.36,684.9013,685.3,4449.952747,2026-08-01,2026-08-01_000919
QQQ,5m,2026-07-31 23:30:00+00:00,685.251,685.3,684.8,685.2467,3915.0,2026-08-01,2026-08-01_000919
QQQ,5m,2026-07-31 23:35:00+00:00,684.988,685.11,684.988,684.99,4872.9923,2026-08-01,2026-08-01_000919
QQQ,5m,2026-07-31 23:40:00+00:00,685.0101,685.3,685.0,685.12,4338.121214,2026-08-01,2026-08-01_000919
QQQ,5m,2026-07-31 23:45:00+00:00,685.11,685.22,685.088,685.2,3318.2713200000003,2026-08-01,2026-08-01_000919
QQQ,5m,2026-07-31 23:50:00+00:00,685.1993,685.2,685.0475,685.15,6432.194717,2026-08-01,2026-08-01_000919
QQQ,5m,2026-07-31 23:55:00+00:00,685.0,685.01,684.34,684.47,7736.2956810000005,2026-08-01,2026-08-01_000919
SPY,5m,2026-07-31 08:00:00+00:00,745.06,745.6,745.0,745.265,11699.123114999999,2026-08-01,2026-08-01_000919
SPY,5m,2026-07-31 08:05:00+00:00,745.2,745.69,745.2,745.43,8521.116312,2026-08-01,2026-08-01_000919
SPY,5m,2026-07-31 08:10:00+00:00,745.36,745.81,745.3,745.79,6197.094935,2026-08-01,2026-08-01_000919
SPY,5m,2026-07-31 08:15:00+00:00,745.79,746.07,745.79,746.07,4297.19791,2026-08-01,2026-08-01_000919
SPY,5m,2026-07-31 08:20:00+00:00,746.01,746.01,745.64,745.69,9933.064878000001,2026-08-01,2026-08-01_000919
SPY,5m,2026-07-31 08:25:00+00:00,745.73,746.08,745.72,746.03,1924.8448509999998,2026-08-01,2026-08-01_000919
SPY,5m,2026-07-31 08:30:00+00:00,745.85,745.95,745.72,745.8,1856.997804,2026-08-01,2026-08-01_000919
SPY,5m,2026-07-31 08:35:00+00:00,745.79,745.82,745.62,745.64,4336.067508,2026-08-01,2026-08-01_000919
SPY,5m,2026-07-31 08:40:00+00:00,745.6,745.82,745.5783,745.6,6872.146244,2026-08-01,2026-08-01_000919
SPY,5m,2026-07-31 08:45:00+00:00,745.89,745.98,745.84,745.9,2303.3535460000003,2026-08-01,2026-08-01_000919
SPY,5m,2026-07-31 08:50:00+00:00,745.9,745.94,745.82,745.82,4264.01,2026-08-01,2026-08-01_000919
SPY,5m,2026-07-31 08:55:00+00:00,745.81,746.15,745.81,746.09,6081.1819479999995,2026-08-01,2026-08-01_000919
SPY,5m,2026-07-31 09:00:00+00:00,746.05,746.22,745.99,746.11,5669.121579,2026-08-01,2026-08-01_000919
SPY,5m,2026-07-31 09:05:00+00:00,746.0,746.27,746.0,746.2,8756.374898,2026-08-01,2026-08-01_000919
SPY,5m,2026-07-31 09:10:00+00:00,746.28,746.5455,746.26,746.36,5138.135722999999,2026-08-01,2026-08-01_000919
SPY,5m,2026-07-31 09:15:00+00:00,746.45,746.45,746.25,746.37,10406.337779,2026-08-01,2026-08-01_000919
SPY,5m,2026-07-31 09:20:00+00:00,746.1811,746.29,746.09,746.2,2500.0107189999994,2026-08-01,2026-08-01_000919
SPY,5m,2026-07-31 09:25:00+00:00,746.19,746.25,745.93,745.93,2760.097235,2026-08-01,2026-08-01_000919
SPY,5m,2026-07-31 09:30:00+00:00,745.95,746.0,745.57,745.6,8988.996213,2026-08-01,2026-08-01_000919
SPY,5m,2026-07-31 09:35:00+00:00,745.61,745.61,745.19,745.27,8319.473402,2026-08-01,2026-08-01_000919
SPY,5m,2026-07-31 09:40:00+00:00,745.31,745.49,745.3,745.49,3358.002,2026-08-01,2026-08-01_000919
SPY,5m,2026-07-31 09:45:00+00:00,745.6,745.6,745.46,745.48,849.031264,2026-08-01,2026-08-01_000919
SPY,5m,2026-07-31 09:50:00+00:00,745.5,745.5,745.3,745.3,1230.915045,2026-08-01,2026-08-01_000919
SPY,5m,2026-07-31 09:55:00+00:00,745.36,745.36,745.18,745.18,1023.13762,2026-08-01,2026-08-01_000919
SPY,5m,2026-07-31 10:00:00+00:00,745.12,745.335,745.05,745.18,5218.570001,2026-08-01,2026-08-01_000919
SPY,5m,2026-07-31 10:05:00+00:00,745.15,745.3,745.15,745.2,3533.5832920000003,2026-08-01,2026-08-01_000919
SPY,5m,2026-07-31 10:10:00+00:00,745.42,745.6,745.42,745.56,5136.749406,2026-08-01,2026-08-01_000919
SPY,5m,2026-07-31 10:15:00+00:00,745.53,745.79,745.51,745.72,2644.668846,2026-08-01,2026-08-01_000919
SPY,5m,2026-07-31 10:20:00+00:00,745.8,745.98,745.8,745.84,4842.617862,2026-08-01,2026-08-01_000919
SPY,5m,2026-07-31 10:25:00+00:00,745.66,745.81,745.66,745.715,1488.08125,2026-08-01,2026-08-01_000919
SPY,5m,2026-07-31 10:30:00+00:00,745.72,745.84,745.4,745.4,12026.281395999998,2026-08-01,2026-08-01_000919
SPY,5m,2026-07-31 10:35:00+00:00,745.43,745.43,745.24,745.34,2955.893563,2026-08-01,2026-08-01_000919
SPY,5m,2026-07-31 10:40:00+00:00,745.54,745.64,745.5,745.64,1101.6810209999999,2026-08-01,2026-08-01_000919
SPY,5m,2026-07-31 10:45:00+00:00,745.69,745.69,745.24,745.24,4763.1199670000005,2026-08-01,2026-08-01_000919
SPY,5m,2026-07-31 10:50:00+00:00,745.3224,745.59,745.3224,745.44,680.0,2026-08-01,2026-08-01_000919
SPY,5m,2026-07-31 10:55:00+00:00,745.53,745.55,745.38,745.45,3130.361896,2026-08-01,2026-08-01_000919
SPY,5m,2026-07-31 11:00:00+00:00,745.46,745.86,745.37,745.85,15020.819767999998,2026-08-01,2026-08-01_000919
SPY,5m,2026-07-31 11:05:00+00:00,745.9,745.9,745.73,745.76,7671.2138350000005,2026-08-01,2026-08-01_000919
SPY,5m,2026-07-31 11:10:00+00:00,745.73,745.73,745.41,745.54,4277.532938,2026-08-01,2026-08-01_000919
SPY,5m,2026-07-31 11:15:00+00:00,745.41,745.41,744.9,745.11,23370.705466,2026-08-01,2026-08-01_000919
SPY,5m,2026-07-31 11:20:00+00:00,745.109,745.13,744.99,745.08,11070.351013000001,2026-08-01,2026-08-01_000919
SPY,5m,2026-07-31 11:25:00+00:00,745.101,745.21,744.78,744.86,28596.949577,2026-08-01,2026-08-01_000919
SPY,5m,2026-07-31 11:30:00+00:00,744.84,744.84,744.41,744.51,10160.661624,2026-08-01,2026-08-01_000919
SPY,5m,2026-07-31 11:35:00+00:00,744.55,744.78,744.38,744.4,4083.4531000000006,2026-08-01,2026-08-01_000919
SPY,5m,2026-07-31 11:40:00+00:00,744.36,744.5,744.3,744.4568,16966.534975,2026-08-01,2026-08-01_000919
SPY,5m,2026-07-31 11:45:00+00:00,744.4,744.7062,744.4,744.63,15803.695006999998,2026-08-01,2026-08-01_000919
SPY,5m,2026-07-31 11:50:00+00:00,744.57,744.77,744.57,744.77,7179.676532,2026-08-01,2026-08-01_000919
SPY,5m,2026-07-31 11:55:00+00:00,744.69,744.8,744.63,744.71,3812.2991549999997,2026-08-01,2026-08-01_000919
SPY,5m,2026-07-31 12:00:00+00:00,744.68,744.68,744.09,744.11,22149.162869,2026-08-01,2026-08-01_000919
SPY,5m,2026-07-31 12:05:00+00:00,744.1487,744.1487,743.94,743.96,13495.083219000002,2026-08-01,2026-08-01_000919
SPY,5m,2026-07-31 12:10:00+00:00,743.99,744.04,743.78,743.8565,8473.930801,2026-08-01,2026-08-01_000919
SPY,5m,2026-07-31 12:15:00+00:00,743.761,743.89,743.57,743.57,9249.7376,2026-08-01,2026-08-01_000919
SPY,5m,2026-07-31 12:20:00+00:00,743.76,743.9,743.41,743.8,29040.463512000002,2026-08-01,2026-08-01_000919
SPY,5m,2026-07-31 12:25:00+00:00,743.89,744.05,743.811,744.02,15737.182426,2026-08-01,2026-08-01_000919
SPY,5m,2026-07-31 12:30:00+00:00,743.86,743.91,743.3,743.35,17573.884842,2026-08-01,2026-08-01_000919
SPY,5m,2026-07-31 12:35:00+00:00,743.31,744.89,743.1,743.1,68711.051456,2026-08-01,2026-08-01_000919
SPY,5m,2026-07-31 12:40:00+00:00,743.13,743.31,742.79,743.1,21689.688911,2026-08-01,2026-08-01_000919
SPY,5m,2026-07-31 12:45:00+00:00,743.21,743.24,742.92,743.0,9893.818522000001,2026-08-01,2026-08-01_000919
SPY,5m,2026-07-31 12:50:00+00:00,743.0,743.5,742.87,743.44,11109.37185,2026-08-01,2026-08-01_000919
SPY,5m,2026-07-31 12:55:00+00:00,743.42,743.43,742.97,743.09,10003.181494,2026-08-01,2026-08-01_000919
SPY,5m,2026-07-31 13:00:00+00:00,743.14,743.5,742.95,743.4,16091.385155,2026-08-01,2026-08-01_000919
SPY,5m,2026-07-31 13:05:00+00:00,743.35,743.6,743.26,743.54,19556.047596,2026-08-01,2026-08-01_000919
SPY,5m,2026-07-31 13:10:00+00:00,743.62,743.9,743.59,743.74,55002.469271,2026-08-01,2026-08-01_000919
SPY,5m,2026-07-31 13:15:00+00:00,743.81,744.04,743.8,743.98,48446.409656,2026-08-01,2026-08-01_000919
SPY,5m,2026-07-31 13:20:00+00:00,743.98,744.27,743.88,744.26,35590.238945,2026-08-01,2026-08-01_000919
SPY,5m,2026-07-31 13:25:00+00:00,744.27,744.71,744.12,744.68,132260.37416099999,2026-08-01,2026-08-01_000919
SPY,5m,2026-07-31 13:30:00+00:00,744.68,746.301,744.58,746.0,1436621.149362,2026-08-01,2026-08-01_000919
SPY,5m,2026-07-31 13:35:00+00:00,745.98,746.26,744.11,744.122,1141749.320859,2026-08-01,2026-08-01_000919
SPY,5m,2026-07-31 13:40:00+00:00,744.13,744.21,742.84,743.115,1343915.36094,2026-08-01,2026-08-01_000919
SPY,5m,2026-07-31 13:45:00+00:00,743.12,743.6,741.98,742.285,1072336.4588569999,2026-08-01,2026-08-01_000919
SPY,5m,2026-07-31 13:50:00+00:00,742.27,742.68,741.55,742.01,927884.1317719999,2026-08-01,2026-08-01_000919
SPY,5m,2026-07-31 13:55:00+00:00,742.02,742.83,741.69,741.94,719489.256937,2026-08-01,2026-08-01_000919
SPY,5m,2026-07-31 14:00:00+00:00,741.94,742.365,740.29,740.3225,845668.397847,2026-08-01,2026-08-01_000919
SPY,5m,2026-07-31 14:05:00+00:00,740.295,740.75,738.43,739.14,1217845.336642,2026-08-01,2026-08-01_000919
SPY,5m,2026-07-31 14:10:00+00:00,739.15,739.39,737.97,738.478,1280335.578016,2026-08-01,2026-08-01_000919
SPY,5m,2026-07-31 14:15:00+00:00,738.47,739.5,737.68,738.605,1235315.571912,2026-08-01,2026-08-01_000919
SPY,5m,2026-07-31 14:20:00+00:00,738.6,740.12,738.38,739.51,945391.466377,2026-08-01,2026-08-01_000919
SPY,5m,2026-07-31 14:25:00+00:00,739.51,740.57,739.28,740.49,755298.920375,2026-08-01,2026-08-01_000919
SPY,5m,2026-07-31 14:30:00+00:00,740.48,741.18,740.13,740.49,679296.0819059999,2026-08-01,2026-08-01_000919
SPY,5m,2026-07-31 14:35:00+00:00,740.48,741.41,740.45,741.225,539292.97732,2026-08-01,2026-08-01_000919
SPY,5m,2026-07-31 14:40:00+00:00,741.21,741.66,740.58,741.625,505042.090144,2026-08-01,2026-08-01_000919
SPY,5m,2026-07-31 14:45:00+00:00,741.6,742.497,741.44,742.4229,562708.5067980001,2026-08-01,2026-08-01_000919
SPY,5m,2026-07-31 14:50:00+00:00,742.42,742.95,742.0489,742.19,526637.407366,2026-08-01,2026-08-01_000919
SPY,5m,2026-07-31 14:55:00+00:00,742.19,742.69,741.51,742.5,409554.467984,2026-08-01,2026-08-01_000919
SPY,5m,2026-07-31 15:00:00+00:00,742.53,742.705,741.76,742.505,325345.094731,2026-08-01,2026-08-01_000919
SPY,5m,2026-07-31 15:05:00+00:00,742.5201,742.82,741.46,741.84,380539.59016699996,2026-08-01,2026-08-01_000919
SPY,5m,2026-07-31 15:10:00+00:00,741.86,742.49,741.1237,742.15,313022.65562599996,2026-08-01,2026-08-01_000919
SPY,5m,2026-07-31 15:15:00+00:00,742.14,743.1,741.51,741.95,388882.45612600003,2026-08-01,2026-08-01_000919
SPY,5m,2026-07-31 15:20:00+00:00,741.92,742.17,741.0,741.08,387471.15352399996,2026-08-01,2026-08-01_000919
SPY,5m,2026-07-31 15:25:00+00:00,741.02,741.2112,740.09,740.3,606800.123608,2026-08-01,2026-08-01_000919
SPY,5m,2026-07-31 15:30:00+00:00,740.29,741.0,739.81,740.74,471107.40866300004,2026-08-01,2026-08-01_000919
SPY,5m,2026-07-31 15:35:00+00:00,740.75,742.335,740.68,742.065,665664.472547,2026-08-01,2026-08-01_000919
SPY,5m,2026-07-31 15:40:00+00:00,742.06,742.34,740.9701,741.82,268159.122557,2026-08-01,2026-08-01_000919
SPY,5m,2026-07-31 15:45:00+00:00,741.83,741.98,741.105,741.43,258027.946999,2026-08-01,2026-08-01_000919
SPY,5m,2026-07-31 15:50:00+00:00,741.42,742.94,741.29,742.805,322232.24584900006,2026-08-01,2026-08-01_000919
SPY,5m,2026-07-31 15:55:00+00:00,742.78,743.33,742.55,743.0908,412857.727666,2026-08-01,2026-08-01_000919
SPY,5m,2026-07-31 16:00:00+00:00,743.09,743.56,742.92,743.25,378055.70593199995,2026-08-01,2026-08-01_000919
SPY,5m,2026-07-31 16:05:00+00:00,743.24,743.39,742.46,743.04,495706.289316,2026-08-01,2026-08-01_000919
SPY,5m,2026-07-31 16:10:00+00:00,743.045,743.66,743.0,743.55,394226.90981100005,2026-08-01,2026-08-01_000919
SPY,5m,2026-07-31 16:15:00+00:00,743.52,743.6,742.78,743.305,277586.82060800004,2026-08-01,2026-08-01_000919
SPY,5m,2026-07-31 16:20:00+00:00,743.29,744.43,743.25,744.3,397697.739239,2026-08-01,2026-08-01_000919
SPY,5m,2026-07-31 16:25:00+00:00,744.3,744.42,743.8,744.42,244120.912852,2026-08-01,2026-08-01_000919
SPY,5m,2026-07-31 16:30:00+00:00,744.43,744.8299,744.28,744.78,373165.5569,2026-08-01,2026-08-01_000919
SPY,5m,2026-07-31 16:35:00+00:00,744.78,745.03,744.35,744.55,308488.29164,2026-08-01,2026-08-01_000919
SPY,5m,2026-07-31 16:40:00+00:00,744.53,744.77,744.09,744.17,269213.342148,2026-08-01,2026-08-01_000919
SPY,5m,2026-07-31 16:45:00+00:00,744.16,744.6,743.99,744.53,238467.258043,2026-08-01,2026-08-01_000919
SPY,5m,2026-07-31 16:50:00+00:00,744.57,745.02,744.43,744.5925,216479.661019,2026-08-01,2026-08-01_000919
SPY,5m,2026-07-31 16:55:00+00:00,744.58,744.86,744.525,744.62,193767.825828,2026-08-01,2026-08-01_000919
SPY,5m,2026-07-31 17:00:00+00:00,744.62,745.306,744.5,745.06,387199.242906,2026-08-01,2026-08-01_000919
SPY,5m,2026-07-31 17:05:00+00:00,745.03,745.26,744.55,744.81,268736.92173000006,2026-08-01,2026-08-01_000919
SPY,5m,2026-07-31 17:10:00+00:00,744.79,745.29,744.63,745.225,478980.822006,2026-08-01,2026-08-01_000919
SPY,5m,2026-07-31 17:15:00+00:00,745.22,745.51,745.1,745.45,259363.289782,2026-08-01,2026-08-01_000919
SPY,5m,2026-07-31 17:20:00+00:00,745.44,746.1,745.2,746.04,354633.667239,2026-08-01,2026-08-01_000919
SPY,5m,2026-07-31 17:25:00+00:00,746.04,746.4,745.91,746.29,724176.729012,2026-08-01,2026-08-01_000919
SPY,5m,2026-07-31 17:30:00+00:00,746.3,746.44,746.06,746.365,349343.305773,2026-08-01,2026-08-01_000919
SPY,5m,2026-07-31 17:35:00+00:00,746.35,746.5,745.75,745.7899,541251.479162,2026-08-01,2026-08-01_000919
SPY,5m,2026-07-31 17:40:00+00:00,745.77,746.03,745.61,745.8425,340212.519112,2026-08-01,2026-08-01_000919
SPY,5m,2026-07-31 17:45:00+00:00,745.86,746.11,745.23,745.29,772408.383996,2026-08-01,2026-08-01_000919
SPY,5m,2026-07-31 17:50:00+00:00,745.27,745.86,745.19,745.59,350248.58704099996,2026-08-01,2026-08-01_000919
SPY,5m,2026-07-31 17:55:00+00:00,745.585,745.77,745.41,745.44,278599.111219,2026-08-01,2026-08-01_000919
SPY,5m,2026-07-31 18:00:00+00:00,745.44,746.0199,745.295,745.64,421561.183431,2026-08-01,2026-08-01_000919
SPY,5m,2026-07-31 18:05:00+00:00,745.64,746.04,745.47,745.89,275265.279212,2026-08-01,2026-08-01_000919
SPY,5m,2026-07-31 18:10:00+00:00,745.89,746.03,745.52,745.72,241351.919103,2026-08-01,2026-08-01_000919
SPY,5m,2026-07-31 18:15:00+00:00,745.69,746.26,745.63,746.085,322019.7849,2026-08-01,2026-08-01_000919
SPY,5m,2026-07-31 18:20:00+00:00,746.08,746.43,746.01,746.33,391000.185327,2026-08-01,2026-08-01_000919
SPY,5m,2026-07-31 18:25:00+00:00,746.34,746.36,745.91,746.01,984957.5028149999,2026-08-01,2026-08-01_000919
SPY,5m,2026-07-31 18:30:00+00:00,746.04,746.275,746.03,746.09,295181.152672,2026-08-01,2026-08-01_000919
SPY,5m,2026-07-31 18:35:00+00:00,746.07,746.1,745.75,745.82,588368.439475,2026-08-01,2026-08-01_000919
SPY,5m,2026-07-31 18:40:00+00:00,745.81,746.18,745.67,746.065,397596.832374,2026-08-01,2026-08-01_000919
SPY,5m,2026-07-31 18:45:00+00:00,746.08,746.37,745.92,746.34,443182.69432,2026-08-01,2026-08-01_000919
SPY,5m,2026-07-31 18:50:00+00:00,746.33,746.54,746.19,746.24,498599.33330000006,2026-08-01,2026-08-01_000919
SPY,5m,2026-07-31 18:55:00+00:00,746.24,746.37,745.9,746.155,435750.448448,2026-08-01,2026-08-01_000919
SPY,5m,2026-07-31 19:00:00+00:00,746.14,746.57,745.88,745.88,384128.31140299997,2026-08-01,2026-08-01_000919
SPY,5m,2026-07-31 19:05:00+00:00,745.92,746.24,745.79,746.16,540192.507372,2026-08-01,2026-08-01_000919
SPY,5m,2026-07-31 19:10:00+00:00,746.16,746.53,746.12,746.33,628285.617033,2026-08-01,2026-08-01_000919
SPY,5m,2026-07-31 19:15:00+00:00,746.325,747.555,746.26,747.52,1294128.807389,2026-08-01,2026-08-01_000919
SPY,5m,2026-07-31 19:20:00+00:00,747.52,747.92,747.41,747.495,1001377.448461,2026-08-01,2026-08-01_000919
SPY,5m,2026-07-31 19:25:00+00:00,747.49,747.67,747.33,747.49,1336393.332295,2026-08-01,2026-08-01_000919
SPY,5m,2026-07-31 19:30:00+00:00,747.49,747.51,746.87,747.18,952741.942511,2026-08-01,2026-08-01_000919
SPY,5m,2026-07-31 19:35:00+00:00,747.16,747.645,747.15,747.56,974699.412146,2026-08-01,2026-08-01_000919
SPY,5m,2026-07-31 19:40:00+00:00,747.54,748.11,747.3,748.095,1014360.0926310001,2026-08-01,2026-08-01_000919
SPY,5m,2026-07-31 19:45:00+00:00,748.1,748.51,748.07,748.5,1565057.113357,2026-08-01,2026-08-01_000919
SPY,5m,2026-07-31 19:50:00+00:00,748.49,748.895,747.84,748.595,1540096.49881,2026-08-01,2026-08-01_000919
SPY,5m,2026-07-31 19:55:00+00:00,748.58,748.69,746.34,746.82,4267685.6757,2026-08-01,2026-08-01_000919
SPY,5m,2026-07-31 20:00:00+00:00,746.88,747.55,746.52,746.77,646218.098265,2026-08-01,2026-08-01_000919
SPY,5m,2026-07-31 20:05:00+00:00,746.75,747.22,746.55,747.09,753252.703321,2026-08-01,2026-08-01_000919
SPY,5m,2026-07-31 20:10:00+00:00,747.09,747.26,746.96,747.01,3683647.788349,2026-08-01,2026-08-01_000919
SPY,5m,2026-07-31 20:15:00+00:00,746.97,746.99,746.5621,746.8,1531366.0298380002,2026-08-01,2026-08-01_000919
SPY,5m,2026-07-31 20:20:00+00:00,746.77,746.82,746.66,746.7,50106.43593199999,2026-08-01,2026-08-01_000919
SPY,5m,2026-07-31 20:25:00+00:00,746.68,746.78,746.57,746.75,23797.556789000002,2026-08-01,2026-08-01_000919
SPY,5m,2026-07-31 20:30:00+00:00,746.71,746.84,746.55,746.84,48496.535697,2026-08-01,2026-08-01_000919
SPY,5m,2026-07-31 20:35:00+00:00,746.88,746.88,746.73,746.8554,8018.7294950000005,2026-08-01,2026-08-01_000919
SPY,5m,2026-07-31 20:40:00+00:00,746.86,746.92,746.7,746.7,12549.312992000001,2026-08-01,2026-08-01_000919
SPY,5m,2026-07-31 20:45:00+00:00,746.69,746.82,746.6,746.71,159791.463132,2026-08-01,2026-08-01_000919
SPY,5m,2026-07-31 20:50:00+00:00,746.76,746.76,745.43,745.82,83954.928684,2026-08-01,2026-08-01_000919
SPY,5m,2026-07-31 20:55:00+00:00,745.95,745.95,744.9,745.15,180820.999361,2026-08-01,2026-08-01_000919
SPY,5m,2026-07-31 21:00:00+00:00,745.2499,745.5,745.1,745.49,52719.308481,2026-08-01,2026-08-01_000919
SPY,5m,2026-07-31 21:05:00+00:00,745.45,745.45,745.21,745.25,17207.376912,2026-08-01,2026-08-01_000919
SPY,5m,2026-07-31 21:10:00+00:00,745.23,745.36,744.8,744.89,51886.399927000006,2026-08-01,2026-08-01_000919
SPY,5m,2026-07-31 21:15:00+00:00,744.88,745.05,744.75,745.0,38184.702569,2026-08-01,2026-08-01_000919
SPY,5m,2026-07-31 21:20:00+00:00,745.0,745.05,744.85,744.9,99264.833121,2026-08-01,2026-08-01_000919
SPY,5m,2026-07-31 21:25:00+00:00,744.9,744.91,744.7,744.87,217545.989358,2026-08-01,2026-08-01_000919
SPY,5m,2026-07-31 21:30:00+00:00,744.85,744.98,744.7,744.7861,48839.068396,2026-08-01,2026-08-01_000919
SPY,5m,2026-07-31 21:35:00+00:00,744.7114,744.7861,744.63,744.71,13323.089289000001,2026-08-01,2026-08-01_000919
SPY,5m,2026-07-31 21:40:00+00:00,744.72,744.83,744.0,744.75,75833.838006,2026-08-01,2026-08-01_000919
SPY,5m,2026-07-31 21:45:00+00:00,744.75,744.76,744.34,744.55,20935.787526,2026-08-01,2026-08-01_000919
SPY,5m,2026-07-31 21:50:00+00:00,744.55,744.69,744.51,744.62,16258.054886,2026-08-01,2026-08-01_000919
SPY,5m,2026-07-31 21:55:00+00:00,744.73,744.73,744.57,744.72,12492.734301999999,2026-08-01,2026-08-01_000919
SPY,5m,2026-07-31 22:00:00+00:00,744.74,744.79,744.47,744.5,6744.960253,2026-08-01,2026-08-01_000919
SPY,5m,2026-07-31 22:05:00+00:00,744.49,744.65,744.35,744.35,9880.98351,2026-08-01,2026-08-01_000919
SPY,5m,2026-07-31 22:10:00+00:00,744.4,744.4,744.36,744.3888,4480.977886,2026-08-01,2026-08-01_000919
SPY,5m,2026-07-31 22:15:00+00:00,744.38,744.39,744.2,744.31,8602.706847,2026-08-01,2026-08-01_000919
SPY,5m,2026-07-31 22:20:00+00:00,744.35,744.35,744.0,744.0,17930.890007,2026-08-01,2026-08-01_000919
SPY,5m,2026-07-31 22:25:00+00:00,744.23,744.23,744.01,744.18,5402.520989,2026-08-01,2026-08-01_000919
SPY,5m,2026-07-31 22:30:00+00:00,744.17,744.39,744.15,744.36,9832.931602999999,2026-08-01,2026-08-01_000919
SPY,5m,2026-07-31 22:35:00+00:00,744.52,744.7,744.52,744.6,6922.484543,2026-08-01,2026-08-01_000919
SPY,5m,2026-07-31 22:40:00+00:00,744.67,744.75,744.5,744.69,7940.886176000001,2026-08-01,2026-08-01_000919
SPY,5m,2026-07-31 22:45:00+00:00,744.64,744.65,744.25,744.25,6180.812918,2026-08-01,2026-08-01_000919
SPY,5m,2026-07-31 22:50:00+00:00,744.5,744.6,744.45,744.6,423.56639,2026-08-01,2026-08-01_000919
SPY,5m,2026-07-31 22:55:00+00:00,744.5,744.66,744.35,744.35,2685.485831,2026-08-01,2026-08-01_000919
SPY,5m,2026-07-31 23:00:00+00:00,744.3,744.4,744.28,744.4,3238.592235,2026-08-01,2026-08-01_000919
SPY,5m,2026-07-31 23:05:00+00:00,744.4999,744.6,744.4008,744.59,1874.5017980000002,2026-08-01,2026-08-01_000919
SPY,5m,2026-07-31 23:10:00+00:00,744.6,744.6,744.46,744.59,3012.2861700000003,2026-08-01,2026-08-01_000919
SPY,5m,2026-07-31 23:15:00+00:00,744.48,744.6,744.48,744.55,522.285894,2026-08-01,2026-08-01_000919
SPY,5m,2026-07-31 23:20:00+00:00,744.63,744.64,744.53,744.53,3521.152402,2026-08-01,2026-08-01_000919
SPY,5m,2026-07-31 23:25:00+00:00,744.59,744.62,744.55,744.57,1804.9762999999998,2026-08-01,2026-08-01_000919
SPY,5m,2026-07-31 23:30:00+00:00,744.62,744.62,744.45,744.55,1383.0535599999998,2026-08-01,2026-08-01_000919
SPY,5m,2026-07-31 23:35:00+00:00,744.55,744.65,744.5,744.5,4848.0646910000005,2026-08-01,2026-08-01_000919
SPY,5m,2026-07-31 23:40:00+00:00,744.5,744.63,744.43,744.56,2630.072211,2026-08-01,2026-08-01_000919
SPY,5m,2026-07-31 23:45:00+00:00,744.55,744.65,744.55,744.6,1998.1744250000002,2026-08-01,2026-08-01_000919
SPY,5m,2026-07-31 23:50:00+00:00,744.59,744.59,744.47,744.48,3842.475224,2026-08-01,2026-08-01_000919
SPY,5m,2026-07-31 23:55:00+00:00,744.48,744.6,744.2,744.2,10114.037457999999,2026-08-01,2026-08-01_000919
NVDA,5m,2026-07-31 08:00:00+00:00,198.3,198.46,197.8,198.14,40179.783054,2026-08-01,2026-08-01_000919
NVDA,5m,2026-07-31 08:05:00+00:00,198.08,198.42,198.07,198.17,28455.467009,2026-08-01,2026-08-01_000919
NVDA,5m,2026-07-31 08:10:00+00:00,198.2,198.4976,197.99,198.4976,26694.291277999997,2026-08-01,2026-08-01_000919
NVDA,5m,2026-07-31 08:15:00+00:00,198.46,198.67,198.46,198.66,21356.632652,2026-08-01,2026-08-01_000919
NVDA,5m,2026-07-31 08:20:00+00:00,198.64,198.7,198.5282,198.59,10400.079862,2026-08-01,2026-08-01_000919
NVDA,5m,2026-07-31 08:25:00+00:00,198.6,198.75,198.59,198.67,13252.076000999998,2026-08-01,2026-08-01_000919
NVDA,5m,2026-07-31 08:30:00+00:00,198.64,198.77,198.51,198.51,40139.984257,2026-08-01,2026-08-01_000919
NVDA,5m,2026-07-31 08:35:00+00:00,198.61,198.62,198.3,198.3868,15696.25274,2026-08-01,2026-08-01_000919
NVDA,5m,2026-07-31 08:40:00+00:00,198.34,198.54,198.27,198.27,14295.076949,2026-08-01,2026-08-01_000919
NVDA,5m,2026-07-31 08:45:00+00:00,198.36,198.5,198.34,198.49,5271.723599999999,2026-08-01,2026-08-01_000919
NVDA,5m,2026-07-31 08:50:00+00:00,198.5,198.6,198.39,198.39,10071.580360000002,2026-08-01,2026-08-01_000919
NVDA,5m,2026-07-31 08:55:00+00:00,198.36,198.5,198.36,198.45,7419.973471000001,2026-08-01,2026-08-01_000919
NVDA,5m,2026-07-31 09:00:00+00:00,198.4048,198.6,198.4048,198.58,13760.158993000001,2026-08-01,2026-08-01_000919
NVDA,5m,2026-07-31 09:05:00+00:00,198.59,198.61,198.36,198.501,16100.828028000002,2026-08-01,2026-08-01_000919
NVDA,5m,2026-07-31 09:10:00+00:00,198.61,198.68,198.43,198.43,14694.626102,2026-08-01,2026-08-01_000919
NVDA,5m,2026-07-31 09:15:00+00:00,198.48,198.59,198.38,198.4,15197.737203,2026-08-01,2026-08-01_000919
NVDA,5m,2026-07-31 09:20:00+00:00,198.35,198.46,198.25,198.3,6540.168544,2026-08-01,2026-08-01_000919
NVDA,5m,2026-07-31 09:25:00+00:00,198.3,198.33,198.05,198.14,11500.576754000002,2026-08-01,2026-08-01_000919
NVDA,5m,2026-07-31 09:30:00+00:00,198.16,198.35,198.04,198.04,8071.501539,2026-08-01,2026-08-01_000919
NVDA,5m,2026-07-31 09:35:00+00:00,198.08,198.1,197.8,197.82,27695.850039000004,2026-08-01,2026-08-01_000919
NVDA,5m,2026-07-31 09:40:00+00:00,197.97,198.0,197.9,197.9,7071.6011770000005,2026-08-01,2026-08-01_000919
NVDA,5m,2026-07-31 09:45:00+00:00,197.94,198.0,197.88,197.94,8523.518978,2026-08-01,2026-08-01_000919
NVDA,5m,2026-07-31 09:50:00+00:00,197.98,198.005,197.85,197.8501,9801.046118,2026-08-01,2026-08-01_000919
NVDA,5m,2026-07-31 09:55:00+00:00,197.87,197.87,197.74,197.79,5632.878296000001,2026-08-01,2026-08-01_000919
NVDA,5m,2026-07-31 10:00:00+00:00,197.74,197.914,197.6625,197.72,8809.859753,2026-08-01,2026-08-01_000919
NVDA,5m,2026-07-31 10:05:00+00:00,197.715,197.87,197.69,197.87,9475.252496000001,2026-08-01,2026-08-01_000919
NVDA,5m,2026-07-31 10:10:00+00:00,197.86,198.16,197.86,198.09,8235.277244,2026-08-01,2026-08-01_000919
NVDA,5m,2026-07-31 10:15:00+00:00,198.07,198.07,198.0,198.07,13539.366816,2026-08-01,2026-08-01_000919
NVDA,5m,2026-07-31 10:20:00+00:00,198.1,198.15,197.88,197.91,10891.041964,2026-08-01,2026-08-01_000919
NVDA,5m,2026-07-31 10:25:00+00:00,197.94,198.06,197.902,198.035,4829.798558,2026-08-01,2026-08-01_000919
NVDA,5m,2026-07-31 10:30:00+00:00,198.05,198.08,198.02,198.02,10744.439384,2026-08-01,2026-08-01_000919
NVDA,5m,2026-07-31 10:35:00+00:00,198.0,198.0,197.78,197.78,15845.927731999998,2026-08-01,2026-08-01_000919
NVDA,5m,2026-07-31 10:40:00+00:00,197.8268,197.95,197.77,197.89,9369.185313,2026-08-01,2026-08-01_000919
NVDA,5m,2026-07-31 10:45:00+00:00,197.95,197.95,197.72,197.73,5743.294891,2026-08-01,2026-08-01_000919
NVDA,5m,2026-07-31 10:50:00+00:00,197.7,197.9,197.7,197.84,7777.785855,2026-08-01,2026-08-01_000919
NVDA,5m,2026-07-31 10:55:00+00:00,197.92,197.92,197.5,197.69,12871.260906000001,2026-08-01,2026-08-01_000919
NVDA,5m,2026-07-31 11:00:00+00:00,197.66,198.18,197.65,198.16,118953.280117,2026-08-01,2026-08-01_000919
NVDA,5m,2026-07-31 11:05:00+00:00,198.18,198.18,197.9201,197.96,45808.757400999995,2026-08-01,2026-08-01_000919
NVDA,5m,2026-07-31 11:10:00+00:00,197.92,197.9792,197.66,197.82,36993.352511,2026-08-01,2026-08-01_000919
NVDA,5m,2026-07-31 11:15:00+00:00,197.82,197.84,197.3365,197.3365,43245.924505,2026-08-01,2026-08-01_000919
NVDA,5m,2026-07-31 11:20:00+00:00,197.35,197.58,197.34,197.5,23033.783122,2026-08-01,2026-08-01_000919
NVDA,5m,2026-07-31 11:25:00+00:00,197.5,197.65,197.2,197.25,41352.361723,2026-08-01,2026-08-01_000919
NVDA,5m,2026-07-31 11:30:00+00:00,197.296,197.5,197.2,197.35,67360.514084,2026-08-01,2026-08-01_000919
NVDA,5m,2026-07-31 11:35:00+00:00,197.3198,197.45,197.2,197.208,22988.089345,2026-08-01,2026-08-01_000919
NVDA,5m,2026-07-31 11:40:00+00:00,197.25,197.43,197.2,197.3,35375.454463,2026-08-01,2026-08-01_000919
NVDA,5m,2026-07-31 11:45:00+00:00,197.34,197.84,197.34,197.57,43039.069040999995,2026-08-01,2026-08-01_000919
NVDA,5m,2026-07-31 11:50:00+00:00,197.57,197.6593,197.48,197.6,16345.435216999998,2026-08-01,2026-08-01_000919
NVDA,5m,2026-07-31 11:55:00+00:00,197.53,197.65,197.4493,197.65,226745.274928,2026-08-01,2026-08-01_000919
NVDA,5m,2026-07-31 12:00:00+00:00,197.58,197.58,195.04,197.29,31341.532624,2026-08-01,2026-08-01_000919
NVDA,5m,2026-07-31 12:05:00+00:00,197.28,197.28,197.07,197.13,39048.866804,2026-08-01,2026-08-01_000919
NVDA,5m,2026-07-31 12:10:00+00:00,197.1242,197.17,196.86,196.8617,47513.622388,2026-08-01,2026-08-01_000919
NVDA,5m,2026-07-31 12:15:00+00:00,196.9,196.94,196.4,196.4,72697.171109,2026-08-01,2026-08-01_000919
NVDA,5m,2026-07-31 12:20:00+00:00,196.5291,196.8599,196.4286,196.85,50226.702521,2026-08-01,2026-08-01_000919
NVDA,5m,2026-07-31 12:25:00+00:00,196.9,197.0,196.85,196.99,54422.479477999994,2026-08-01,2026-08-01_000919
NVDA,5m,2026-07-31 12:30:00+00:00,196.9562,197.0302,196.7,196.7603,122141.47902999999,2026-08-01,2026-08-01_000919
NVDA,5m,2026-07-31 12:35:00+00:00,196.79,196.99,196.68,196.719,35258.811745,2026-08-01,2026-08-01_000919
NVDA,5m,2026-07-31 12:40:00+00:00,196.7,196.95,196.6,196.8,43289.853861999996,2026-08-01,2026-08-01_000919
NVDA,5m,2026-07-31 12:45:00+00:00,196.7272,196.7493,196.4,196.59,54921.901505,2026-08-01,2026-08-01_000919
NVDA,5m,2026-07-31 12:50:00+00:00,196.65,197.0,196.6,196.8599,23019.421567999998,2026-08-01,2026-08-01_000919
NVDA,5m,2026-07-31 12:55:00+00:00,196.82,196.98,196.74,196.8586,29401.058294000002,2026-08-01,2026-08-01_000919
NVDA,5m,2026-07-31 13:00:00+00:00,196.88,197.14,196.79,197.11,45678.01036,2026-08-01,2026-08-01_000919
NVDA,5m,2026-07-31 13:05:00+00:00,197.1234,197.3,197.05,197.3,38722.225543,2026-08-01,2026-08-01_000919
NVDA,5m,2026-07-31 13:10:00+00:00,197.29,197.46,197.19,197.34,80443.7435,2026-08-01,2026-08-01_000919
NVDA,5m,2026-07-31 13:15:00+00:00,197.35,197.58,197.2186,197.58,46275.808560000005,2026-08-01,2026-08-01_000919
NVDA,5m,2026-07-31 13:20:00+00:00,197.513,197.62,197.34,197.59,569975.0994059999,2026-08-01,2026-08-01_000919
NVDA,5m,2026-07-31 13:25:00+00:00,197.63,198.68,197.63,198.57,219253.027606,2026-08-01,2026-08-01_000919
NVDA,5m,2026-07-31 13:30:00+00:00,198.4405,199.71,197.11,199.57,5150277.183422999,2026-08-01,2026-08-01_000919
NVDA,5m,2026-07-31 13:35:00+00:00,199.54,200.09,198.49,198.575,3671803.835677,2026-08-01,2026-08-01_000919
NVDA,5m,2026-07-31 13:40:00+00:00,198.584291,199.59,197.41,197.5151,2913196.138284,2026-08-01,2026-08-01_000919
NVDA,5m,2026-07-31 13:45:00+00:00,197.52,198.5026,196.9382,197.68,2026402.47938,2026-08-01,2026-08-01_000919
NVDA,5m,2026-07-31 13:50:00+00:00,197.66,198.29,197.4,197.81,1582758.572711,2026-08-01,2026-08-01_000919
NVDA,5m,2026-07-31 13:55:00+00:00,197.86,198.3191,197.51,197.69,1449221.356709,2026-08-01,2026-08-01_000919
NVDA,5m,2026-07-31 14:00:00+00:00,197.67,197.9,196.17,196.18,1790315.803883,2026-08-01,2026-08-01_000919
NVDA,5m,2026-07-31 14:05:00+00:00,196.185,196.96,195.49,195.72,1826565.501993,2026-08-01,2026-08-01_000919
NVDA,5m,2026-07-31 14:10:00+00:00,195.71,195.97,194.95,195.46,1852282.594135,2026-08-01,2026-08-01_000919
NVDA,5m,2026-07-31 14:15:00+00:00,195.465,196.46,195.0501,196.1,1707117.524657,2026-08-01,2026-08-01_000919
NVDA,5m,2026-07-31 14:20:00+00:00,196.08,197.25,195.84,196.8,1377419.940099,2026-08-01,2026-08-01_000919
NVDA,5m,2026-07-31 14:25:00+00:00,196.82,197.13,195.91,196.995,1141140.3640979999,2026-08-01,2026-08-01_000919
NVDA,5m,2026-07-31 14:30:00+00:00,197.0,197.53,196.77,197.13,1069163.4518010002,2026-08-01,2026-08-01_000919
NVDA,5m,2026-07-31 14:35:00+00:00,197.13,197.9799,197.08,197.675,948995.0215960001,2026-08-01,2026-08-01_000919
NVDA,5m,2026-07-31 14:40:00+00:00,197.67,198.07,197.28,197.87,1027194.5408569999,2026-08-01,2026-08-01_000919
NVDA,5m,2026-07-31 14:45:00+00:00,197.88,198.72,197.53,198.626,1274731.6153580002,2026-08-01,2026-08-01_000919
NVDA,5m,2026-07-31 14:50:00+00:00,198.63,198.93,198.22,198.235,1897286.551353,2026-08-01,2026-08-01_000919
NVDA,5m,2026-07-31 14:55:00+00:00,198.235,198.45,197.6,198.1101,1660578.493488,2026-08-01,2026-08-01_000919
NVDA,5m,2026-07-31 15:00:00+00:00,198.12,198.34,197.3,197.68,1199073.6902359999,2026-08-01,2026-08-01_000919
NVDA,5m,2026-07-31 15:05:00+00:00,197.7001,197.84,197.25,197.5,971773.2875249999,2026-08-01,2026-08-01_000919
NVDA,5m,2026-07-31 15:10:00+00:00,197.505,197.58,196.62,197.1999,1097812.827382,2026-08-01,2026-08-01_000919
NVDA,5m,2026-07-31 15:15:00+00:00,197.15,197.93,196.58,196.6565,1068512.574616,2026-08-01,2026-08-01_000919
NVDA,5m,2026-07-31 15:20:00+00:00,196.62,196.71,195.79,195.8331,1277879.089148,2026-08-01,2026-08-01_000919
NVDA,5m,2026-07-31 15:25:00+00:00,195.83,195.96,195.32,195.62,1424234.747224,2026-08-01,2026-08-01_000919
NVDA,5m,2026-07-31 15:30:00+00:00,195.6,195.95,195.23,195.82,1029072.2799189999,2026-08-01,2026-08-01_000919
NVDA,5m,2026-07-31 15:35:00+00:00,195.83,196.67,195.75,196.49,1191800.4292799998,2026-08-01,2026-08-01_000919
NVDA,5m,2026-07-31 15:40:00+00:00,196.495,196.6499,195.82,196.1899,796282.8759969999,2026-08-01,2026-08-01_000919
NVDA,5m,2026-07-31 15:45:00+00:00,196.19,196.29,195.62,195.92,841896.7665050001,2026-08-01,2026-08-01_000919
NVDA,5m,2026-07-31 15:50:00+00:00,195.93,196.51,195.88,196.395,689933.2977400001,2026-08-01,2026-08-01_000919
NVDA,5m,2026-07-31 15:55:00+00:00,196.395,196.49,196.02,196.3,737753.189499,2026-08-01,2026-08-01_000919
NVDA,5m,2026-07-31 16:00:00+00:00,196.29,196.7999,196.215,196.615,781856.7472089999,2026-08-01,2026-08-01_000919
NVDA,5m,2026-07-31 16:05:00+00:00,196.62,196.71,196.18,196.65,612640.560535,2026-08-01,2026-08-01_000919
NVDA,5m,2026-07-31 16:10:00+00:00,196.66,196.81,196.46,196.615,585704.409306,2026-08-01,2026-08-01_000919
NVDA,5m,2026-07-31 16:15:00+00:00,196.625,196.69,196.15,196.545,675856.31394,2026-08-01,2026-08-01_000919
NVDA,5m,2026-07-31 16:20:00+00:00,196.55,197.56,196.547563,197.4701,882156.2822649998,2026-08-01,2026-08-01_000919
NVDA,5m,2026-07-31 16:25:00+00:00,197.48,198.03,197.21,198.03,905280.117482,2026-08-01,2026-08-01_000919
NVDA,5m,2026-07-31 16:30:00+00:00,198.045,198.29,197.71,197.995,1159743.3238610001,2026-08-01,2026-08-01_000919
NVDA,5m,2026-07-31 16:35:00+00:00,197.995,198.22,197.83,197.98,686207.768162,2026-08-01,2026-08-01_000919
NVDA,5m,2026-07-31 16:40:00+00:00,197.975,198.0492,197.5,197.69,633176.091439,2026-08-01,2026-08-01_000919
NVDA,5m,2026-07-31 16:45:00+00:00,197.68,197.9713,197.57,197.96,599539.279984,2026-08-01,2026-08-01_000919
NVDA,5m,2026-07-31 16:50:00+00:00,197.97,198.43,197.885,198.115,796114.4091,2026-08-01,2026-08-01_000919
NVDA,5m,2026-07-31 16:55:00+00:00,198.105,198.52,198.0,198.22,861276.433133,2026-08-01,2026-08-01_000919
NVDA,5m,2026-07-31 17:00:00+00:00,198.22,198.64,198.13,198.53,624027.240279,2026-08-01,2026-08-01_000919
NVDA,5m,2026-07-31 17:05:00+00:00,198.52,198.5299,198.1977,198.37,568652.509117,2026-08-01,2026-08-01_000919
NVDA,5m,2026-07-31 17:10:00+00:00,198.34,198.835,198.32,198.71,793843.6233120001,2026-08-01,2026-08-01_000919
NVDA,5m,2026-07-31 17:15:00+00:00,198.7046,199.11,198.68,199.035,992896.831168,2026-08-01,2026-08-01_000919
NVDA,5m,2026-07-31 17:20:00+00:00,199.03,199.17,198.73,199.13,755322.460753,2026-08-01,2026-08-01_000919
NVDA,5m,2026-07-31 17:25:00+00:00,199.135,199.3199,199.07,199.255,700294.5523029999,2026-08-01,2026-08-01_000919
NVDA,5m,2026-07-31 17:30:00+00:00,199.255,199.48,199.15,199.375,654728.670104,2026-08-01,2026-08-01_000919
NVDA,5m,2026-07-31 17:35:00+00:00,199.37,199.97,199.27,199.28,1235969.146412,2026-08-01,2026-08-01_000919
NVDA,5m,2026-07-31 17:40:00+00:00,199.27,199.4499,199.18,199.33,777286.192028,2026-08-01,2026-08-01_000919
NVDA,5m,2026-07-31 17:45:00+00:00,199.335,199.54,198.96,199.14,908130.247467,2026-08-01,2026-08-01_000919
NVDA,5m,2026-07-31 17:50:00+00:00,199.13,199.64,199.09,199.44,632081.756359,2026-08-01,2026-08-01_000919
NVDA,5m,2026-07-31 17:55:00+00:00,199.445,199.7097,199.4161,199.495,605763.03148,2026-08-01,2026-08-01_000919
NVDA,5m,2026-07-31 18:00:00+00:00,199.495,199.7898,199.3701,199.55,648851.3678609999,2026-08-01,2026-08-01_000919
NVDA,5m,2026-07-31 18:05:00+00:00,199.56,199.7501,199.405,199.605,643648.173476,2026-08-01,2026-08-01_000919
NVDA,5m,2026-07-31 18:10:00+00:00,199.61,199.6299,198.84,198.9132,973523.297908,2026-08-01,2026-08-01_000919
NVDA,5m,2026-07-31 18:15:00+00:00,198.91,199.23,198.85,198.89,896567.6403150001,2026-08-01,2026-08-01_000919
NVDA,5m,2026-07-31 18:20:00+00:00,198.9,199.1,198.835,198.9099,1025223.9055300001,2026-08-01,2026-08-01_000919
NVDA,5m,2026-07-31 18:25:00+00:00,198.9,198.91,198.49,198.5501,753593.4698960001,2026-08-01,2026-08-01_000919
NVDA,5m,2026-07-31 18:30:00+00:00,198.595,198.88,198.58,198.77,1910711.6042550001,2026-08-01,2026-08-01_000919
NVDA,5m,2026-07-31 18:35:00+00:00,198.76,198.77,198.481,198.68,506081.442191,2026-08-01,2026-08-01_000919
NVDA,5m,2026-07-31 18:40:00+00:00,198.67,198.7999,198.6,198.725,394777.681631,2026-08-01,2026-08-01_000919
NVDA,5m,2026-07-31 18:45:00+00:00,198.72,199.0698,198.715,199.05,738372.086244,2026-08-01,2026-08-01_000919
NVDA,5m,2026-07-31 18:50:00+00:00,199.05,199.3299,199.02,199.15,726315.698265,2026-08-01,2026-08-01_000919
NVDA,5m,2026-07-31 18:55:00+00:00,199.14,199.27,198.83,198.97,699107.220512,2026-08-01,2026-08-01_000919
NVDA,5m,2026-07-31 19:00:00+00:00,198.96,199.1,198.61,198.6399,678527.413867,2026-08-01,2026-08-01_000919
NVDA,5m,2026-07-31 19:05:00+00:00,198.63,198.72,198.26,198.39,822180.3302829999,2026-08-01,2026-08-01_000919
NVDA,5m,2026-07-31 19:10:00+00:00,198.38,198.79,198.29,198.7,654404.715625,2026-08-01,2026-08-01_000919
NVDA,5m,2026-07-31 19:15:00+00:00,198.7059,200.55,198.7,200.5036,2739087.595194,2026-08-01,2026-08-01_000919
NVDA,5m,2026-07-31 19:20:00+00:00,200.52,201.12,200.2301,200.255,4452684.918625,2026-08-01,2026-08-01_000919
NVDA,5m,2026-07-31 19:25:00+00:00,200.255,200.6,200.1,200.305,1591212.4969529998,2026-08-01,2026-08-01_000919
NVDA,5m,2026-07-31 19:30:00+00:00,200.305,200.456,199.88,200.385,1684484.705839,2026-08-01,2026-08-01_000919
NVDA,5m,2026-07-31 19:35:00+00:00,200.385,200.625,200.295,200.61,1555938.655489,2026-08-01,2026-08-01_000919
NVDA,5m,2026-07-31 19:40:00+00:00,200.6,201.09,200.32,201.09,1747525.135826,2026-08-01,2026-08-01_000919
NVDA,5m,2026-07-31 19:45:00+00:00,201.1,201.625,201.02,201.611,2251159.89824,2026-08-01,2026-08-01_000919
NVDA,5m,2026-07-31 19:50:00+00:00,201.61,202.0,201.21,201.79,3606759.3242419995,2026-08-01,2026-08-01_000919
NVDA,5m,2026-07-31 19:55:00+00:00,201.8,201.95,200.61,200.81,8856823.05453,2026-08-01,2026-08-01_000919
NVDA,5m,2026-07-31 20:00:00+00:00,200.77,200.79,199.65,199.94,781520.018098,2026-08-01,2026-08-01_000919
NVDA,5m,2026-07-31 20:05:00+00:00,199.92,200.75,199.6831,200.1,325647.361496,2026-08-01,2026-08-01_000919
NVDA,5m,2026-07-31 20:10:00+00:00,200.1,200.28,199.82,199.91,170640.89581000002,2026-08-01,2026-08-01_000919
NVDA,5m,2026-07-31 20:15:00+00:00,199.91,199.97,199.91,199.95,57467.508167,2026-08-01,2026-08-01_000919
NVDA,5m,2026-07-31 20:20:00+00:00,199.97,200.04,199.91,199.929,61165.028871999995,2026-08-01,2026-08-01_000919
NVDA,5m,2026-07-31 20:25:00+00:00,199.92,199.9666,199.83,199.88,74252.877157,2026-08-01,2026-08-01_000919
NVDA,5m,2026-07-31 20:30:00+00:00,199.95,200.0,199.92,199.97,26516.60097,2026-08-01,2026-08-01_000919
NVDA,5m,2026-07-31 20:35:00+00:00,199.97,200.0,199.95,199.99,65040.389545000005,2026-08-01,2026-08-01_000919
NVDA,5m,2026-07-31 20:40:00+00:00,199.9505,199.98,199.94,199.96,35487.244384000005,2026-08-01,2026-08-01_000919
NVDA,5m,2026-07-31 20:45:00+00:00,199.9599,200.0,199.9585,199.96,77644.70186100001,2026-08-01,2026-08-01_000919
NVDA,5m,2026-07-31 20:50:00+00:00,199.96,199.99,199.72,199.8,85131.592321,2026-08-01,2026-08-01_000919
NVDA,5m,2026-07-31 20:55:00+00:00,199.75,199.92,199.49,199.49,83968.15132599999,2026-08-01,2026-08-01_000919
NVDA,5m,2026-07-31 21:00:00+00:00,199.69,199.95,199.6003,199.93,41606.863343000005,2026-08-01,2026-08-01_000919
NVDA,5m,2026-07-31 21:05:00+00:00,199.9101,200.03,199.91,199.92,30898.245575999998,2026-08-01,2026-08-01_000919
NVDA,5m,2026-07-31 21:10:00+00:00,199.92,199.98,199.92,199.96,12411.738913000001,2026-08-01,2026-08-01_000919
NVDA,5m,2026-07-31 21:15:00+00:00,199.9631,199.9799,199.85,199.94,23988.455769,2026-08-01,2026-08-01_000919
NVDA,5m,2026-07-31 21:20:00+00:00,199.93,200.0,199.9,200.0,27001.935142,2026-08-01,2026-08-01_000919
NVDA,5m,2026-07-31 21:25:00+00:00,199.9408,199.97,199.79,199.79,24430.705027,2026-08-01,2026-08-01_000919
NVDA,5m,2026-07-31 21:30:00+00:00,199.8,199.82,199.5147,199.52,25435.131857,2026-08-01,2026-08-01_000919
NVDA,5m,2026-07-31 21:35:00+00:00,199.57,199.6,199.43,199.46,28532.43788,2026-08-01,2026-08-01_000919
NVDA,5m,2026-07-31 21:40:00+00:00,199.51,199.6304,199.32,199.3685,31047.410685000003,2026-08-01,2026-08-01_000919
NVDA,5m,2026-07-31 21:45:00+00:00,199.36,199.39,199.18,199.25,39324.154753999996,2026-08-01,2026-08-01_000919
NVDA,5m,2026-07-31 21:50:00+00:00,199.19,199.19,199.0,199.06,37253.583925,2026-08-01,2026-08-01_000919
NVDA,5m,2026-07-31 21:55:00+00:00,199.04,199.0461,198.91,199.03,32138.146725,2026-08-01,2026-08-01_000919
NVDA,5m,2026-07-31 22:00:00+00:00,199.03,199.1,198.93,199.05,20333.675583000004,2026-08-01,2026-08-01_000919
NVDA,5m,2026-07-31 22:05:00+00:00,199.0115,199.08,198.95,199.04,7469.044669999999,2026-08-01,2026-08-01_000919
NVDA,5m,2026-07-31 22:10:00+00:00,199.08,199.08,198.9,198.98,18792.635652,2026-08-01,2026-08-01_000919
NVDA,5m,2026-07-31 22:15:00+00:00,198.95,199.01,198.92,199.0,7559.26964,2026-08-01,2026-08-01_000919
NVDA,5m,2026-07-31 22:20:00+00:00,198.9932,199.1,198.9932,199.05,7748.904154999999,2026-08-01,2026-08-01_000919
NVDA,5m,2026-07-31 22:25:00+00:00,199.04,199.09,198.9646,199.0,7386.086201,2026-08-01,2026-08-01_000919
NVDA,5m,2026-07-31 22:30:00+00:00,199.09,199.1,199.01,199.1,23070.612578,2026-08-01,2026-08-01_000919
NVDA,5m,2026-07-31 22:35:00+00:00,199.1,199.1508,199.02,199.1508,10605.196082999999,2026-08-01,2026-08-01_000919
NVDA,5m,2026-07-31 22:40:00+00:00,199.15,199.17,199.0674,199.1,8721.738441,2026-08-01,2026-08-01_000919
NVDA,5m,2026-07-31 22:45:00+00:00,199.1176,199.14,199.05,199.0501,8477.041683,2026-08-01,2026-08-01_000919
NVDA,5m,2026-07-31 22:50:00+00:00,199.0569,199.18,199.0569,199.17,7664.883702000001,2026-08-01,2026-08-01_000919
NVDA,5m,2026-07-31 22:55:00+00:00,199.1869,199.19,198.96,199.0,28987.73863,2026-08-01,2026-08-01_000919
NVDA,5m,2026-07-31 23:00:00+00:00,198.9998,199.0,198.965,199.0,5353.465325,2026-08-01,2026-08-01_000919
NVDA,5m,2026-07-31 23:05:00+00:00,199.0,199.1,198.99,199.01,9253.526016,2026-08-01,2026-08-01_000919
NVDA,5m,2026-07-31 23:10:00+00:00,198.9991,199.0799,198.98,199.07,6056.431043,2026-08-01,2026-08-01_000919
NVDA,5m,2026-07-31 23:15:00+00:00,199.0453,199.1027,199.0137,199.1008,1597.049519,2026-08-01,2026-08-01_000919
NVDA,5m,2026-07-31 23:20:00+00:00,199.13,199.13,199.0301,199.1,3421.971035,2026-08-01,2026-08-01_000919
NVDA,5m,2026-07-31 23:25:00+00:00,199.1,199.11,199.0317,199.11,6844.097089,2026-08-01,2026-08-01_000919
NVDA,5m,2026-07-31 23:30:00+00:00,199.1,199.11,199.03,199.03,5849.000644000001,2026-08-01,2026-08-01_000919
NVDA,5m,2026-07-31 23:35:00+00:00,199.05,199.0831,199.0121,199.0615,9508.679599000001,2026-08-01,2026-08-01_000919
NVDA,5m,2026-07-31 23:40:00+00:00,199.06,199.09,199.0562,199.09,8014.443029,2026-08-01,2026-08-01_000919
NVDA,5m,2026-07-31 23:45:00+00:00,199.09,199.1,199.06,199.0631,13546.91985,2026-08-01,2026-08-01_000919
NVDA,5m,2026-07-31 23:50:00+00:00,199.06,199.08,199.01,199.0201,15958.426940000001,2026-08-01,2026-08-01_000919
NVDA,5m,2026-07-31 23:55:00+00:00,199.0205,199.05,198.95,198.98,41709.798167,2026-08-01,2026-08-01_000919
AAPL,5m,2026-07-31 08:00:00+00:00,312.35,313.56,309.18,309.29,67890.268467,2026-08-01,2026-08-01_000919
AAPL,5m,2026-07-31 08:05:00+00:00,309.26,310.3,309.0,309.73,51467.422843,2026-08-01,2026-08-01_000919
AAPL,5m,2026-07-31 08:10:00+00:00,309.64,309.77,308.6,309.66,90326.11340399999,2026-08-01,2026-08-01_000919
AAPL,5m,2026-07-31 08:15:00+00:00,309.74,310.22,309.19,309.76,18840.149714,2026-08-01,2026-08-01_000919
AAPL,5m,2026-07-31 08:20:00+00:00,309.73,309.8,308.11,308.65,45033.470199999996,2026-08-01,2026-08-01_000919
AAPL,5m,2026-07-31 08:25:00+00:00,308.7476,309.0,308.39,308.4,16759.397834,2026-08-01,2026-08-01_000919
AAPL,5m,2026-07-31 08:30:00+00:00,308.59,309.15,308.41,308.84,17142.99786,2026-08-01,2026-08-01_000919
AAPL,5m,2026-07-31 08:35:00+00:00,308.99,309.68,308.78,309.5,15255.815041999998,2026-08-01,2026-08-01_000919
AAPL,5m,2026-07-31 08:40:00+00:00,309.13,310.53,309.1,310.4,17149.326070000003,2026-08-01,2026-08-01_000919
AAPL,5m,2026-07-31 08:45:00+00:00,310.31,310.6,309.7724,310.3,30846.334677000003,2026-08-01,2026-08-01_000919
AAPL,5m,2026-07-31 08:50:00+00:00,309.92,310.1,309.05,309.4,15008.922065,2026-08-01,2026-08-01_000919
AAPL,5m,2026-07-31 08:55:00+00:00,309.5,309.8,309.18,309.53,9863.58865,2026-08-01,2026-08-01_000919
AAPL,5m,2026-07-31 09:00:00+00:00,309.54,309.54,309.0,309.53,19857.696089,2026-08-01,2026-08-01_000919
AAPL,5m,2026-07-31 09:05:00+00:00,309.48,310.0,308.8,309.5938,47389.403417,2026-08-01,2026-08-01_000919
AAPL,5m,2026-07-31 09:10:00+00:00,309.93,310.4671,309.93,310.39,17006.018936000004,2026-08-01,2026-08-01_000919
AAPL,5m,2026-07-31 09:15:00+00:00,310.0,310.37,309.61,309.9798,18456.91158,2026-08-01,2026-08-01_000919
AAPL,5m,2026-07-31 09:20:00+00:00,309.78,310.15,309.57,310.15,17116.897238999998,2026-08-01,2026-08-01_000919
AAPL,5m,2026-07-31 09:25:00+00:00,310.03,310.0857,309.41,309.5,16043.536681000001,2026-08-01,2026-08-01_000919
AAPL,5m,2026-07-31 09:30:00+00:00,309.5,309.67,308.69,308.99,19385.03539,2026-08-01,2026-08-01_000919
AAPL,5m,2026-07-31 09:35:00+00:00,308.98,309.3,308.7,309.12,6307.103289,2026-08-01,2026-08-01_000919
AAPL,5m,2026-07-31 09:40:00+00:00,309.3,309.89,309.28,309.75,20294.449185,2026-08-01,2026-08-01_000919
AAPL,5m,2026-07-31 09:45:00+00:00,309.8459,309.9,309.25,309.25,29956.434215,2026-08-01,2026-08-01_000919
AAPL,5m,2026-07-31 09:50:00+00:00,309.6236,309.88,309.05,309.4,6393.982320000001,2026-08-01,2026-08-01_000919
AAPL,5m,2026-07-31 09:55:00+00:00,309.46,309.558,308.69,309.0,16022.103503999999,2026-08-01,2026-08-01_000919
AAPL,5m,2026-07-31 10:00:00+00:00,309.0,309.4,308.69,308.69,17194.724145,2026-08-01,2026-08-01_000919
AAPL,5m,2026-07-31 10:05:00+00:00,308.69,309.22,308.68,309.2,14964.281689,2026-08-01,2026-08-01_000919
AAPL,5m,2026-07-31 10:10:00+00:00,309.25,309.72,309.0,309.18,22658.059612999998,2026-08-01,2026-08-01_000919
AAPL,5m,2026-07-31 10:15:00+00:00,309.08,309.52,308.94,309.52,8160.0713240000005,2026-08-01,2026-08-01_000919
AAPL,5m,2026-07-31 10:20:00+00:00,309.6,309.88,309.05,309.05,19039.668400000002,2026-08-01,2026-08-01_000919
AAPL,5m,2026-07-31 10:25:00+00:00,309.05,309.4,308.86,309.01,18286.700468,2026-08-01,2026-08-01_000919
AAPL,5m,2026-07-31 10:30:00+00:00,309.21,309.66,308.42,308.59,57015.913789000006,2026-08-01,2026-08-01_000919
AAPL,5m,2026-07-31 10:35:00+00:00,308.44,309.77,308.15,309.63,26427.591524,2026-08-01,2026-08-01_000919
AAPL,5m,2026-07-31 10:40:00+00:00,309.8,309.9,308.8,308.99,19178.947864,2026-08-01,2026-08-01_000919
AAPL,5m,2026-07-31 10:45:00+00:00,309.16,309.16,307.7,307.7,59987.217803,2026-08-01,2026-08-01_000919
AAPL,5m,2026-07-31 10:50:00+00:00,307.75,308.0,307.36,307.77,50351.70669499999,2026-08-01,2026-08-01_000919
AAPL,5m,2026-07-31 10:55:00+00:00,307.85,308.5,307.8,308.36,22989.685929,2026-08-01,2026-08-01_000919
AAPL,5m,2026-07-31 11:00:00+00:00,308.54,309.28,307.86,308.75,126601.511776,2026-08-01,2026-08-01_000919
AAPL,5m,2026-07-31 11:05:00+00:00,308.89,309.0,307.96,308.19,68059.92914,2026-08-01,2026-08-01_000919
AAPL,5m,2026-07-31 11:10:00+00:00,308.19,308.46,306.88,307.35,150919.151126,2026-08-01,2026-08-01_000919
AAPL,5m,2026-07-31 11:15:00+00:00,307.2,307.4,306.33,307.18,85412.809166,2026-08-01,2026-08-01_000919
AAPL,5m,2026-07-31 11:20:00+00:00,307.02,307.8,306.92,307.5,76004.495547,2026-08-01,2026-08-01_000919
AAPL,5m,2026-07-31 11:25:00+00:00,307.52,307.71,307.1,307.5,52335.744998,2026-08-01,2026-08-01_000919
AAPL,5m,2026-07-31 11:30:00+00:00,307.49,307.66,306.52,307.6,57219.215043000004,2026-08-01,2026-08-01_000919
AAPL,5m,2026-07-31 11:35:00+00:00,307.51,307.96,307.4,307.68,53429.59213399999,2026-08-01,2026-08-01_000919
AAPL,5m,2026-07-31 11:40:00+00:00,307.59,308.25,307.5465,307.7,49960.781156,2026-08-01,2026-08-01_000919
AAPL,5m,2026-07-31 11:45:00+00:00,307.7664,308.3,307.59,308.15,104356.75868799999,2026-08-01,2026-08-01_000919
AAPL,5m,2026-07-31 11:50:00+00:00,308.2,308.52,307.71,308.25,82660.17042499999,2026-08-01,2026-08-01_000919
AAPL,5m,2026-07-31 11:55:00+00:00,308.46,308.5,307.75,308.01,78745.506723,2026-08-01,2026-08-01_000919
AAPL,5m,2026-07-31 12:00:00+00:00,308.0,308.5,307.25,308.3056,179231.855541,2026-08-01,2026-08-01_000919
AAPL,5m,2026-07-31 12:05:00+00:00,308.35,308.45,307.25,307.87,103711.392375,2026-08-01,2026-08-01_000919
AAPL,5m,2026-07-31 12:10:00+00:00,307.89,308.35,307.04,307.27,228995.220545,2026-08-01,2026-08-01_000919
AAPL,5m,2026-07-31 12:15:00+00:00,307.1474,308.13,307.09,307.8,101692.365523,2026-08-01,2026-08-01_000919
AAPL,5m,2026-07-31 12:20:00+00:00,308.0,308.1,307.35,308.07,62100.77513200001,2026-08-01,2026-08-01_000919
AAPL,5m,2026-07-31 12:25:00+00:00,308.0253,308.29,307.3,308.0,120218.78260099998,2026-08-01,2026-08-01_000919
AAPL,5m,2026-07-31 12:30:00+00:00,308.0,308.0,306.85,307.07,202682.100013,2026-08-01,2026-08-01_000919
AAPL,5m,2026-07-31 12:35:00+00:00,307.08,307.58,307.0,307.29,73703.07997400001,2026-08-01,2026-08-01_000919
AAPL,5m,2026-07-31 12:40:00+00:00,307.23,308.09,306.5,307.22,268297.42040999996,2026-08-01,2026-08-01_000919
AAPL,5m,2026-07-31 12:45:00+00:00,307.22,307.34,306.56,306.8315,130009.41611900002,2026-08-01,2026-08-01_000919
AAPL,5m,2026-07-31 12:50:00+00:00,306.8676,307.97,306.61,307.97,176306.36250499997,2026-08-01,2026-08-01_000919
AAPL,5m,2026-07-31 12:55:00+00:00,307.84,308.73,307.74,308.34,104761.761126,2026-08-01,2026-08-01_000919
AAPL,5m,2026-07-31 13:00:00+00:00,308.285,308.38,307.5,307.66,62858.725565,2026-08-01,2026-08-01_000919
AAPL,5m,2026-07-31 13:05:00+00:00,307.68,307.89,307.0,307.0,87071.365447,2026-08-01,2026-08-01_000919
AAPL,5m,2026-07-31 13:10:00+00:00,307.01,307.67,306.8,307.0,130734.408663,2026-08-01,2026-08-01_000919
AAPL,5m,2026-07-31 13:15:00+00:00,307.0,307.42,305.92,306.035,381842.249403,2026-08-01,2026-08-01_000919
AAPL,5m,2026-07-31 13:20:00+00:00,306.02,307.64,305.75,307.64,440211.45391800004,2026-08-01,2026-08-01_000919
AAPL,5m,2026-07-31 13:25:00+00:00,307.45,307.5,303.45,304.7,792353.253948,2026-08-01,2026-08-01_000919
AAPL,5m,2026-07-31 13:30:00+00:00,304.81,306.9,300.55,302.11,11068410.554757,2026-08-01,2026-08-01_000919
AAPL,5m,2026-07-31 13:35:00+00:00,302.11,303.35,300.92,301.27,5425189.060525,2026-08-01,2026-08-01_000919
AAPL,5m,2026-07-31 13:40:00+00:00,301.19,304.91,300.32,304.79,3843301.47582,2026-08-01,2026-08-01_000919
AAPL,5m,2026-07-31 13:45:00+00:00,304.78,305.9199,303.6,305.18,3476263.609674,2026-08-01,2026-08-01_000919
AAPL,5m,2026-07-31 13:50:00+00:00,305.2062,305.5,304.3,304.84,2174653.71175,2026-08-01,2026-08-01_000919
AAPL,5m,2026-07-31 13:55:00+00:00,304.825,305.45,302.52,302.79,1975496.3856309997,2026-08-01,2026-08-01_000919
AAPL,5m,2026-07-31 14:00:00+00:00,302.79,303.32,301.3501,302.12,2381921.162451,2026-08-01,2026-08-01_000919
AAPL,5m,2026-07-31 14:05:00+00:00,302.095,302.94,301.84,302.88,1560652.903127,2026-08-01,2026-08-01_000919
AAPL,5m,2026-07-31 14:10:00+00:00,302.855,303.065,301.36,302.1361,1660366.061543,2026-08-01,2026-08-01_000919
AAPL,5m,2026-07-31 14:15:00+00:00,302.145,302.8495,301.65,302.5301,1156865.975186,2026-08-01,2026-08-01_000919
AAPL,5m,2026-07-31 14:20:00+00:00,302.51,303.57,302.39,303.21,1005479.521368,2026-08-01,2026-08-01_000919
AAPL,5m,2026-07-31 14:25:00+00:00,303.185,303.5393,302.58,302.74,969185.4380869999,2026-08-01,2026-08-01_000919
AAPL,5m,2026-07-31 14:30:00+00:00,302.755,303.0,301.91,301.94,915670.13418,2026-08-01,2026-08-01_000919
AAPL,5m,2026-07-31 14:35:00+00:00,301.91,302.58,301.7,302.26,736740.242222,2026-08-01,2026-08-01_000919
AAPL,5m,2026-07-31 14:40:00+00:00,302.27,302.81,302.0,302.435,754891.1175190001,2026-08-01,2026-08-01_000919
AAPL,5m,2026-07-31 14:45:00+00:00,302.42,302.67,302.06,302.57,850466.962489,2026-08-01,2026-08-01_000919
AAPL,5m,2026-07-31 14:50:00+00:00,302.57,302.76,302.17,302.4299,736296.990554,2026-08-01,2026-08-01_000919
AAPL,5m,2026-07-31 14:55:00+00:00,302.4,303.2,301.95,303.16,1042137.60715,2026-08-01,2026-08-01_000919
AAPL,5m,2026-07-31 15:00:00+00:00,303.16,303.24,302.3207,302.635,1037860.226431,2026-08-01,2026-08-01_000919
AAPL,5m,2026-07-31 15:05:00+00:00,302.63,302.95,302.45,302.89,729798.1211410001,2026-08-01,2026-08-01_000919
AAPL,5m,2026-07-31 15:10:00+00:00,302.92,303.08,302.53,302.995,942820.192417,2026-08-01,2026-08-01_000919
AAPL,5m,2026-07-31 15:15:00+00:00,302.995,304.03,302.76,303.8901,1037478.1209239999,2026-08-01,2026-08-01_000919
AAPL,5m,2026-07-31 15:20:00+00:00,303.89,304.25,302.923,302.95,775625.9236319999,2026-08-01,2026-08-01_000919
AAPL,5m,2026-07-31 15:25:00+00:00,302.9551,303.08,301.64,301.73,1337978.762497,2026-08-01,2026-08-01_000919
AAPL,5m,2026-07-31 15:30:00+00:00,301.73,302.36,301.725,302.305,825467.3678270001,2026-08-01,2026-08-01_000919
AAPL,5m,2026-07-31 15:35:00+00:00,302.29,302.82,302.05,302.16,1148563.78287,2026-08-01,2026-08-01_000919
AAPL,5m,2026-07-31 15:40:00+00:00,302.17,302.3399,301.44,301.95,1079171.491246,2026-08-01,2026-08-01_000919
AAPL,5m,2026-07-31 15:45:00+00:00,301.95,302.357,300.7,300.8858,1009618.753706,2026-08-01,2026-08-01_000919
AAPL,5m,2026-07-31 15:50:00+00:00,300.865,301.43,300.38,301.4,972785.8021249999,2026-08-01,2026-08-01_000919
AAPL,5m,2026-07-31 15:55:00+00:00,301.39,302.0,300.89,301.295,1066695.732434,2026-08-01,2026-08-01_000919
AAPL,5m,2026-07-31 16:00:00+00:00,301.285,301.5999,300.9,301.34,676059.706284,2026-08-01,2026-08-01_000919
AAPL,5m,2026-07-31 16:05:00+00:00,301.355,301.45,301.12,301.25,392254.142803,2026-08-01,2026-08-01_000919
AAPL,5m,2026-07-31 16:10:00+00:00,301.2675,302.14,301.19,302.115,492597.45528899995,2026-08-01,2026-08-01_000919
AAPL,5m,2026-07-31 16:15:00+00:00,302.105,302.34,301.13,301.155,861340.828884,2026-08-01,2026-08-01_000919
AAPL,5m,2026-07-31 16:20:00+00:00,301.175,301.614,301.14,301.4425,569889.581622,2026-08-01,2026-08-01_000919
AAPL,5m,2026-07-31 16:25:00+00:00,301.45,301.58,300.47,300.54,762740.755943,2026-08-01,2026-08-01_000919
AAPL,5m,2026-07-31 16:30:00+00:00,300.56,300.68,300.0,300.535,1356985.322008,2026-08-01,2026-08-01_000919
AAPL,5m,2026-07-31 16:35:00+00:00,300.52,301.01,300.35,300.55,644896.2476529999,2026-08-01,2026-08-01_000919
AAPL,5m,2026-07-31 16:40:00+00:00,300.5478,300.98,300.21,300.365,819918.188766,2026-08-01,2026-08-01_000919
AAPL,5m,2026-07-31 16:45:00+00:00,300.36,301.12,300.24,300.78,559641.988849,2026-08-01,2026-08-01_000919
AAPL,5m,2026-07-31 16:50:00+00:00,300.79,301.55,300.57,300.73,730991.982517,2026-08-01,2026-08-01_000919
AAPL,5m,2026-07-31 16:55:00+00:00,300.73,300.97,300.39,300.855,590286.559348,2026-08-01,2026-08-01_000919
AAPL,5m,2026-07-31 17:00:00+00:00,300.86,301.8343,300.855,301.585,624073.156881,2026-08-01,2026-08-01_000919
AAPL,5m,2026-07-31 17:05:00+00:00,301.59,301.78,301.15,301.171,501534.01921399997,2026-08-01,2026-08-01_000919
AAPL,5m,2026-07-31 17:10:00+00:00,301.17,301.6,300.96,301.52,499019.296969,2026-08-01,2026-08-01_000919
AAPL,5m,2026-07-31 17:15:00+00:00,301.515,301.82,301.2,301.575,609597.5331199999,2026-08-01,2026-08-01_000919
AAPL,5m,2026-07-31 17:20:00+00:00,301.579,301.66,301.25,301.35,495398.01134399994,2026-08-01,2026-08-01_000919
AAPL,5m,2026-07-31 17:25:00+00:00,301.35,301.45,301.04,301.2,381380.20406899997,2026-08-01,2026-08-01_000919
AAPL,5m,2026-07-31 17:30:00+00:00,301.2,301.57,301.1,301.469,489312.82437399996,2026-08-01,2026-08-01_000919
AAPL,5m,2026-07-31 17:35:00+00:00,301.46,301.72,301.27,301.39,413864.25549699995,2026-08-01,2026-08-01_000919
AAPL,5m,2026-07-31 17:40:00+00:00,301.4,301.6,301.29,301.305,410284.47420399997,2026-08-01,2026-08-01_000919
AAPL,5m,2026-07-31 17:45:00+00:00,301.305,301.43,301.06,301.16,439460.01645099994,2026-08-01,2026-08-01_000919
AAPL,5m,2026-07-31 17:50:00+00:00,301.1699,301.265,300.535,300.68,3631053.639043,2026-08-01,2026-08-01_000919
AAPL,5m,2026-07-31 17:55:00+00:00,300.69,300.87,300.5,300.64,521054.136084,2026-08-01,2026-08-01_000919
AAPL,5m,2026-07-31 18:00:00+00:00,300.64,301.29,300.595,301.075,619638.9413160001,2026-08-01,2026-08-01_000919
AAPL,5m,2026-07-31 18:05:00+00:00,301.065,301.225,300.695,300.955,728335.3997979999,2026-08-01,2026-08-01_000919
AAPL,5m,2026-07-31 18:10:00+00:00,300.97,302.095,300.93,301.995,844811.609648,2026-08-01,2026-08-01_000919
AAPL,5m,2026-07-31 18:15:00+00:00,302.005,302.09,301.61,302.02,490275.84864900005,2026-08-01,2026-08-01_000919
AAPL,5m,2026-07-31 18:20:00+00:00,302.02,302.42,301.97,302.33,518636.65329199994,2026-08-01,2026-08-01_000919
AAPL,5m,2026-07-31 18:25:00+00:00,302.34,302.36,301.68,301.73,469008.02167399996,2026-08-01,2026-08-01_000919
AAPL,5m,2026-07-31 18:30:00+00:00,301.76,302.16,301.745,302.061,584240.61394,2026-08-01,2026-08-01_000919
AAPL,5m,2026-07-31 18:35:00+00:00,302.065,302.1601,301.85,302.015,470722.29690300004,2026-08-01,2026-08-01_000919
AAPL,5m,2026-07-31 18:40:00+00:00,302.015,302.35,301.8901,302.322356,607729.2721559999,2026-08-01,2026-08-01_000919
AAPL,5m,2026-07-31 18:45:00+00:00,302.315,302.54,302.04005,302.295,615813.102256,2026-08-01,2026-08-01_000919
AAPL,5m,2026-07-31 18:50:00+00:00,302.295,303.0,302.24,302.885,803435.4162580001,2026-08-01,2026-08-01_000919
AAPL,5m,2026-07-31 18:55:00+00:00,302.885,302.9446,302.42,302.83,660346.68992,2026-08-01,2026-08-01_000919
AAPL,5m,2026-07-31 19:00:00+00:00,302.83,303.94,302.78,303.75,1056670.735122,2026-08-01,2026-08-01_000919
AAPL,5m,2026-07-31 19:05:00+00:00,303.755,304.53,303.65,304.415,1262596.678981,2026-08-01,2026-08-01_000919
AAPL,5m,2026-07-31 19:10:00+00:00,304.41,304.87,304.39,304.58,1136411.7615079999,2026-08-01,2026-08-01_000919
AAPL,5m,2026-07-31 19:15:00+00:00,304.585,305.71,304.53,305.242028,2479428.167402,2026-08-01,2026-08-01_000919
AAPL,5m,2026-07-31 19:20:00+00:00,305.24,305.3999,304.635,305.345,1121052.4360210001,2026-08-01,2026-08-01_000919
AAPL,5m,2026-07-31 19:25:00+00:00,305.345,305.705,305.11,305.65,1052984.611184,2026-08-01,2026-08-01_000919
AAPL,5m,2026-07-31 19:30:00+00:00,305.65,305.865,305.07,305.86,1679015.631209,2026-08-01,2026-08-01_000919
AAPL,5m,2026-07-31 19:35:00+00:00,305.87,306.41,305.02,305.14,1445618.14505,2026-08-01,2026-08-01_000919
AAPL,5m,2026-07-31 19:40:00+00:00,305.14,306.62,305.11,306.535,1690479.4955600002,2026-08-01,2026-08-01_000919
AAPL,5m,2026-07-31 19:45:00+00:00,306.54,307.37,306.13,306.7,2596343.084318,2026-08-01,2026-08-01_000919
AAPL,5m,2026-07-31 19:50:00+00:00,306.69,309.9999,306.67,309.71,5098482.10722,2026-08-01,2026-08-01_000919
AAPL,5m,2026-07-31 19:55:00+00:00,309.71,310.69,307.64,309.03,8133012.2525309995,2026-08-01,2026-08-01_000919
AAPL,5m,2026-07-31 20:00:00+00:00,309.22,310.19,308.28,308.87,2498185.9845290002,2026-08-01,2026-08-01_000919
AAPL,5m,2026-07-31 20:05:00+00:00,308.82,309.5,308.75,309.48,208722.488196,2026-08-01,2026-08-01_000919
AAPL,5m,2026-07-31 20:10:00+00:00,309.4899,309.5,309.1,309.14,75251.115645,2026-08-01,2026-08-01_000919
AAPL,5m,2026-07-31 20:15:00+00:00,309.14,309.19,308.83,308.9055,43476.480157,2026-08-01,2026-08-01_000919
AAPL,5m,2026-07-31 20:20:00+00:00,308.9,308.9,308.7122,308.75,41108.479543,2026-08-01,2026-08-01_000919
AAPL,5m,2026-07-31 20:25:00+00:00,308.7246,308.8,308.62,308.66,29685.929104000003,2026-08-01,2026-08-01_000919
AAPL,5m,2026-07-31 20:30:00+00:00,308.6598,308.91,308.36,308.46,97302.21918799999,2026-08-01,2026-08-01_000919
AAPL,5m,2026-07-31 20:35:00+00:00,308.48,308.66,308.22,308.66,64211.594906,2026-08-01,2026-08-01_000919
AAPL,5m,2026-07-31 20:40:00+00:00,308.52,308.52,308.05,308.06,21568.967373,2026-08-01,2026-08-01_000919
AAPL,5m,2026-07-31 20:45:00+00:00,308.06,308.1768,307.8421,307.95,48851.686653000004,2026-08-01,2026-08-01_000919
AAPL,5m,2026-07-31 20:50:00+00:00,307.95,308.0,307.4,307.4,21300.152437,2026-08-01,2026-08-01_000919
AAPL,5m,2026-07-31 20:55:00+00:00,307.4085,307.41,306.69,306.69,44202.15846,2026-08-01,2026-08-01_000919
AAPL,5m,2026-07-31 21:00:00+00:00,306.91,306.99,306.52,306.7,39751.306295,2026-08-01,2026-08-01_000919
AAPL,5m,2026-07-31 21:05:00+00:00,306.7091,307.2,306.69,307.0155,25729.532973999998,2026-08-01,2026-08-01_000919
AAPL,5m,2026-07-31 21:10:00+00:00,307.0738,307.18,306.86,306.9,34856.176971,2026-08-01,2026-08-01_000919
AAPL,5m,2026-07-31 21:15:00+00:00,306.88,307.0824,306.81,306.8132,26003.676694,2026-08-01,2026-08-01_000919
AAPL,5m,2026-07-31 21:20:00+00:00,306.8102,306.83,306.2887,306.4788,22429.215166,2026-08-01,2026-08-01_000919
AAPL,5m,2026-07-31 21:25:00+00:00,306.45,306.54,306.26,306.41,24765.191313000003,2026-08-01,2026-08-01_000919
AAPL,5m,2026-07-31 21:30:00+00:00,306.41,306.41,306.3028,306.3501,18090.569805,2026-08-01,2026-08-01_000919
AAPL,5m,2026-07-31 21:35:00+00:00,306.36,306.5,306.35,306.4999,18434.13146,2026-08-01,2026-08-01_000919
AAPL,5m,2026-07-31 21:40:00+00:00,306.5,306.54,306.35,306.4511,22845.093914,2026-08-01,2026-08-01_000919
AAPL,5m,2026-07-31 21:45:00+00:00,306.4796,306.6,306.45,306.59,13041.04306,2026-08-01,2026-08-01_000919
AAPL,5m,2026-07-31 21:50:00+00:00,306.54,306.5987,306.45,306.57,7508.812981,2026-08-01,2026-08-01_000919
AAPL,5m,2026-07-31 21:55:00+00:00,306.6,306.6,306.5,306.5,9045.966835,2026-08-01,2026-08-01_000919
AAPL,5m,2026-07-31 22:00:00+00:00,306.51,306.67,306.51,306.67,8418.786598,2026-08-01,2026-08-01_000919
AAPL,5m,2026-07-31 22:05:00+00:00,306.74,307.01,306.7001,306.9,9907.772976999999,2026-08-01,2026-08-01_000919
AAPL,5m,2026-07-31 22:10:00+00:00,306.9,307.1427,306.852,307.05,5388.250627,2026-08-01,2026-08-01_000919
AAPL,5m,2026-07-31 22:15:00+00:00,307.0843,307.1,307.0065,307.1,6071.558808,2026-08-01,2026-08-01_000919
AAPL,5m,2026-07-31 22:20:00+00:00,307.1,307.1,306.8471,306.8471,12136.966355999999,2026-08-01,2026-08-01_000919
AAPL,5m,2026-07-31 22:25:00+00:00,306.8,306.9,306.75,306.8942,3419.2214329999997,2026-08-01,2026-08-01_000919
AAPL,5m,2026-07-31 22:30:00+00:00,306.91,307.3,306.91,307.25,12918.333817,2026-08-01,2026-08-01_000919
AAPL,5m,2026-07-31 22:35:00+00:00,307.2577,307.35,307.23,307.279,11220.420247,2026-08-01,2026-08-01_000919
AAPL,5m,2026-07-31 22:40:00+00:00,307.3,307.3,307.0118,307.06,17143.322935,2026-08-01,2026-08-01_000919
AAPL,5m,2026-07-31 22:45:00+00:00,307.1,307.1,307.0,307.1,5187.2490020000005,2026-08-01,2026-08-01_000919
AAPL,5m,2026-07-31 22:50:00+00:00,307.0958,307.2925,307.05,307.2925,5176.752318,2026-08-01,2026-08-01_000919
AAPL,5m,2026-07-31 22:55:00+00:00,307.3125,307.35,307.2126,307.29,3176.140399,2026-08-01,2026-08-01_000919
AAPL,5m,2026-07-31 23:00:00+00:00,307.27,307.35,307.2,307.35,6565.147003,2026-08-01,2026-08-01_000919
AAPL,5m,2026-07-31 23:05:00+00:00,307.24,307.59,307.24,307.5106,7284.603449,2026-08-01,2026-08-01_000919
AAPL,5m,2026-07-31 23:10:00+00:00,307.56,307.7,307.5206,307.64,4696.222252,2026-08-01,2026-08-01_000919
AAPL,5m,2026-07-31 23:15:00+00:00,307.6,307.75,307.5264,307.6017,7159.368012,2026-08-01,2026-08-01_000919
AAPL,5m,2026-07-31 23:20:00+00:00,307.6,307.61,307.31,307.6,7129.494563,2026-08-01,2026-08-01_000919
AAPL,5m,2026-07-31 23:25:00+00:00,307.8,307.8,307.5999,307.73,2932.7774309999995,2026-08-01,2026-08-01_000919
AAPL,5m,2026-07-31 23:30:00+00:00,307.72,307.75,307.51,307.7399,4010.8465319999996,2026-08-01,2026-08-01_000919
AAPL,5m,2026-07-31 23:35:00+00:00,307.72,307.8,307.7168,307.7851,5810.601490999999,2026-08-01,2026-08-01_000919
AAPL,5m,2026-07-31 23:40:00+00:00,307.78,307.8,307.66,307.71,11078.727405,2026-08-01,2026-08-01_000919
AAPL,5m,2026-07-31 23:45:00+00:00,307.75,307.75,307.68,307.69,5219.352247,2026-08-01,2026-08-01_000919
AAPL,5m,2026-07-31 23:50:00+00:00,307.6815,307.69,307.5,307.5,9354.951881,2026-08-01,2026-08-01_000919
AAPL,5m,2026-07-31 23:55:00+00:00,307.4761,307.49,307.1801,307.3554,15793.668548,2026-08-01,2026-08-01_000919
MSFT,5m,2026-07-31 08:00:00+00:00,447.8,447.8,445.0,446.38,21545.862574,2026-08-01,2026-08-01_000919
MSFT,5m,2026-07-31 08:05:00+00:00,446.97,448.0,446.4312,448.0,8902.180085,2026-08-01,2026-08-01_000919
MSFT,5m,2026-07-31 08:10:00+00:00,447.78,448.3,447.36,447.38,8496.420092,2026-08-01,2026-08-01_000919
MSFT,5m,2026-07-31 08:15:00+00:00,447.58,447.62,447.18,447.6,7417.2818480000005,2026-08-01,2026-08-01_000919
MSFT,5m,2026-07-31 08:20:00+00:00,447.69,449.1,447.01,449.0,13284.680835,2026-08-01,2026-08-01_000919
MSFT,5m,2026-07-31 08:25:00+00:00,449.24,449.63,448.2,448.94,13587.764988,2026-08-01,2026-08-01_000919
MSFT,5m,2026-07-31 08:30:00+00:00,448.19,448.19,447.31,447.99,4566.227559000001,2026-08-01,2026-08-01_000919
MSFT,5m,2026-07-31 08:35:00+00:00,447.95,448.72,447.67,448.17,7316.75852,2026-08-01,2026-08-01_000919
MSFT,5m,2026-07-31 08:40:00+00:00,448.0429,448.0429,447.75,447.75,867.121791,2026-08-01,2026-08-01_000919
MSFT,5m,2026-07-31 08:45:00+00:00,447.92,448.34,447.89,448.31,4347.236693999999,2026-08-01,2026-08-01_000919
MSFT,5m,2026-07-31 08:50:00+00:00,448.09,448.33,447.76,448.05,3067.784271,2026-08-01,2026-08-01_000919
MSFT,5m,2026-07-31 08:55:00+00:00,448.3,448.39,448.01,448.01,2637.644716,2026-08-01,2026-08-01_000919
MSFT,5m,2026-07-31 09:00:00+00:00,447.86,448.0334,447.42,447.46,3436.0271960000005,2026-08-01,2026-08-01_000919
MSFT,5m,2026-07-31 09:05:00+00:00,447.43,447.7,447.104,447.7,3654.539298,2026-08-01,2026-08-01_000919
MSFT,5m,2026-07-31 09:10:00+00:00,447.25,447.75,447.11,447.32,2664.402622,2026-08-01,2026-08-01_000919
MSFT,5m,2026-07-31 09:15:00+00:00,447.47,447.8,447.0,447.0,10746.857629,2026-08-01,2026-08-01_000919
MSFT,5m,2026-07-31 09:20:00+00:00,447.06,448.5,447.03,448.08,4470.218256,2026-08-01,2026-08-01_000919
MSFT,5m,2026-07-31 09:25:00+00:00,448.49,448.8,448.08,448.8,3861.830132,2026-08-01,2026-08-01_000919
MSFT,5m,2026-07-31 09:30:00+00:00,448.08,448.5,447.627,448.0,3656.023223,2026-08-01,2026-08-01_000919
MSFT,5m,2026-07-31 09:35:00+00:00,447.98,448.16,447.8,447.92,2607.268486,2026-08-01,2026-08-01_000919
MSFT,5m,2026-07-31 09:40:00+00:00,448.16,448.4,448.03,448.03,3166.007405,2026-08-01,2026-08-01_000919
MSFT,5m,2026-07-31 09:45:00+00:00,447.88,448.24,447.82,448.24,1718.7753069999999,2026-08-01,2026-08-01_000919
MSFT,5m,2026-07-31 09:50:00+00:00,448.32,448.51,448.25,448.5,4698.070838,2026-08-01,2026-08-01_000919
MSFT,5m,2026-07-31 09:55:00+00:00,448.47,448.85,448.47,448.79,8663.946936,2026-08-01,2026-08-01_000919
MSFT,5m,2026-07-31 10:00:00+00:00,448.82,448.94,447.8703,448.14,7067.2243180000005,2026-08-01,2026-08-01_000919
MSFT,5m,2026-07-31 10:05:00+00:00,447.93,448.1,447.66,448.0,1359.149708,2026-08-01,2026-08-01_000919
MSFT,5m,2026-07-31 10:10:00+00:00,447.93,448.38,447.93,448.07,2688.929704,2026-08-01,2026-08-01_000919
MSFT,5m,2026-07-31 10:15:00+00:00,448.02,448.38,448.0,448.15,3306.6149649999998,2026-08-01,2026-08-01_000919
MSFT,5m,2026-07-31 10:20:00+00:00,448.33,448.7,448.2,448.2,4256.276472,2026-08-01,2026-08-01_000919
MSFT,5m,2026-07-31 10:25:00+00:00,448.16,448.4035,447.893,448.21,1526.933951,2026-08-01,2026-08-01_000919
MSFT,5m,2026-07-31 10:30:00+00:00,448.1,448.5,447.84,447.94,2851.065732,2026-08-01,2026-08-01_000919
MSFT,5m,2026-07-31 10:35:00+00:00,447.95,448.4,447.66,448.26,5013.308557,2026-08-01,2026-08-01_000919
MSFT,5m,2026-07-31 10:40:00+00:00,448.4,448.4,447.66,448.06,6087.303561,2026-08-01,2026-08-01_000919
MSFT,5m,2026-07-31 10:45:00+00:00,448.21,448.21,447.92,448.1,3140.468161,2026-08-01,2026-08-01_000919
MSFT,5m,2026-07-31 10:50:00+00:00,447.9057,448.16,447.89,447.91,2029.5015720000001,2026-08-01,2026-08-01_000919
MSFT,5m,2026-07-31 10:55:00+00:00,447.8314,448.16,447.8314,448.1318,4191.488346,2026-08-01,2026-08-01_000919
MSFT,5m,2026-07-31 11:00:00+00:00,448.06,448.94,447.71,448.0165,37365.070975,2026-08-01,2026-08-01_000919
MSFT,5m,2026-07-31 11:05:00+00:00,448.0,448.6,447.8572,448.3,10891.290073,2026-08-01,2026-08-01_000919
MSFT,5m,2026-07-31 11:10:00+00:00,448.3,448.3,448.0,448.2365,5425.966294,2026-08-01,2026-08-01_000919
MSFT,5m,2026-07-31 11:15:00+00:00,448.01,449.8818,447.81,449.0,29186.605938999997,2026-08-01,2026-08-01_000919
MSFT,5m,2026-07-31 11:20:00+00:00,449.3,449.3,448.57,448.79,4863.4199340000005,2026-08-01,2026-08-01_000919
MSFT,5m,2026-07-31 11:25:00+00:00,448.91,448.91,448.5,448.87,10621.592773999999,2026-08-01,2026-08-01_000919
MSFT,5m,2026-07-31 11:30:00+00:00,448.64,448.88,448.48,448.5,15263.853534000002,2026-08-01,2026-08-01_000919
MSFT,5m,2026-07-31 11:35:00+00:00,448.67,449.3749,448.43,448.8,11422.14501,2026-08-01,2026-08-01_000919
MSFT,5m,2026-07-31 11:40:00+00:00,448.8349,448.86,448.48,448.7,4674.910356,2026-08-01,2026-08-01_000919
MSFT,5m,2026-07-31 11:45:00+00:00,448.83,451.0,448.83,450.88,44890.518766,2026-08-01,2026-08-01_000919
MSFT,5m,2026-07-31 11:50:00+00:00,451.0,451.0,449.84,449.84,20985.894077,2026-08-01,2026-08-01_000919
MSFT,5m,2026-07-31 11:55:00+00:00,449.8274,450.0,449.4,449.55,14418.525803,2026-08-01,2026-08-01_000919
MSFT,5m,2026-07-31 12:00:00+00:00,449.43,450.01,448.48,448.81,18760.346745,2026-08-01,2026-08-01_000919
MSFT,5m,2026-07-31 12:05:00+00:00,448.83,449.3,448.53,448.62,18016.492249,2026-08-01,2026-08-01_000919
MSFT,5m,2026-07-31 12:10:00+00:00,448.8,449.25,448.62,449.08,10339.424611000002,2026-08-01,2026-08-01_000919
MSFT,5m,2026-07-31 12:15:00+00:00,449.13,449.2394,448.77,449.2,12975.628958000001,2026-08-01,2026-08-01_000919
MSFT,5m,2026-07-31 12:20:00+00:00,448.9,450.25,448.9,450.11,14785.351985000001,2026-08-01,2026-08-01_000919
MSFT,5m,2026-07-31 12:25:00+00:00,450.01,451.88,449.6,451.54,32487.858173,2026-08-01,2026-08-01_000919
MSFT,5m,2026-07-31 12:30:00+00:00,451.54,451.54,450.57,450.99,14968.331829000002,2026-08-01,2026-08-01_000919
MSFT,5m,2026-07-31 12:35:00+00:00,450.86,451.92,450.86,451.08,10081.022285000001,2026-08-01,2026-08-01_000919
MSFT,5m,2026-07-31 12:40:00+00:00,451.1,451.18,450.72,450.7558,10999.128072,2026-08-01,2026-08-01_000919
MSFT,5m,2026-07-31 12:45:00+00:00,450.75,451.5,450.7072,450.85,12499.236306,2026-08-01,2026-08-01_000919
MSFT,5m,2026-07-31 12:50:00+00:00,450.7,450.85,450.0,450.63,15269.015667999998,2026-08-01,2026-08-01_000919
MSFT,5m,2026-07-31 12:55:00+00:00,450.55,451.4824,450.25,451.4824,15244.01135,2026-08-01,2026-08-01_000919
MSFT,5m,2026-07-31 13:00:00+00:00,451.46,452.38,451.25,451.91,26808.872628999998,2026-08-01,2026-08-01_000919
MSFT,5m,2026-07-31 13:05:00+00:00,451.91,452.36,451.25,451.5,23921.367055,2026-08-01,2026-08-01_000919
MSFT,5m,2026-07-31 13:10:00+00:00,451.3876,451.97,451.3876,451.9,13090.675508,2026-08-01,2026-08-01_000919
MSFT,5m,2026-07-31 13:15:00+00:00,451.86,451.9235,451.0,451.17,14735.586000000001,2026-08-01,2026-08-01_000919
MSFT,5m,2026-07-31 13:20:00+00:00,451.08,451.9161,450.99,451.0,36107.486810999995,2026-08-01,2026-08-01_000919
MSFT,5m,2026-07-31 13:25:00+00:00,451.0,452.5,448.89,450.0,85352.241473,2026-08-01,2026-08-01_000919
MSFT,5m,2026-07-31 13:30:00+00:00,450.0,459.85,449.33,458.5,3032061.8666560003,2026-08-01,2026-08-01_000919
MSFT,5m,2026-07-31 13:35:00+00:00,458.46,460.24,457.76,458.43,1571746.422988,2026-08-01,2026-08-01_000919
MSFT,5m,2026-07-31 13:40:00+00:00,458.298059,460.5,458.16,459.97,827135.5248779999,2026-08-01,2026-08-01_000919
MSFT,5m,2026-07-31 13:45:00+00:00,459.97,460.14,455.74,460.03,1568990.384213,2026-08-01,2026-08-01_000919
MSFT,5m,2026-07-31 13:50:00+00:00,460.03,461.7,458.8815,461.17,1309153.68241,2026-08-01,2026-08-01_000919
MSFT,5m,2026-07-31 13:55:00+00:00,461.25,462.86,460.26,462.57,843218.9914650001,2026-08-01,2026-08-01_000919
MSFT,5m,2026-07-31 14:00:00+00:00,462.57,462.95,458.85,459.72,1129515.4986979999,2026-08-01,2026-08-01_000919
MSFT,5m,2026-07-31 14:05:00+00:00,459.715,459.99,457.93,459.205,908265.144144,2026-08-01,2026-08-01_000919
MSFT,5m,2026-07-31 14:10:00+00:00,459.14,459.59,455.89,456.97,1001767.921384,2026-08-01,2026-08-01_000919
MSFT,5m,2026-07-31 14:15:00+00:00,456.99,457.0,454.6001,455.0884,906570.470831,2026-08-01,2026-08-01_000919
MSFT,5m,2026-07-31 14:20:00+00:00,455.065,455.62,453.27,454.41,595114.309303,2026-08-01,2026-08-01_000919
MSFT,5m,2026-07-31 14:25:00+00:00,454.405,454.9299,452.81,453.315,425027.390024,2026-08-01,2026-08-01_000919
MSFT,5m,2026-07-31 14:30:00+00:00,453.38,453.42,452.06,452.915,559287.9394239999,2026-08-01,2026-08-01_000919
MSFT,5m,2026-07-31 14:35:00+00:00,452.915,454.71,452.5,454.67,578403.6330350001,2026-08-01,2026-08-01_000919
MSFT,5m,2026-07-31 14:40:00+00:00,454.64,455.95,454.57,455.67,571792.6148079999,2026-08-01,2026-08-01_000919
MSFT,5m,2026-07-31 14:45:00+00:00,455.675,456.21,454.61,455.931,428907.560256,2026-08-01,2026-08-01_000919
MSFT,5m,2026-07-31 14:50:00+00:00,455.84,455.88,453.21,453.73,380860.47323899996,2026-08-01,2026-08-01_000919
MSFT,5m,2026-07-31 14:55:00+00:00,453.725,453.81,451.72,452.455,528120.4241879999,2026-08-01,2026-08-01_000919
MSFT,5m,2026-07-31 15:00:00+00:00,452.53,452.91,451.04,452.53,438772.188612,2026-08-01,2026-08-01_000919
MSFT,5m,2026-07-31 15:05:00+00:00,452.4416,452.93,450.69,452.42,441115.462119,2026-08-01,2026-08-01_000919
MSFT,5m,2026-07-31 15:10:00+00:00,452.53,455.52,452.1257,454.805,592598.206919,2026-08-01,2026-08-01_000919
MSFT,5m,2026-07-31 15:15:00+00:00,454.86,456.6798,454.7501,456.39,522872.463781,2026-08-01,2026-08-01_000919
MSFT,5m,2026-07-31 15:20:00+00:00,456.33,457.58,456.05,457.565,473193.387759,2026-08-01,2026-08-01_000919
MSFT,5m,2026-07-31 15:25:00+00:00,457.57,458.98,457.32,457.825,1150699.3952489998,2026-08-01,2026-08-01_000919
MSFT,5m,2026-07-31 15:30:00+00:00,457.825,458.1999,456.84,456.86,505537.520288,2026-08-01,2026-08-01_000919
MSFT,5m,2026-07-31 15:35:00+00:00,456.86,458.56,456.54,458.51,428554.794901,2026-08-01,2026-08-01_000919
MSFT,5m,2026-07-31 15:40:00+00:00,458.535,460.5899,458.535,459.785,781380.322868,2026-08-01,2026-08-01_000919
MSFT,5m,2026-07-31 15:45:00+00:00,459.785,460.71,459.53,459.62,514351.628581,2026-08-01,2026-08-01_000919
MSFT,5m,2026-07-31 15:50:00+00:00,459.6,462.5,459.57,462.195,710752.303682,2026-08-01,2026-08-01_000919
MSFT,5m,2026-07-31 15:55:00+00:00,462.195,463.57,461.63,463.1,662850.3366810001,2026-08-01,2026-08-01_000919
MSFT,5m,2026-07-31 16:00:00+00:00,463.07,464.3,462.29,462.3686,594024.869805,2026-08-01,2026-08-01_000919
MSFT,5m,2026-07-31 16:05:00+00:00,462.29,462.71,461.04,461.1,352843.948709,2026-08-01,2026-08-01_000919
MSFT,5m,2026-07-31 16:10:00+00:00,461.105,462.615,461.03,462.445,352106.047364,2026-08-01,2026-08-01_000919
MSFT,5m,2026-07-31 16:15:00+00:00,462.47,463.72,462.31,463.1901,554579.606701,2026-08-01,2026-08-01_000919
MSFT,5m,2026-07-31 16:20:00+00:00,463.25,464.64,463.19,464.62,580556.50212,2026-08-01,2026-08-01_000919
MSFT,5m,2026-07-31 16:25:00+00:00,464.64,464.8,463.0,463.655,450247.08073900006,2026-08-01,2026-08-01_000919
MSFT,5m,2026-07-31 16:30:00+00:00,463.61,464.38,463.11,463.3,422306.721067,2026-08-01,2026-08-01_000919
MSFT,5m,2026-07-31 16:35:00+00:00,463.295,463.44,462.5,462.9401,301658.552184,2026-08-01,2026-08-01_000919
MSFT,5m,2026-07-31 16:40:00+00:00,463.15,463.75,462.57,463.56,266815.737789,2026-08-01,2026-08-01_000919
MSFT,5m,2026-07-31 16:45:00+00:00,463.51,464.2,463.37,463.99,367503.12381799996,2026-08-01,2026-08-01_000919
MSFT,5m,2026-07-31 16:50:00+00:00,463.95,464.0,462.1,462.38,272194.96004100004,2026-08-01,2026-08-01_000919
MSFT,5m,2026-07-31 16:55:00+00:00,462.31,462.71,461.6,461.9201,374522.262266,2026-08-01,2026-08-01_000919
MSFT,5m,2026-07-31 17:00:00+00:00,461.92,462.11,461.03,461.495,319217.48155300005,2026-08-01,2026-08-01_000919
MSFT,5m,2026-07-31 17:05:00+00:00,461.495,462.005,461.3801,461.6101,305505.865899,2026-08-01,2026-08-01_000919
MSFT,5m,2026-07-31 17:10:00+00:00,461.66,462.6499,461.45,461.93,477914.50323100004,2026-08-01,2026-08-01_000919
MSFT,5m,2026-07-31 17:15:00+00:00,461.91,462.66,461.71,462.44,307795.87137199997,2026-08-01,2026-08-01_000919
MSFT,5m,2026-07-31 17:20:00+00:00,462.44,463.66,462.3,463.6508,326739.324181,2026-08-01,2026-08-01_000919
MSFT,5m,2026-07-31 17:25:00+00:00,463.645,463.8,463.23,463.6,320892.31788,2026-08-01,2026-08-01_000919
MSFT,5m,2026-07-31 17:30:00+00:00,463.6,463.77,462.8201,463.15,340008.067156,2026-08-01,2026-08-01_000919
MSFT,5m,2026-07-31 17:35:00+00:00,463.12,463.3183,462.22,462.49,284999.266773,2026-08-01,2026-08-01_000919
MSFT,5m,2026-07-31 17:40:00+00:00,462.49,462.62,461.18,461.26,291974.290967,2026-08-01,2026-08-01_000919
MSFT,5m,2026-07-31 17:45:00+00:00,461.3299,461.49,460.535,460.6,357285.13815799996,2026-08-01,2026-08-01_000919
MSFT,5m,2026-07-31 17:50:00+00:00,460.555,461.57,460.5,461.41,253350.869258,2026-08-01,2026-08-01_000919
MSFT,5m,2026-07-31 17:55:00+00:00,461.41,461.77,460.15,460.385,316277.410746,2026-08-01,2026-08-01_000919
MSFT,5m,2026-07-31 18:00:00+00:00,460.43,460.8916,460.0,460.21,248424.73158999998,2026-08-01,2026-08-01_000919
MSFT,5m,2026-07-31 18:05:00+00:00,460.24,460.944,460.0,460.745,299240.318567,2026-08-01,2026-08-01_000919
MSFT,5m,2026-07-31 18:10:00+00:00,460.74,462.45,460.69,462.21,350771.352021,2026-08-01,2026-08-01_000919
MSFT,5m,2026-07-31 18:15:00+00:00,462.24,462.62,461.85,462.24,294455.628785,2026-08-01,2026-08-01_000919
MSFT,5m,2026-07-31 18:20:00+00:00,462.18,462.87,462.08,462.735,244229.664347,2026-08-01,2026-08-01_000919
MSFT,5m,2026-07-31 18:25:00+00:00,462.75,463.17,462.4201,462.93,291118.92605300003,2026-08-01,2026-08-01_000919
MSFT,5m,2026-07-31 18:30:00+00:00,462.91,463.52,462.73,463.005,317074.840678,2026-08-01,2026-08-01_000919
MSFT,5m,2026-07-31 18:35:00+00:00,463.005,463.12,462.13,462.15,247719.072957,2026-08-01,2026-08-01_000919
MSFT,5m,2026-07-31 18:40:00+00:00,462.16,462.64,461.73,462.1,330898.095608,2026-08-01,2026-08-01_000919
MSFT,5m,2026-07-31 18:45:00+00:00,462.06,462.259,461.55,462.0107,340666.130694,2026-08-01,2026-08-01_000919
MSFT,5m,2026-07-31 18:50:00+00:00,462.04,462.11,461.15,461.6,340978.763485,2026-08-01,2026-08-01_000919
MSFT,5m,2026-07-31 18:55:00+00:00,461.625,462.0,461.13,461.17,326343.091602,2026-08-01,2026-08-01_000919
MSFT,5m,2026-07-31 19:00:00+00:00,461.175,462.32,461.11,462.25,449551.77087899996,2026-08-01,2026-08-01_000919
MSFT,5m,2026-07-31 19:05:00+00:00,462.25,462.56,461.93,462.44,442127.227995,2026-08-01,2026-08-01_000919
MSFT,5m,2026-07-31 19:10:00+00:00,462.42,462.75,461.89,462.06,383844.35765200004,2026-08-01,2026-08-01_000919
MSFT,5m,2026-07-31 19:15:00+00:00,462.05,463.775,462.05,463.187808,530821.270134,2026-08-01,2026-08-01_000919
MSFT,5m,2026-07-31 19:20:00+00:00,463.2,463.7,462.99,463.075,606372.100187,2026-08-01,2026-08-01_000919
MSFT,5m,2026-07-31 19:25:00+00:00,463.1,463.3275,462.18,462.19,509990.98173899995,2026-08-01,2026-08-01_000919
MSFT,5m,2026-07-31 19:30:00+00:00,462.15,462.7212,461.61,462.235,542294.181384,2026-08-01,2026-08-01_000919
MSFT,5m,2026-07-31 19:35:00+00:00,462.23,463.07,462.14,462.83,467657.303512,2026-08-01,2026-08-01_000919
MSFT,5m,2026-07-31 19:40:00+00:00,462.83,463.12,462.53,462.735,545633.320053,2026-08-01,2026-08-01_000919
MSFT,5m,2026-07-31 19:45:00+00:00,462.735,462.845,462.31,462.42,594014.378327,2026-08-01,2026-08-01_000919
MSFT,5m,2026-07-31 19:50:00+00:00,462.43,466.0,462.39,465.7,1787932.741583,2026-08-01,2026-08-01_000919
MSFT,5m,2026-07-31 19:55:00+00:00,465.705,466.84,464.53,465.1,3720926.096508,2026-08-01,2026-08-01_000919
MSFT,5m,2026-07-31 20:00:00+00:00,464.978678,464.978678,463.71,464.15,482726.21760599996,2026-08-01,2026-08-01_000919
MSFT,5m,2026-07-31 20:05:00+00:00,463.9774,464.04,463.71,463.9933,26102.832367,2026-08-01,2026-08-01_000919
MSFT,5m,2026-07-31 20:10:00+00:00,463.88,464.26,463.81,463.9,31550.224219,2026-08-01,2026-08-01_000919
MSFT,5m,2026-07-31 20:15:00+00:00,463.9,464.0,463.82,463.83,12167.864557,2026-08-01,2026-08-01_000919
MSFT,5m,2026-07-31 20:20:00+00:00,463.81,463.88,463.81,463.81,8117.570824,2026-08-01,2026-08-01_000919
MSFT,5m,2026-07-31 20:25:00+00:00,463.81,463.81,463.05,463.31,12826.93283,2026-08-01,2026-08-01_000919
MSFT,5m,2026-07-31 20:30:00+00:00,463.29,463.98,463.25,463.94,12714.87997,2026-08-01,2026-08-01_000919
MSFT,5m,2026-07-31 20:35:00+00:00,463.97,464.72,463.64,464.3008,67709.40448,2026-08-01,2026-08-01_000919
MSFT,5m,2026-07-31 20:40:00+00:00,464.37,464.41,464.07,464.38,6641.9232600000005,2026-08-01,2026-08-01_000919
MSFT,5m,2026-07-31 20:45:00+00:00,464.3645,464.49,464.35,464.46,11091.144178,2026-08-01,2026-08-01_000919
MSFT,5m,2026-07-31 20:50:00+00:00,464.41,464.46,463.5144,463.7355,9930.941252,2026-08-01,2026-08-01_000919
MSFT,5m,2026-07-31 20:55:00+00:00,463.75,464.0,463.65,463.67,15421.769763,2026-08-01,2026-08-01_000919
MSFT,5m,2026-07-31 21:00:00+00:00,463.66,463.72,463.5,463.53,5283.096414,2026-08-01,2026-08-01_000919
MSFT,5m,2026-07-31 21:05:00+00:00,463.53,463.6001,463.53,463.53,6013.021602000001,2026-08-01,2026-08-01_000919
MSFT,5m,2026-07-31 21:10:00+00:00,463.56,463.59,463.2,463.2,4685.329981,2026-08-01,2026-08-01_000919
MSFT,5m,2026-07-31 21:15:00+00:00,463.2,463.2,463.0,463.06,10311.538844,2026-08-01,2026-08-01_000919
MSFT,5m,2026-07-31 21:20:00+00:00,463.153,463.1663,463.06,463.16,6632.319589999999,2026-08-01,2026-08-01_000919
MSFT,5m,2026-07-31 21:25:00+00:00,463.13,463.15,462.5,462.5106,10081.695044999999,2026-08-01,2026-08-01_000919
MSFT,5m,2026-07-31 21:30:00+00:00,462.55,462.7,462.508,462.61,11068.687167,2026-08-01,2026-08-01_000919
MSFT,5m,2026-07-31 21:35:00+00:00,462.52,462.52,462.21,462.3,11072.439693,2026-08-01,2026-08-01_000919
MSFT,5m,2026-07-31 21:40:00+00:00,462.31,462.4,462.14,462.14,6897.469611,2026-08-01,2026-08-01_000919
MSFT,5m,2026-07-31 21:45:00+00:00,462.16,462.16,461.67,461.74,3342.97185,2026-08-01,2026-08-01_000919
MSFT,5m,2026-07-31 21:50:00+00:00,461.75,461.93,461.6013,461.93,5774.202466000001,2026-08-01,2026-08-01_000919
MSFT,5m,2026-07-31 21:55:00+00:00,461.97,461.97,461.5708,461.61,2282.23117,2026-08-01,2026-08-01_000919
MSFT,5m,2026-07-31 22:00:00+00:00,461.5827,461.88,461.58,461.7464,3280.698445,2026-08-01,2026-08-01_000919
MSFT,5m,2026-07-31 22:05:00+00:00,461.62,461.75,461.53,461.53,3876.474196,2026-08-01,2026-08-01_000919
MSFT,5m,2026-07-31 22:10:00+00:00,461.74,462.01,461.68,461.72,7091.478044,2026-08-01,2026-08-01_000919
MSFT,5m,2026-07-31 22:15:00+00:00,461.59,461.59,461.5,461.53,6562.802,2026-08-01,2026-08-01_000919
MSFT,5m,2026-07-31 22:20:00+00:00,461.3308,461.53,461.3308,461.5,2582.3065,2026-08-01,2026-08-01_000919
MSFT,5m,2026-07-31 22:25:00+00:00,461.8,461.82,461.3,461.3,1905.519767,2026-08-01,2026-08-01_000919
MSFT,5m,2026-07-31 22:30:00+00:00,461.5,461.5,461.0,461.01,14827.640557,2026-08-01,2026-08-01_000919
MSFT,5m,2026-07-31 22:35:00+00:00,461.1,461.45,461.05,461.08,6086.884148,2026-08-01,2026-08-01_000919
MSFT,5m,2026-07-31 22:40:00+00:00,461.05,461.2,461.02,461.1163,1448.044941,2026-08-01,2026-08-01_000919
MSFT,5m,2026-07-31 22:45:00+00:00,461.2686,461.2686,460.875,460.92,2340.398635,2026-08-01,2026-08-01_000919
MSFT,5m,2026-07-31 22:50:00+00:00,460.83,461.0,460.65,460.8,4262.076377,2026-08-01,2026-08-01_000919
MSFT,5m,2026-07-31 22:55:00+00:00,460.9,461.26,460.9,461.26,2081.286961,2026-08-01,2026-08-01_000919
MSFT,5m,2026-07-31 23:00:00+00:00,461.0027,461.37,461.0027,461.1,8442.389253000001,2026-08-01,2026-08-01_000919
MSFT,5m,2026-07-31 23:05:00+00:00,461.1426,461.5,461.1,461.5,1370.1192230000001,2026-08-01,2026-08-01_000919
MSFT,5m,2026-07-31 23:10:00+00:00,461.5,461.75,461.5,461.6,2648.5186189999995,2026-08-01,2026-08-01_000919
MSFT,5m,2026-07-31 23:15:00+00:00,461.69,461.69,461.4,461.45,2568.351464,2026-08-01,2026-08-01_000919
MSFT,5m,2026-07-31 23:20:00+00:00,461.36,461.4,461.3,461.39,1987.532398,2026-08-01,2026-08-01_000919
MSFT,5m,2026-07-31 23:25:00+00:00,461.47,461.61,461.45,461.45,3601.8101269999997,2026-08-01,2026-08-01_000919
MSFT,5m,2026-07-31 23:30:00+00:00,461.4,461.54,461.4,461.54,1306.090338,2026-08-01,2026-08-01_000919
MSFT,5m,2026-07-31 23:35:00+00:00,461.4,461.58,461.4,461.57,1741.804777,2026-08-01,2026-08-01_000919
MSFT,5m,2026-07-31 23:40:00+00:00,461.58,461.88,461.58,461.88,2088.641009,2026-08-01,2026-08-01_000919
MSFT,5m,2026-07-31 23:45:00+00:00,461.8,461.88,461.6,461.6224,3079.237752,2026-08-01,2026-08-01_000919
MSFT,5m,2026-07-31 23:50:00+00:00,461.74,461.9,461.7,461.7286,2527.145071,2026-08-01,2026-08-01_000919
MSFT,5m,2026-07-31 23:55:00+00:00,461.7357,462.0,461.7357,461.81,6190.645246,2026-08-01,2026-08-01_000919
AMZN,5m,2026-07-31 08:00:00+00:00,259.54,262.0,259.54,261.89,93997.930887,2026-08-01,2026-08-01_000919
AMZN,5m,2026-07-31 08:05:00+00:00,261.9,264.0,261.9,263.75,100339.77455599999,2026-08-01,2026-08-01_000919
AMZN,5m,2026-07-31 08:10:00+00:00,263.68,264.76,263.15,264.6,70148.773693,2026-08-01,2026-08-01_000919
AMZN,5m,2026-07-31 08:15:00+00:00,264.5536,264.82,264.55,264.6406,78917.999519,2026-08-01,2026-08-01_000919
AMZN,5m,2026-07-31 08:20:00+00:00,264.1,264.5861,263.9896,264.0,40148.379243999996,2026-08-01,2026-08-01_000919
AMZN,5m,2026-07-31 08:25:00+00:00,264.1,264.3791,264.0,264.0,17764.637026999997,2026-08-01,2026-08-01_000919
AMZN,5m,2026-07-31 08:30:00+00:00,264.0,264.4515,263.95,264.06,35473.261203,2026-08-01,2026-08-01_000919
AMZN,5m,2026-07-31 08:35:00+00:00,264.0,264.0053,263.25,263.59,43932.432574,2026-08-01,2026-08-01_000919
AMZN,5m,2026-07-31 08:40:00+00:00,263.5,264.0,263.5,263.9,40818.344808999995,2026-08-01,2026-08-01_000919
AMZN,5m,2026-07-31 08:45:00+00:00,263.68,264.3,263.5,264.0165,42300.156898999994,2026-08-01,2026-08-01_000919
AMZN,5m,2026-07-31 08:50:00+00:00,264.0,264.4,264.0,264.0,25080.696279,2026-08-01,2026-08-01_000919
AMZN,5m,2026-07-31 08:55:00+00:00,264.0,264.15,263.64,263.78,32536.935278999998,2026-08-01,2026-08-01_000919
AMZN,5m,2026-07-31 09:00:00+00:00,263.75,263.822,263.02,263.62,39264.584199,2026-08-01,2026-08-01_000919
AMZN,5m,2026-07-31 09:05:00+00:00,263.61,264.34,263.61,264.2,55470.586362999995,2026-08-01,2026-08-01_000919
AMZN,5m,2026-07-31 09:10:00+00:00,264.17,264.2,264.0,264.0,10325.754283,2026-08-01,2026-08-01_000919
AMZN,5m,2026-07-31 09:15:00+00:00,264.15,264.15,264.0,264.0065,26678.240755,2026-08-01,2026-08-01_000919
AMZN,5m,2026-07-31 09:20:00+00:00,263.98,264.5,263.98,264.45,27651.137223,2026-08-01,2026-08-01_000919
AMZN,5m,2026-07-31 09:25:00+00:00,264.5,265.67,264.3761,264.3761,134529.995298,2026-08-01,2026-08-01_000919
AMZN,5m,2026-07-31 09:30:00+00:00,264.5,264.53,264.0,264.0,36618.288931999996,2026-08-01,2026-08-01_000919
AMZN,5m,2026-07-31 09:35:00+00:00,263.64,264.4,263.52,264.07,19876.387954,2026-08-01,2026-08-01_000919
AMZN,5m,2026-07-31 09:40:00+00:00,264.4,264.4,264.0,264.1,15282.655048,2026-08-01,2026-08-01_000919
AMZN,5m,2026-07-31 09:45:00+00:00,264.15,264.9,264.01,264.38,28326.071168,2026-08-01,2026-08-01_000919
AMZN,5m,2026-07-31 09:50:00+00:00,264.49,264.72,264.02,264.57,26563.205074999998,2026-08-01,2026-08-01_000919
AMZN,5m,2026-07-31 09:55:00+00:00,264.72,264.9,264.4,264.67,23311.781799,2026-08-01,2026-08-01_000919
AMZN,5m,2026-07-31 10:00:00+00:00,264.6,265.7,264.5,265.5,49841.197148,2026-08-01,2026-08-01_000919
AMZN,5m,2026-07-31 10:05:00+00:00,265.49,266.37,265.41,265.71,66198.980997,2026-08-01,2026-08-01_000919
AMZN,5m,2026-07-31 10:10:00+00:00,265.7,266.58,265.6028,266.28,36525.059928999995,2026-08-01,2026-08-01_000919
AMZN,5m,2026-07-31 10:15:00+00:00,266.26,266.29,266.0,266.0,21800.714634,2026-08-01,2026-08-01_000919
AMZN,5m,2026-07-31 10:20:00+00:00,266.0,266.5,266.0,266.0,20294.435453,2026-08-01,2026-08-01_000919
AMZN,5m,2026-07-31 10:25:00+00:00,266.06,266.28,265.3,265.79,19405.131112000003,2026-08-01,2026-08-01_000919
AMZN,5m,2026-07-31 10:30:00+00:00,265.69,266.61,265.6,266.61,57718.51551700001,2026-08-01,2026-08-01_000919
AMZN,5m,2026-07-31 10:35:00+00:00,266.69,266.69,266.0532,266.54,33834.393672,2026-08-01,2026-08-01_000919
AMZN,5m,2026-07-31 10:40:00+00:00,266.4,266.4,265.11,265.7,67392.833617,2026-08-01,2026-08-01_000919
AMZN,5m,2026-07-31 10:45:00+00:00,265.63,265.69,264.8,265.0,37074.673704,2026-08-01,2026-08-01_000919
AMZN,5m,2026-07-31 10:50:00+00:00,264.3,264.9308,264.3,264.56,21520.815496,2026-08-01,2026-08-01_000919
AMZN,5m,2026-07-31 10:55:00+00:00,264.56,264.6,262.5,262.5,77748.69862400001,2026-08-01,2026-08-01_000919
AMZN,5m,2026-07-31 11:00:00+00:00,262.55,263.0,261.08,262.33,251347.77495599998,2026-08-01,2026-08-01_000919
AMZN,5m,2026-07-31 11:05:00+00:00,262.45,262.9,261.99,262.838,125670.921395,2026-08-01,2026-08-01_000919
AMZN,5m,2026-07-31 11:10:00+00:00,262.82,262.82,261.07,261.7525,112221.560187,2026-08-01,2026-08-01_000919
AMZN,5m,2026-07-31 11:15:00+00:00,261.99,262.25,261.5,262.07,82195.19042900001,2026-08-01,2026-08-01_000919
AMZN,5m,2026-07-31 11:20:00+00:00,262.25,262.489,261.7,262.3503,48779.86514499999,2026-08-01,2026-08-01_000919
AMZN,5m,2026-07-31 11:25:00+00:00,262.33,262.9,261.01,261.328,210539.51092099998,2026-08-01,2026-08-01_000919
AMZN,5m,2026-07-31 11:30:00+00:00,261.32,261.59,260.28,261.3,103459.046774,2026-08-01,2026-08-01_000919
AMZN,5m,2026-07-31 11:35:00+00:00,260.98,262.52,260.98,261.9,115965.59612100001,2026-08-01,2026-08-01_000919
AMZN,5m,2026-07-31 11:40:00+00:00,261.86,263.0,261.7,262.9552,92972.645689,2026-08-01,2026-08-01_000919
AMZN,5m,2026-07-31 11:45:00+00:00,262.9768,263.3,262.25,262.9872,89431.81734100002,2026-08-01,2026-08-01_000919
AMZN,5m,2026-07-31 11:50:00+00:00,262.99,263.18,262.75,263.07,65395.721011,2026-08-01,2026-08-01_000919
AMZN,5m,2026-07-31 11:55:00+00:00,263.15,263.5,262.8,263.0,256774.876587,2026-08-01,2026-08-01_000919
AMZN,5m,2026-07-31 12:00:00+00:00,263.0,263.16,261.41,261.41,96560.22756900001,2026-08-01,2026-08-01_000919
AMZN,5m,2026-07-31 12:05:00+00:00,261.6,261.9,261.37,261.49,47498.824414999995,2026-08-01,2026-08-01_000919
AMZN,5m,2026-07-31 12:10:00+00:00,261.4217,261.53,260.51,260.7,93348.551995,2026-08-01,2026-08-01_000919
AMZN,5m,2026-07-31 12:15:00+00:00,260.7,261.0,260.5,260.74,92978.69292600002,2026-08-01,2026-08-01_000919
AMZN,5m,2026-07-31 12:20:00+00:00,260.6,260.95,260.22,260.95,76022.683408,2026-08-01,2026-08-01_000919
AMZN,5m,2026-07-31 12:25:00+00:00,260.85,260.9206,260.03,260.21,102577.631879,2026-08-01,2026-08-01_000919
AMZN,5m,2026-07-31 12:30:00+00:00,260.2283,261.0,259.7617,259.92,540643.0964919999,2026-08-01,2026-08-01_000919
AMZN,5m,2026-07-31 12:35:00+00:00,259.98,260.33,259.55,259.6345,84087.083143,2026-08-01,2026-08-01_000919
AMZN,5m,2026-07-31 12:40:00+00:00,259.573,260.0,259.1,259.73,73352.898111,2026-08-01,2026-08-01_000919
AMZN,5m,2026-07-31 12:45:00+00:00,259.9736,260.35,259.51,260.0,91795.45839700001,2026-08-01,2026-08-01_000919
AMZN,5m,2026-07-31 12:50:00+00:00,260.38,261.35,260.0,261.1,86082.461692,2026-08-01,2026-08-01_000919
AMZN,5m,2026-07-31 12:55:00+00:00,261.0987,261.32,260.02,261.15,94209.567563,2026-08-01,2026-08-01_000919
AMZN,5m,2026-07-31 13:00:00+00:00,261.24,262.9,261.0,262.75,176794.465724,2026-08-01,2026-08-01_000919
AMZN,5m,2026-07-31 13:05:00+00:00,262.7541,263.18,262.5,262.6,178210.893989,2026-08-01,2026-08-01_000919
AMZN,5m,2026-07-31 13:10:00+00:00,262.5548,263.23,262.51,262.92,128440.650481,2026-08-01,2026-08-01_000919
AMZN,5m,2026-07-31 13:15:00+00:00,262.9045,265.23,262.25,265.0,507465.15166,2026-08-01,2026-08-01_000919
AMZN,5m,2026-07-31 13:20:00+00:00,264.88,265.95,264.8,265.5,487535.75474899996,2026-08-01,2026-08-01_000919
AMZN,5m,2026-07-31 13:25:00+00:00,265.5,266.5,263.0,265.05,583422.99604,2026-08-01,2026-08-01_000919
AMZN,5m,2026-07-31 13:30:00+00:00,265.0,268.63,262.01,267.79,9449906.607646,2026-08-01,2026-08-01_000919
AMZN,5m,2026-07-31 13:35:00+00:00,267.75,269.46,266.83,268.28,5046078.121333,2026-08-01,2026-08-01_000919
AMZN,5m,2026-07-31 13:40:00+00:00,268.278026,268.85,265.38,266.08,3735404.7974360003,2026-08-01,2026-08-01_000919
AMZN,5m,2026-07-31 13:45:00+00:00,266.08,268.58,265.38,267.755,2669642.6828940003,2026-08-01,2026-08-01_000919
AMZN,5m,2026-07-31 13:50:00+00:00,267.7012,268.97,267.2,267.7213,2354437.0955809997,2026-08-01,2026-08-01_000919
AMZN,5m,2026-07-31 13:55:00+00:00,267.79,269.99,267.63,269.16,3228969.877978,2026-08-01,2026-08-01_000919
AMZN,5m,2026-07-31 14:00:00+00:00,269.14,270.94,269.03,269.76,4042487.2231390006,2026-08-01,2026-08-01_000919
AMZN,5m,2026-07-31 14:05:00+00:00,269.76,269.77,267.3,268.205,3347717.5950450003,2026-08-01,2026-08-01_000919
AMZN,5m,2026-07-31 14:10:00+00:00,268.16,268.97,267.54,268.03,2471836.0017859996,2026-08-01,2026-08-01_000919
AMZN,5m,2026-07-31 14:15:00+00:00,268.11,269.52,268.0,268.46,1788157.688401,2026-08-01,2026-08-01_000919
AMZN,5m,2026-07-31 14:20:00+00:00,268.43,268.71,266.91,268.45,1578229.029191,2026-08-01,2026-08-01_000919
AMZN,5m,2026-07-31 14:25:00+00:00,268.5,270.25,268.43,269.61,2563730.135845,2026-08-01,2026-08-01_000919
AMZN,5m,2026-07-31 14:30:00+00:00,269.6,272.04,269.58,271.655,3082095.067288,2026-08-01,2026-08-01_000919
AMZN,5m,2026-07-31 14:35:00+00:00,271.655,271.86,270.61,270.61,1558928.6526409998,2026-08-01,2026-08-01_000919
AMZN,5m,2026-07-31 14:40:00+00:00,270.61,271.5295,270.25,271.315,1393834.1098599997,2026-08-01,2026-08-01_000919
AMZN,5m,2026-07-31 14:45:00+00:00,271.3,271.65,270.72,270.99,1365664.962527,2026-08-01,2026-08-01_000919
AMZN,5m,2026-07-31 14:50:00+00:00,270.99,271.61,270.8303,271.1403,1481768.527276,2026-08-01,2026-08-01_000919
AMZN,5m,2026-07-31 14:55:00+00:00,271.17,271.4,270.64,270.81,1596266.2128939999,2026-08-01,2026-08-01_000919
AMZN,5m,2026-07-31 15:00:00+00:00,270.81,271.354,270.03,270.12,1063194.425558,2026-08-01,2026-08-01_000919
AMZN,5m,2026-07-31 15:05:00+00:00,270.12,270.649,269.81,270.05,970895.868119,2026-08-01,2026-08-01_000919
AMZN,5m,2026-07-31 15:10:00+00:00,270.055,271.85,270.03,271.61,1291651.8887749999,2026-08-01,2026-08-01_000919
AMZN,5m,2026-07-31 15:15:00+00:00,271.66,271.99,270.24,270.44,1086900.966687,2026-08-01,2026-08-01_000919
AMZN,5m,2026-07-31 15:20:00+00:00,270.435,270.84,269.95,270.07,690041.502817,2026-08-01,2026-08-01_000919
AMZN,5m,2026-07-31 15:25:00+00:00,270.0514,270.0514,267.365,267.4,1434892.716385,2026-08-01,2026-08-01_000919
AMZN,5m,2026-07-31 15:30:00+00:00,267.4,267.73,266.56,267.005,2393772.39591,2026-08-01,2026-08-01_000919
AMZN,5m,2026-07-31 15:35:00+00:00,267.005,267.1,266.32,266.59,973770.801429,2026-08-01,2026-08-01_000919
AMZN,5m,2026-07-31 15:40:00+00:00,266.59,267.02,266.47,266.79,858257.314172,2026-08-01,2026-08-01_000919
AMZN,5m,2026-07-31 15:45:00+00:00,266.78,267.38,266.625,267.251,857013.233073,2026-08-01,2026-08-01_000919
AMZN,5m,2026-07-31 15:50:00+00:00,267.3,269.0587,267.2501,268.115,1218729.658688,2026-08-01,2026-08-01_000919
AMZN,5m,2026-07-31 15:55:00+00:00,268.1002,269.13,267.9,268.89,792558.012988,2026-08-01,2026-08-01_000919
AMZN,5m,2026-07-31 16:00:00+00:00,268.86,270.2,268.845,269.95,1107488.421142,2026-08-01,2026-08-01_000919
AMZN,5m,2026-07-31 16:05:00+00:00,269.95,270.34,269.29,269.74,1480811.492694,2026-08-01,2026-08-01_000919
AMZN,5m,2026-07-31 16:10:00+00:00,269.74,270.9,269.7,270.7651,1064845.827236,2026-08-01,2026-08-01_000919
AMZN,5m,2026-07-31 16:15:00+00:00,270.765,271.4,270.25,270.373,939115.920696,2026-08-01,2026-08-01_000919
AMZN,5m,2026-07-31 16:20:00+00:00,270.385,271.54,270.35,271.4184,761952.301218,2026-08-01,2026-08-01_000919
AMZN,5m,2026-07-31 16:25:00+00:00,271.43,271.49,270.7707,270.795,635061.516256,2026-08-01,2026-08-01_000919
AMZN,5m,2026-07-31 16:30:00+00:00,270.81,271.25,270.5073,271.2,750521.9723779999,2026-08-01,2026-08-01_000919
AMZN,5m,2026-07-31 16:35:00+00:00,271.1956,271.44,270.42,270.55,571264.188769,2026-08-01,2026-08-01_000919
AMZN,5m,2026-07-31 16:40:00+00:00,270.54,270.88,270.5,270.72,560705.395108,2026-08-01,2026-08-01_000919
AMZN,5m,2026-07-31 16:45:00+00:00,270.72,270.84,270.54,270.625,438693.77740400005,2026-08-01,2026-08-01_000919
AMZN,5m,2026-07-31 16:50:00+00:00,270.62,271.55,270.5901,271.17,897688.177238,2026-08-01,2026-08-01_000919
AMZN,5m,2026-07-31 16:55:00+00:00,271.1701,271.265,270.89,271.065,542330.670457,2026-08-01,2026-08-01_000919
AMZN,5m,2026-07-31 17:00:00+00:00,271.065,271.44,271.05,271.09,496280.8608980001,2026-08-01,2026-08-01_000919
AMZN,5m,2026-07-31 17:05:00+00:00,271.1,271.39,270.8801,270.96,656721.557474,2026-08-01,2026-08-01_000919
AMZN,5m,2026-07-31 17:10:00+00:00,270.95,271.05,269.91,269.97,773029.808762,2026-08-01,2026-08-01_000919
AMZN,5m,2026-07-31 17:15:00+00:00,269.97,270.2743,269.68,269.93,626697.593012,2026-08-01,2026-08-01_000919
AMZN,5m,2026-07-31 17:20:00+00:00,269.93,271.29,269.9201,271.155,838956.1745089999,2026-08-01,2026-08-01_000919
AMZN,5m,2026-07-31 17:25:00+00:00,271.1305,271.48,271.03,271.31,456070.65650599997,2026-08-01,2026-08-01_000919
AMZN,5m,2026-07-31 17:30:00+00:00,271.32,271.3475,270.71,271.125,680893.286821,2026-08-01,2026-08-01_000919
AMZN,5m,2026-07-31 17:35:00+00:00,271.12,271.14,270.6045,270.625,469442.45173100004,2026-08-01,2026-08-01_000919
AMZN,5m,2026-07-31 17:40:00+00:00,270.63,270.81,270.2,270.745,512593.28967900004,2026-08-01,2026-08-01_000919
AMZN,5m,2026-07-31 17:45:00+00:00,270.76,271.225,270.58,270.635,484114.871187,2026-08-01,2026-08-01_000919
AMZN,5m,2026-07-31 17:50:00+00:00,270.64,270.8,270.5,270.7599,394679.393148,2026-08-01,2026-08-01_000919
AMZN,5m,2026-07-31 17:55:00+00:00,270.73,270.93,270.5,270.55,451254.05247,2026-08-01,2026-08-01_000919
AMZN,5m,2026-07-31 18:00:00+00:00,270.56,271.25,270.54,271.05,634962.464498,2026-08-01,2026-08-01_000919
AMZN,5m,2026-07-31 18:05:00+00:00,271.05,271.46,271.0001,271.288,541582.339655,2026-08-01,2026-08-01_000919
AMZN,5m,2026-07-31 18:10:00+00:00,271.3,271.65,271.14,271.555,578397.677274,2026-08-01,2026-08-01_000919
AMZN,5m,2026-07-31 18:15:00+00:00,271.54,271.59,271.32,271.57,464407.93137199996,2026-08-01,2026-08-01_000919
AMZN,5m,2026-07-31 18:20:00+00:00,271.56,271.75,271.23,271.43,660001.917915,2026-08-01,2026-08-01_000919
AMZN,5m,2026-07-31 18:25:00+00:00,271.44,271.51,270.69,270.78,461854.177627,2026-08-01,2026-08-01_000919
AMZN,5m,2026-07-31 18:30:00+00:00,270.7784,271.19,270.5727,270.69,718020.312246,2026-08-01,2026-08-01_000919
AMZN,5m,2026-07-31 18:35:00+00:00,270.69,270.91,270.6268,270.7218,359623.313248,2026-08-01,2026-08-01_000919
AMZN,5m,2026-07-31 18:40:00+00:00,270.735,270.86,270.51,270.77,419178.558168,2026-08-01,2026-08-01_000919
AMZN,5m,2026-07-31 18:45:00+00:00,270.78,271.47,270.75,271.44,554788.550258,2026-08-01,2026-08-01_000919
AMZN,5m,2026-07-31 18:50:00+00:00,271.4432,271.88,271.32,271.375,963962.375628,2026-08-01,2026-08-01_000919
AMZN,5m,2026-07-31 18:55:00+00:00,271.375,271.85,271.34,271.68,843734.27842,2026-08-01,2026-08-01_000919
AMZN,5m,2026-07-31 19:00:00+00:00,271.68,271.71,271.2097,271.43,894545.9736619999,2026-08-01,2026-08-01_000919
AMZN,5m,2026-07-31 19:05:00+00:00,271.44,271.605,271.14,271.59,747400.8153509999,2026-08-01,2026-08-01_000919
AMZN,5m,2026-07-31 19:10:00+00:00,271.57,271.57,271.18,271.26,704531.752358,2026-08-01,2026-08-01_000919
AMZN,5m,2026-07-31 19:15:00+00:00,271.26,271.47,271.03,271.39,1165391.257886,2026-08-01,2026-08-01_000919
AMZN,5m,2026-07-31 19:20:00+00:00,271.39,271.55,271.08,271.37,798883.5932270001,2026-08-01,2026-08-01_000919
AMZN,5m,2026-07-31 19:25:00+00:00,271.375,272.36,271.27,271.822,1770799.283323,2026-08-01,2026-08-01_000919
AMZN,5m,2026-07-31 19:30:00+00:00,271.83,272.72,271.59,271.705,1873506.708267,2026-08-01,2026-08-01_000919
AMZN,5m,2026-07-31 19:35:00+00:00,271.72,272.23,271.4001,271.555,1123612.9837159999,2026-08-01,2026-08-01_000919
AMZN,5m,2026-07-31 19:40:00+00:00,271.54,271.5695,271.035,271.42,1037136.4570589999,2026-08-01,2026-08-01_000919
AMZN,5m,2026-07-31 19:45:00+00:00,271.42,272.18,271.33,271.7563,1120776.265775,2026-08-01,2026-08-01_000919
AMZN,5m,2026-07-31 19:50:00+00:00,271.72,273.23,271.71,272.465,2893847.3711389997,2026-08-01,2026-08-01_000919
AMZN,5m,2026-07-31 19:55:00+00:00,272.47,272.5,271.07,271.57,4149551.495458,2026-08-01,2026-08-01_000919
AMZN,5m,2026-07-31 20:00:00+00:00,271.53,272.87,271.1,271.45,499903.143467,2026-08-01,2026-08-01_000919
AMZN,5m,2026-07-31 20:05:00+00:00,271.48,271.55,270.93,271.2,134807.878309,2026-08-01,2026-08-01_000919
AMZN,5m,2026-07-31 20:10:00+00:00,271.1999,271.5,271.01,271.04,48692.845642,2026-08-01,2026-08-01_000919
AMZN,5m,2026-07-31 20:15:00+00:00,270.93,271.2,270.83,271.1002,24572.775355,2026-08-01,2026-08-01_000919
AMZN,5m,2026-07-31 20:20:00+00:00,271.1,271.1676,271.0,271.12,15077.347782,2026-08-01,2026-08-01_000919
AMZN,5m,2026-07-31 20:25:00+00:00,271.58,271.58,270.85,271.0288,26441.873948000004,2026-08-01,2026-08-01_000919
AMZN,5m,2026-07-31 20:30:00+00:00,271.0,271.34,271.0,271.34,14257.419789,2026-08-01,2026-08-01_000919
AMZN,5m,2026-07-31 20:35:00+00:00,271.32,271.34,270.89,271.0,21393.790107,2026-08-01,2026-08-01_000919
AMZN,5m,2026-07-31 20:40:00+00:00,271.0,271.1,271.0,271.04,10581.847311,2026-08-01,2026-08-01_000919
AMZN,5m,2026-07-31 20:45:00+00:00,271.05,271.4,270.99,271.0958,38570.500167,2026-08-01,2026-08-01_000919
AMZN,5m,2026-07-31 20:50:00+00:00,271.12,271.24,270.67,270.67,16582.46315,2026-08-01,2026-08-01_000919
AMZN,5m,2026-07-31 20:55:00+00:00,270.7228,270.98,270.6,270.77,36698.606243,2026-08-01,2026-08-01_000919
AMZN,5m,2026-07-31 21:00:00+00:00,270.88,270.95,270.75,270.8,22182.553591999997,2026-08-01,2026-08-01_000919
AMZN,5m,2026-07-31 21:05:00+00:00,270.81,270.8819,270.71,270.71,10003.36375,2026-08-01,2026-08-01_000919
AMZN,5m,2026-07-31 21:10:00+00:00,270.8,270.98,270.8,270.8701,5849.550398,2026-08-01,2026-08-01_000919
AMZN,5m,2026-07-31 21:15:00+00:00,270.8829,270.93,270.8189,270.87,13307.173533,2026-08-01,2026-08-01_000919
AMZN,5m,2026-07-31 21:20:00+00:00,270.87,270.89,270.87,270.8702,11625.651464,2026-08-01,2026-08-01_000919
AMZN,5m,2026-07-31 21:25:00+00:00,270.8814,271.05,270.88,270.93,13085.221810000001,2026-08-01,2026-08-01_000919
AMZN,5m,2026-07-31 21:30:00+00:00,270.9497,271.0,270.91,270.9849,8622.210349,2026-08-01,2026-08-01_000919
AMZN,5m,2026-07-31 21:35:00+00:00,270.9011,270.9093,270.63,270.65,23975.216206999998,2026-08-01,2026-08-01_000919
AMZN,5m,2026-07-31 21:40:00+00:00,270.6548,270.7,270.65,270.67,4482.371168,2026-08-01,2026-08-01_000919
AMZN,5m,2026-07-31 21:45:00+00:00,270.68,270.7336,270.43,270.43,18443.494085,2026-08-01,2026-08-01_000919
AMZN,5m,2026-07-31 21:50:00+00:00,270.429,270.5,270.2,270.2222,9747.156527000001,2026-08-01,2026-08-01_000919
AMZN,5m,2026-07-31 21:55:00+00:00,270.14,270.3,270.03,270.1911,9897.078417,2026-08-01,2026-08-01_000919
AMZN,5m,2026-07-31 22:00:00+00:00,270.0558,270.26,270.0558,270.1555,4829.026011,2026-08-01,2026-08-01_000919
AMZN,5m,2026-07-31 22:05:00+00:00,270.2,270.5,270.13,270.24,15585.360889,2026-08-01,2026-08-01_000919
AMZN,5m,2026-07-31 22:10:00+00:00,270.23,270.23,270.15,270.15,9900.820948,2026-08-01,2026-08-01_000919
AMZN,5m,2026-07-31 22:15:00+00:00,270.169,270.19,269.8,270.0,28854.963354000003,2026-08-01,2026-08-01_000919
AMZN,5m,2026-07-31 22:20:00+00:00,270.0,270.23,269.91,270.12,8458.697957,2026-08-01,2026-08-01_000919
AMZN,5m,2026-07-31 22:25:00+00:00,270.1239,270.49,270.1,270.4,5235.368578,2026-08-01,2026-08-01_000919
AMZN,5m,2026-07-31 22:30:00+00:00,270.257,270.35,270.2101,270.2101,2630.426016,2026-08-01,2026-08-01_000919
AMZN,5m,2026-07-31 22:35:00+00:00,270.2726,270.38,270.21,270.31,1957.591621,2026-08-01,2026-08-01_000919
AMZN,5m,2026-07-31 22:40:00+00:00,270.3501,270.4092,270.2706,270.2706,3212.2611450000004,2026-08-01,2026-08-01_000919
AMZN,5m,2026-07-31 22:45:00+00:00,270.2515,270.48,270.01,270.48,6784.680305,2026-08-01,2026-08-01_000919
AMZN,5m,2026-07-31 22:50:00+00:00,270.2491,270.3,270.23,270.3,2481.5278630000003,2026-08-01,2026-08-01_000919
AMZN,5m,2026-07-31 22:55:00+00:00,270.35,270.49,270.2,270.306,5177.10829,2026-08-01,2026-08-01_000919
AMZN,5m,2026-07-31 23:00:00+00:00,270.27,270.4,270.2579,270.3,1395.128241,2026-08-01,2026-08-01_000919
AMZN,5m,2026-07-31 23:05:00+00:00,270.31,270.31,270.1206,270.2593,5968.242185,2026-08-01,2026-08-01_000919
AMZN,5m,2026-07-31 23:10:00+00:00,270.26,270.48,270.21,270.2643,3312.291772,2026-08-01,2026-08-01_000919
AMZN,5m,2026-07-31 23:15:00+00:00,270.29,270.36,270.26,270.35,2886.5704880000003,2026-08-01,2026-08-01_000919
AMZN,5m,2026-07-31 23:20:00+00:00,270.34,270.35,270.22,270.35,5493.085971,2026-08-01,2026-08-01_000919
AMZN,5m,2026-07-31 23:25:00+00:00,270.34,270.35,270.2282,270.3456,2809.264626,2026-08-01,2026-08-01_000919
AMZN,5m,2026-07-31 23:30:00+00:00,270.26,270.3499,270.25,270.3,4136.597463,2026-08-01,2026-08-01_000919
AMZN,5m,2026-07-31 23:35:00+00:00,270.29,270.29,270.23,270.23,2416.363715,2026-08-01,2026-08-01_000919
AMZN,5m,2026-07-31 23:40:00+00:00,270.274,270.274,270.221,270.24,2828.634086,2026-08-01,2026-08-01_000919
AMZN,5m,2026-07-31 23:45:00+00:00,270.23,270.255,269.85,270.1995,30943.658240999994,2026-08-01,2026-08-01_000919
AMZN,5m,2026-07-31 23:50:00+00:00,270.2,270.29,270.0,270.07,8499.702932,2026-08-01,2026-08-01_000919
AMZN,5m,2026-07-31 23:55:00+00:00,270.1,270.35,270.1,270.32,12531.149493,2026-08-01,2026-08-01_000919
META,5m,2026-07-31 08:00:00+00:00,548.6,555.57,547.2,555.57,31442.453008000004,2026-08-01,2026-08-01_000919
META,5m,2026-07-31 08:05:00+00:00,555.05,556.68,552.0,552.71,19860.466328,2026-08-01,2026-08-01_000919
META,5m,2026-07-31 08:10:00+00:00,553.0,553.7,552.17,552.745,7101.149614,2026-08-01,2026-08-01_000919
META,5m,2026-07-31 08:15:00+00:00,553.01,555.4,552.0,554.43,18427.171959000003,2026-08-01,2026-08-01_000919
META,5m,2026-07-31 08:20:00+00:00,553.62,554.0,553.32,553.5,3335.2485829999996,2026-08-01,2026-08-01_000919
META,5m,2026-07-31 08:25:00+00:00,553.49,553.79,552.9,553.0,4527.392563,2026-08-01,2026-08-01_000919
META,5m,2026-07-31 08:30:00+00:00,552.76,553.23,552.01,552.7,3146.0584240000003,2026-08-01,2026-08-01_000919
META,5m,2026-07-31 08:35:00+00:00,552.69,553.0,552.0,552.48,5820.5428,2026-08-01,2026-08-01_000919
META,5m,2026-07-31 08:40:00+00:00,552.84,552.84,551.99,552.11,3338.714446,2026-08-01,2026-08-01_000919
META,5m,2026-07-31 08:45:00+00:00,552.26,552.6324,552.0,552.0,4370.805996,2026-08-01,2026-08-01_000919
META,5m,2026-07-31 08:50:00+00:00,552.1184,552.1184,551.1,551.8172,3871.4583620000003,2026-08-01,2026-08-01_000919
META,5m,2026-07-31 08:55:00+00:00,551.3,552.8,551.3,552.41,5163.635552,2026-08-01,2026-08-01_000919
META,5m,2026-07-31 09:00:00+00:00,552.0,552.8,551.1,551.1,4586.734018,2026-08-01,2026-08-01_000919
META,5m,2026-07-31 09:05:00+00:00,551.88,551.88,551.15,551.5,1792.054621,2026-08-01,2026-08-01_000919
META,5m,2026-07-31 09:10:00+00:00,551.51,551.92,551.3,551.3,5160.022026,2026-08-01,2026-08-01_000919
META,5m,2026-07-31 09:15:00+00:00,551.63,551.9807,551.15,551.15,2572.5562090000003,2026-08-01,2026-08-01_000919
META,5m,2026-07-31 09:20:00+00:00,551.2,551.21,550.2756,550.56,7564.617178,2026-08-01,2026-08-01_000919
META,5m,2026-07-31 09:25:00+00:00,550.51,550.76,550.01,550.01,6399.337930000001,2026-08-01,2026-08-01_000919
META,5m,2026-07-31 09:30:00+00:00,550.0,550.25,549.47,549.89,10045.895720999999,2026-08-01,2026-08-01_000919
META,5m,2026-07-31 09:35:00+00:00,550.24,550.44,549.06,549.06,6323.970797999999,2026-08-01,2026-08-01_000919
META,5m,2026-07-31 09:40:00+00:00,549.11,549.66,548.55,548.55,5485.4524679999995,2026-08-01,2026-08-01_000919
META,5m,2026-07-31 09:45:00+00:00,548.95,549.55,548.55,549.0,4246.43733,2026-08-01,2026-08-01_000919
META,5m,2026-07-31 09:50:00+00:00,549.0,549.4,547.82,547.82,8035.070131,2026-08-01,2026-08-01_000919
META,5m,2026-07-31 09:55:00+00:00,547.85,547.85,546.05,547.26,7826.755276,2026-08-01,2026-08-01_000919
META,5m,2026-07-31 10:00:00+00:00,547.35,548.38,547.34,548.2,3188.032677,2026-08-01,2026-08-01_000919
META,5m,2026-07-31 10:05:00+00:00,548.24,548.38,547.86,547.86,3332.594563,2026-08-01,2026-08-01_000919
META,5m,2026-07-31 10:10:00+00:00,547.87,549.0,547.87,548.71,4087.487176,2026-08-01,2026-08-01_000919
META,5m,2026-07-31 10:15:00+00:00,548.99,549.5,548.5736,549.3825,4091.1133870000003,2026-08-01,2026-08-01_000919
META,5m,2026-07-31 10:20:00+00:00,549.49,549.51,549.0,549.0,2465.081995,2026-08-01,2026-08-01_000919
META,5m,2026-07-31 10:25:00+00:00,548.81,549.11,548.51,548.65,4249.815003,2026-08-01,2026-08-01_000919
META,5m,2026-07-31 10:30:00+00:00,548.65,548.83,548.23,548.66,3042.807476,2026-08-01,2026-08-01_000919
META,5m,2026-07-31 10:35:00+00:00,548.84,549.0,548.32,548.48,2470.865411,2026-08-01,2026-08-01_000919
META,5m,2026-07-31 10:40:00+00:00,548.52,548.52,547.88,548.19,7375.0899420000005,2026-08-01,2026-08-01_000919
META,5m,2026-07-31 10:45:00+00:00,548.3,548.5,547.26,547.54,4862.267511,2026-08-01,2026-08-01_000919
META,5m,2026-07-31 10:50:00+00:00,547.95,548.0,547.7585,547.9672,1282.1218959999999,2026-08-01,2026-08-01_000919
META,5m,2026-07-31 10:55:00+00:00,547.729,547.729,546.3,546.3,9279.74172,2026-08-01,2026-08-01_000919
META,5m,2026-07-31 11:00:00+00:00,546.46,546.78,544.5829,545.4411,28478.517914999997,2026-08-01,2026-08-01_000919
META,5m,2026-07-31 11:05:00+00:00,545.01,547.0,545.01,547.0,20555.844489,2026-08-01,2026-08-01_000919
META,5m,2026-07-31 11:10:00+00:00,547.25,547.25,546.5,546.5,18283.75776,2026-08-01,2026-08-01_000919
META,5m,2026-07-31 11:15:00+00:00,546.5,546.59,546.0458,546.16,16034.980815000003,2026-08-01,2026-08-01_000919
META,5m,2026-07-31 11:20:00+00:00,546.09,546.47,546.0,546.1876,6895.652921,2026-08-01,2026-08-01_000919
META,5m,2026-07-31 11:25:00+00:00,546.17,546.2,545.72,546.2,7153.652588,2026-08-01,2026-08-01_000919
META,5m,2026-07-31 11:30:00+00:00,546.33,547.8,545.173,545.7,18556.272311,2026-08-01,2026-08-01_000919
META,5m,2026-07-31 11:35:00+00:00,545.37,545.37,544.3,544.9,564011.3640599999,2026-08-01,2026-08-01_000919
META,5m,2026-07-31 11:40:00+00:00,544.82,544.9,543.11,544.0,20559.424369,2026-08-01,2026-08-01_000919
META,5m,2026-07-31 11:45:00+00:00,543.91,544.0,542.68,542.8,20916.956604,2026-08-01,2026-08-01_000919
META,5m,2026-07-31 11:50:00+00:00,542.87,543.5,542.71,543.02,7506.412541000001,2026-08-01,2026-08-01_000919
META,5m,2026-07-31 11:55:00+00:00,543.02,544.7,542.9,543.9795,8193.406245,2026-08-01,2026-08-01_000919
META,5m,2026-07-31 12:00:00+00:00,543.82,544.3036,543.3,543.75,6238.544503,2026-08-01,2026-08-01_000919
META,5m,2026-07-31 12:05:00+00:00,543.934,544.45,543.5,544.0,8087.455252,2026-08-01,2026-08-01_000919
META,5m,2026-07-31 12:10:00+00:00,543.61,544.01,543.14,543.62,8336.805029,2026-08-01,2026-08-01_000919
META,5m,2026-07-31 12:15:00+00:00,543.81,545.22,543.55,544.26,8982.969372,2026-08-01,2026-08-01_000919
META,5m,2026-07-31 12:20:00+00:00,544.7354,545.3698,543.5114,544.8456,5771.690721,2026-08-01,2026-08-01_000919
META,5m,2026-07-31 12:25:00+00:00,545.0,545.0,544.01,544.5,4820.500579,2026-08-01,2026-08-01_000919
META,5m,2026-07-31 12:30:00+00:00,544.3,545.7605,544.28,544.49,9081.575988,2026-08-01,2026-08-01_000919
META,5m,2026-07-31 12:35:00+00:00,544.37,545.0,544.22,544.2801,8437.072985,2026-08-01,2026-08-01_000919
META,5m,2026-07-31 12:40:00+00:00,544.28,544.29,544.28,544.2809,6127.990208,2026-08-01,2026-08-01_000919
META,5m,2026-07-31 12:45:00+00:00,544.28,544.29,543.04,543.28,8762.303505,2026-08-01,2026-08-01_000919
META,5m,2026-07-31 12:50:00+00:00,543.28,545.3,543.28,545.2546,7403.0053929999995,2026-08-01,2026-08-01_000919
META,5m,2026-07-31 12:55:00+00:00,544.92,545.16,544.1465,545.0,9265.199505999999,2026-08-01,2026-08-01_000919
META,5m,2026-07-31 13:00:00+00:00,545.0,546.82,544.7,546.1,12359.96549,2026-08-01,2026-08-01_000919
META,5m,2026-07-31 13:05:00+00:00,546.46,546.46,545.31,545.52,13781.398994,2026-08-01,2026-08-01_000919
META,5m,2026-07-31 13:10:00+00:00,545.65,545.8,545.2,545.4,13348.064858000002,2026-08-01,2026-08-01_000919
META,5m,2026-07-31 13:15:00+00:00,545.75,546.88,544.531,546.61,16539.110296,2026-08-01,2026-08-01_000919
META,5m,2026-07-31 13:20:00+00:00,546.61,547.74,546.2,547.1684,26424.886417,2026-08-01,2026-08-01_000919
META,5m,2026-07-31 13:25:00+00:00,547.46,549.55,543.69,543.69,53270.659099,2026-08-01,2026-08-01_000919
META,5m,2026-07-31 13:30:00+00:00,543.6,557.99,542.7,555.25,1775835.8196940003,2026-08-01,2026-08-01_000919
META,5m,2026-07-31 13:35:00+00:00,555.25,556.0,548.57,549.6,725359.1246519999,2026-08-01,2026-08-01_000919
META,5m,2026-07-31 13:40:00+00:00,549.4,551.5095,547.45,548.67,490306.36083099997,2026-08-01,2026-08-01_000919
META,5m,2026-07-31 13:45:00+00:00,548.77,549.81,545.51,546.16,469705.772717,2026-08-01,2026-08-01_000919
META,5m,2026-07-31 13:50:00+00:00,546.11,549.2099,545.6167,548.715,506348.19362200005,2026-08-01,2026-08-01_000919
META,5m,2026-07-31 13:55:00+00:00,548.71,548.9,546.25,546.2501,255248.99708400003,2026-08-01,2026-08-01_000919
META,5m,2026-07-31 14:00:00+00:00,546.375,546.7,543.21,543.76,349567.117087,2026-08-01,2026-08-01_000919
META,5m,2026-07-31 14:05:00+00:00,543.84,547.36,542.76,547.185,284210.229403,2026-08-01,2026-08-01_000919
META,5m,2026-07-31 14:10:00+00:00,547.165,547.71,543.6,545.93,339062.96334300004,2026-08-01,2026-08-01_000919
META,5m,2026-07-31 14:15:00+00:00,545.84,549.458,545.69,548.6134,338799.333495,2026-08-01,2026-08-01_000919
META,5m,2026-07-31 14:20:00+00:00,548.495,550.8,548.3301,549.49,280311.83679800003,2026-08-01,2026-08-01_000919
META,5m,2026-07-31 14:25:00+00:00,549.38,549.7,546.38,547.23,250727.13887499998,2026-08-01,2026-08-01_000919
META,5m,2026-07-31 14:30:00+00:00,547.3795,547.66,544.0,545.14,212929.539398,2026-08-01,2026-08-01_000919
META,5m,2026-07-31 14:35:00+00:00,545.085,546.58,544.0,545.81,257072.63484300004,2026-08-01,2026-08-01_000919
META,5m,2026-07-31 14:40:00+00:00,545.9,549.8899,545.5,548.825,242872.237611,2026-08-01,2026-08-01_000919
META,5m,2026-07-31 14:45:00+00:00,548.81,551.39,548.35,550.95,267318.34021600004,2026-08-01,2026-08-01_000919
META,5m,2026-07-31 14:50:00+00:00,550.86,552.41,550.34,551.85,366832.141827,2026-08-01,2026-08-01_000919
META,5m,2026-07-31 14:55:00+00:00,551.885,552.03,549.821,551.08,314368.363973,2026-08-01,2026-08-01_000919
META,5m,2026-07-31 15:00:00+00:00,551.01,553.07,550.53,551.12,366950.51419499994,2026-08-01,2026-08-01_000919
META,5m,2026-07-31 15:05:00+00:00,551.085,552.89,549.1524,549.85,280921.113557,2026-08-01,2026-08-01_000919
META,5m,2026-07-31 15:10:00+00:00,550.0,550.27,546.96,547.68,191310.935956,2026-08-01,2026-08-01_000919
META,5m,2026-07-31 15:15:00+00:00,547.485,547.71,545.31,545.87,200777.574588,2026-08-01,2026-08-01_000919
META,5m,2026-07-31 15:20:00+00:00,545.765,546.37,543.65,543.835,196189.72559,2026-08-01,2026-08-01_000919
META,5m,2026-07-31 15:25:00+00:00,543.83,544.17,540.72,540.88,381691.774624,2026-08-01,2026-08-01_000919
META,5m,2026-07-31 15:30:00+00:00,540.78,544.405,540.22,544.295,309710.279346,2026-08-01,2026-08-01_000919
META,5m,2026-07-31 15:35:00+00:00,544.22,546.5,544.0,546.14,154424.763048,2026-08-01,2026-08-01_000919
META,5m,2026-07-31 15:40:00+00:00,546.08,546.4,545.4,545.7995,96761.64164000002,2026-08-01,2026-08-01_000919
META,5m,2026-07-31 15:45:00+00:00,545.8,546.02,544.6501,545.3075,133833.702403,2026-08-01,2026-08-01_000919
META,5m,2026-07-31 15:50:00+00:00,545.39,547.2489,545.33,546.57,203239.389805,2026-08-01,2026-08-01_000919
META,5m,2026-07-31 15:55:00+00:00,546.49,546.87,545.51,545.8,91255.90826,2026-08-01,2026-08-01_000919
META,5m,2026-07-31 16:00:00+00:00,545.84,547.0,545.44,546.395,126380.456505,2026-08-01,2026-08-01_000919
META,5m,2026-07-31 16:05:00+00:00,546.54,546.82,545.85,546.175,89430.831218,2026-08-01,2026-08-01_000919
META,5m,2026-07-31 16:10:00+00:00,546.11,547.88,546.11,547.8599,160796.918503,2026-08-01,2026-08-01_000919
META,5m,2026-07-31 16:15:00+00:00,547.79,549.0,547.22,548.165,203578.952232,2026-08-01,2026-08-01_000919
META,5m,2026-07-31 16:20:00+00:00,548.165,549.21,548.03,548.8199,108922.648322,2026-08-01,2026-08-01_000919
META,5m,2026-07-31 16:25:00+00:00,548.745,549.57,548.1,549.23,111020.283069,2026-08-01,2026-08-01_000919
META,5m,2026-07-31 16:30:00+00:00,549.33,551.2,549.04,551.15,128259.994498,2026-08-01,2026-08-01_000919
META,5m,2026-07-31 16:35:00+00:00,551.16,552.16,550.425,550.55,190290.87707400002,2026-08-01,2026-08-01_000919
META,5m,2026-07-31 16:40:00+00:00,550.57,551.79,548.99,549.902,214613.850543,2026-08-01,2026-08-01_000919
META,5m,2026-07-31 16:45:00+00:00,549.8,550.1999,549.04,549.545,93770.71205199999,2026-08-01,2026-08-01_000919
META,5m,2026-07-31 16:50:00+00:00,549.48,550.205,548.86,549.55,107010.867199,2026-08-01,2026-08-01_000919
META,5m,2026-07-31 16:55:00+00:00,549.5,549.599,548.58,548.76,378447.07028,2026-08-01,2026-08-01_000919
META,5m,2026-07-31 17:00:00+00:00,548.7,549.68,548.36,549.4,74125.41435600001,2026-08-01,2026-08-01_000919
META,5m,2026-07-31 17:05:00+00:00,549.39,549.79,547.62,547.825,127659.336979,2026-08-01,2026-08-01_000919
META,5m,2026-07-31 17:10:00+00:00,547.825,547.87,546.6301,547.1,136918.383343,2026-08-01,2026-08-01_000919
META,5m,2026-07-31 17:15:00+00:00,547.061,547.8699,546.4008,547.155,138763.37772699998,2026-08-01,2026-08-01_000919
META,5m,2026-07-31 17:20:00+00:00,547.15,548.91,547.1,548.67,136331.089067,2026-08-01,2026-08-01_000919
META,5m,2026-07-31 17:25:00+00:00,548.66,549.83,548.3151,549.325,133297.78363400002,2026-08-01,2026-08-01_000919
META,5m,2026-07-31 17:30:00+00:00,549.335,549.92,548.59,549.305,126572.618223,2026-08-01,2026-08-01_000919
META,5m,2026-07-31 17:35:00+00:00,549.335,549.76,548.581,548.66,128652.98523600001,2026-08-01,2026-08-01_000919
META,5m,2026-07-31 17:40:00+00:00,548.745,549.97,548.0,549.11,150125.342589,2026-08-01,2026-08-01_000919
META,5m,2026-07-31 17:45:00+00:00,549.07,549.4,548.5001,548.94,130539.81345000002,2026-08-01,2026-08-01_000919
META,5m,2026-07-31 17:50:00+00:00,548.985,549.85,548.855,549.68,164976.837129,2026-08-01,2026-08-01_000919
META,5m,2026-07-31 17:55:00+00:00,549.83,549.84,548.65,548.725,97655.11581000002,2026-08-01,2026-08-01_000919
META,5m,2026-07-31 18:00:00+00:00,548.75,549.9,548.72,549.43,145158.148384,2026-08-01,2026-08-01_000919
META,5m,2026-07-31 18:05:00+00:00,549.34,549.94,548.24,548.49,179632.125736,2026-08-01,2026-08-01_000919
META,5m,2026-07-31 18:10:00+00:00,548.5,549.2,547.5,549.05,180059.93676699998,2026-08-01,2026-08-01_000919
META,5m,2026-07-31 18:15:00+00:00,549.0,551.08,548.83,550.99,154122.110247,2026-08-01,2026-08-01_000919
META,5m,2026-07-31 18:20:00+00:00,550.96,551.64,550.73,551.34,161360.90253700002,2026-08-01,2026-08-01_000919
META,5m,2026-07-31 18:25:00+00:00,551.34,551.476784,549.6901,550.15,153317.871857,2026-08-01,2026-08-01_000919
META,5m,2026-07-31 18:30:00+00:00,550.135,550.66,549.66,550.1185,165203.175744,2026-08-01,2026-08-01_000919
META,5m,2026-07-31 18:35:00+00:00,550.0501,550.45,549.18,549.51,166498.60913599998,2026-08-01,2026-08-01_000919
META,5m,2026-07-31 18:40:00+00:00,549.5,550.17,549.295,549.9,135260.783357,2026-08-01,2026-08-01_000919
META,5m,2026-07-31 18:45:00+00:00,549.81,551.62,549.81,551.4903,151963.163798,2026-08-01,2026-08-01_000919
META,5m,2026-07-31 18:50:00+00:00,551.515,551.515,550.75,550.91,129164.279004,2026-08-01,2026-08-01_000919
META,5m,2026-07-31 18:55:00+00:00,550.82,551.85,550.02,550.69,167174.56519599998,2026-08-01,2026-08-01_000919
META,5m,2026-07-31 19:00:00+00:00,550.61,552.5,550.6,551.85,1213401.008965,2026-08-01,2026-08-01_000919
META,5m,2026-07-31 19:05:00+00:00,551.9025,552.0499,550.6,550.9,140861.974874,2026-08-01,2026-08-01_000919
META,5m,2026-07-31 19:10:00+00:00,550.9,553.36,550.9,553.185,193263.575434,2026-08-01,2026-08-01_000919
META,5m,2026-07-31 19:15:00+00:00,553.238,553.238,552.03,552.85,336872.855906,2026-08-01,2026-08-01_000919
META,5m,2026-07-31 19:20:00+00:00,552.91,553.74,552.53,553.1339,164157.386087,2026-08-01,2026-08-01_000919
META,5m,2026-07-31 19:25:00+00:00,553.19,553.4,552.54,552.61,145611.05988800002,2026-08-01,2026-08-01_000919
META,5m,2026-07-31 19:30:00+00:00,552.54,552.81,551.41,552.7799,584146.83056,2026-08-01,2026-08-01_000919
META,5m,2026-07-31 19:35:00+00:00,552.71,554.73,552.57,553.38,257614.29939099998,2026-08-01,2026-08-01_000919
META,5m,2026-07-31 19:40:00+00:00,553.33,553.3309,551.39,552.1902,362899.931754,2026-08-01,2026-08-01_000919
META,5m,2026-07-31 19:45:00+00:00,552.2,553.055,551.935,552.41,286309.238355,2026-08-01,2026-08-01_000919
META,5m,2026-07-31 19:50:00+00:00,552.33,555.82,551.0101,555.74,554497.954298,2026-08-01,2026-08-01_000919
META,5m,2026-07-31 19:55:00+00:00,555.69,558.33,555.44,556.5,1024090.483377,2026-08-01,2026-08-01_000919
META,5m,2026-07-31 20:00:00+00:00,556.71,556.8013,555.53,555.9,114907.391244,2026-08-01,2026-08-01_000919
META,5m,2026-07-31 20:05:00+00:00,555.81,556.0,555.75,555.972,18016.953869,2026-08-01,2026-08-01_000919
META,5m,2026-07-31 20:10:00+00:00,555.96,556.8037,555.96,556.3,16520.237823,2026-08-01,2026-08-01_000919
META,5m,2026-07-31 20:15:00+00:00,556.1673,556.59,556.11,556.4563,6419.753782,2026-08-01,2026-08-01_000919
META,5m,2026-07-31 20:20:00+00:00,556.43,557.8,556.12,557.2543,11052.863952,2026-08-01,2026-08-01_000919
META,5m,2026-07-31 20:25:00+00:00,557.25,557.8,557.0,557.5,6128.884378000001,2026-08-01,2026-08-01_000919
META,5m,2026-07-31 20:30:00+00:00,558.0,558.17,557.3,557.42,13735.481225999998,2026-08-01,2026-08-01_000919
META,5m,2026-07-31 20:35:00+00:00,557.39,557.96,557.39,557.8,13032.155917,2026-08-01,2026-08-01_000919
META,5m,2026-07-31 20:40:00+00:00,557.7604,558.48,557.7604,558.0,6533.877921,2026-08-01,2026-08-01_000919
META,5m,2026-07-31 20:45:00+00:00,557.8248,557.96,557.8,557.8487,6966.905643,2026-08-01,2026-08-01_000919
META,5m,2026-07-31 20:50:00+00:00,557.8172,557.96,556.51,556.8,18367.048179999998,2026-08-01,2026-08-01_000919
META,5m,2026-07-31 20:55:00+00:00,556.6736,556.8,555.1,555.1,6724.013633,2026-08-01,2026-08-01_000919
META,5m,2026-07-31 21:00:00+00:00,555.0,555.8883,554.88,555.6,5912.0354290000005,2026-08-01,2026-08-01_000919
META,5m,2026-07-31 21:05:00+00:00,555.5254,555.5254,555.05,555.36,11503.417864,2026-08-01,2026-08-01_000919
META,5m,2026-07-31 21:10:00+00:00,555.41,555.42,555.22,555.4,2785.588901,2026-08-01,2026-08-01_000919
META,5m,2026-07-31 21:15:00+00:00,555.4,555.4,554.88,554.88,3610.631734,2026-08-01,2026-08-01_000919
META,5m,2026-07-31 21:20:00+00:00,554.8,555.31,554.1497,555.12,6374.115685000001,2026-08-01,2026-08-01_000919
META,5m,2026-07-31 21:25:00+00:00,555.39,555.39,554.5,554.75,2132.127401,2026-08-01,2026-08-01_000919
META,5m,2026-07-31 21:30:00+00:00,554.52,555.0,554.52,554.6,1765.935332,2026-08-01,2026-08-01_000919
META,5m,2026-07-31 21:35:00+00:00,554.7,554.9097,554.6,554.76,2163.007169,2026-08-01,2026-08-01_000919
META,5m,2026-07-31 21:40:00+00:00,554.875,554.95,554.8,554.95,1089.590947,2026-08-01,2026-08-01_000919
META,5m,2026-07-31 21:45:00+00:00,554.965,555.4,554.965,555.2,1989.319922,2026-08-01,2026-08-01_000919
META,5m,2026-07-31 21:50:00+00:00,555.29,555.4,555.0,555.0,2449.020313,2026-08-01,2026-08-01_000919
META,5m,2026-07-31 21:55:00+00:00,555.26,555.4,555.01,555.37,1641.833432,2026-08-01,2026-08-01_000919
META,5m,2026-07-31 22:00:00+00:00,555.05,555.3,555.0,555.2,1141.920282,2026-08-01,2026-08-01_000919
META,5m,2026-07-31 22:05:00+00:00,555.2,555.2,555.2,555.2,1244.518015,2026-08-01,2026-08-01_000919
META,5m,2026-07-31 22:10:00+00:00,555.1839,555.2,555.05,555.05,899.3464710000001,2026-08-01,2026-08-01_000919
META,5m,2026-07-31 22:15:00+00:00,555.04,555.04,555.0,555.01,1162.444064,2026-08-01,2026-08-01_000919
META,5m,2026-07-31 22:20:00+00:00,555.0,555.15,554.7,555.0,1548.7442279999998,2026-08-01,2026-08-01_000919
META,5m,2026-07-31 22:25:00+00:00,555.2,555.2,554.7,554.7,2064.68873,2026-08-01,2026-08-01_000919
META,5m,2026-07-31 22:30:00+00:00,555.0,555.0,554.7534,555.0,2011.0125829999997,2026-08-01,2026-08-01_000919
META,5m,2026-07-31 22:35:00+00:00,554.8113,555.1,554.8113,555.1,960.6553729999999,2026-08-01,2026-08-01_000919
META,5m,2026-07-31 22:40:00+00:00,555.16,555.2,555.0,555.14,1575.4218219999998,2026-08-01,2026-08-01_000919
META,5m,2026-07-31 22:45:00+00:00,555.0217,555.1247,555.01,555.055,2278.802396,2026-08-01,2026-08-01_000919
META,5m,2026-07-31 22:50:00+00:00,555.1,555.2165,555.1,555.2,880.7550200000001,2026-08-01,2026-08-01_000919
META,5m,2026-07-31 22:55:00+00:00,555.24,555.4,555.0,555.4,6934.889375,2026-08-01,2026-08-01_000919
META,5m,2026-07-31 23:00:00+00:00,555.6,555.6,555.4884,555.5,378.458538,2026-08-01,2026-08-01_000919
META,5m,2026-07-31 23:05:00+00:00,555.4099,555.65,555.4099,555.4128,1239.543359,2026-08-01,2026-08-01_000919
META,5m,2026-07-31 23:10:00+00:00,555.4938,555.6,555.4047,555.6,1583.2328750000001,2026-08-01,2026-08-01_000919
META,5m,2026-07-31 23:15:00+00:00,555.6,555.73,555.5892,555.6014,355.721626,2026-08-01,2026-08-01_000919
META,5m,2026-07-31 23:20:00+00:00,555.7,555.73,555.6721,555.6721,1421.293768,2026-08-01,2026-08-01_000919
META,5m,2026-07-31 23:25:00+00:00,555.6016,555.68,555.6,555.68,1446.1124949999999,2026-08-01,2026-08-01_000919
META,5m,2026-07-31 23:30:00+00:00,555.6217,555.6217,555.3001,555.3001,1045.4846830000001,2026-08-01,2026-08-01_000919
META,5m,2026-07-31 23:35:00+00:00,555.5,555.5,555.1005,555.1005,2076.056418,2026-08-01,2026-08-01_000919
META,5m,2026-07-31 23:40:00+00:00,555.0155,555.31,554.7,554.7,4960.751086,2026-08-01,2026-08-01_000919
META,5m,2026-07-31 23:45:00+00:00,554.8,554.8,553.3173,554.0,9983.617897000002,2026-08-01,2026-08-01_000919
META,5m,2026-07-31 23:50:00+00:00,554.2299,554.2299,553.8661,553.95,1784.0,2026-08-01,2026-08-01_000919
META,5m,2026-07-31 23:55:00+00:00,553.911,553.9845,553.1,553.2244,5365.437857000001,2026-08-01,2026-08-01_000919
TSLA,5m,2026-07-31 08:00:00+00:00,315.5,316.31,315.15,316.2,22294.384691,2026-08-01,2026-08-01_000919
TSLA,5m,2026-07-31 08:05:00+00:00,316.0436,316.46,315.33,315.542,18541.544822,2026-08-01,2026-08-01_000919
TSLA,5m,2026-07-31 08:10:00+00:00,315.5,316.5,315.32,316.27,9086.512155,2026-08-01,2026-08-01_000919
TSLA,5m,2026-07-31 08:15:00+00:00,316.4859,316.8,316.29,316.75,11858.504311,2026-08-01,2026-08-01_000919
TSLA,5m,2026-07-31 08:20:00+00:00,316.78,316.8,316.45,316.55,7880.496214,2026-08-01,2026-08-01_000919
TSLA,5m,2026-07-31 08:25:00+00:00,316.7,317.3,316.56,317.19,21049.18673,2026-08-01,2026-08-01_000919
TSLA,5m,2026-07-31 08:30:00+00:00,317.06,317.06,316.75,316.78,9565.443986,2026-08-01,2026-08-01_000919
TSLA,5m,2026-07-31 08:35:00+00:00,316.74,316.76,316.16,316.25,7155.928152,2026-08-01,2026-08-01_000919
TSLA,5m,2026-07-31 08:40:00+00:00,316.11,316.32,315.8521,315.95,6660.436869000001,2026-08-01,2026-08-01_000919
TSLA,5m,2026-07-31 08:45:00+00:00,316.15,316.4537,316.0,316.0,4228.3212060000005,2026-08-01,2026-08-01_000919
TSLA,5m,2026-07-31 08:50:00+00:00,316.224,316.4159,316.0,316.1,4573.913225,2026-08-01,2026-08-01_000919
TSLA,5m,2026-07-31 08:55:00+00:00,316.1,316.3865,316.08,316.31,3316.238569,2026-08-01,2026-08-01_000919
TSLA,5m,2026-07-31 09:00:00+00:00,316.31,316.43,315.96,316.06,6420.786763,2026-08-01,2026-08-01_000919
TSLA,5m,2026-07-31 09:05:00+00:00,315.77,316.1,315.51,315.6,7549.250032999999,2026-08-01,2026-08-01_000919
TSLA,5m,2026-07-31 09:10:00+00:00,315.61,316.0695,315.55,315.74,5454.359931,2026-08-01,2026-08-01_000919
TSLA,5m,2026-07-31 09:15:00+00:00,315.6,315.75,315.43,315.43,6747.984865,2026-08-01,2026-08-01_000919
TSLA,5m,2026-07-31 09:20:00+00:00,315.51,315.51,315.06,315.0696,7983.211664,2026-08-01,2026-08-01_000919
TSLA,5m,2026-07-31 09:25:00+00:00,315.01,315.15,314.5,314.718,16589.07336,2026-08-01,2026-08-01_000919
TSLA,5m,2026-07-31 09:30:00+00:00,314.69,314.69,313.92,314.25,13575.021751,2026-08-01,2026-08-01_000919
TSLA,5m,2026-07-31 09:35:00+00:00,314.16,314.2,313.775,314.0,9748.421565,2026-08-01,2026-08-01_000919
TSLA,5m,2026-07-31 09:40:00+00:00,313.8485,314.2,313.8,313.965,4837.571861,2026-08-01,2026-08-01_000919
TSLA,5m,2026-07-31 09:45:00+00:00,313.8238,314.02,313.675,313.98,6316.675037999999,2026-08-01,2026-08-01_000919
TSLA,5m,2026-07-31 09:50:00+00:00,314.01,314.15,313.8,314.0,5999.253982,2026-08-01,2026-08-01_000919
TSLA,5m,2026-07-31 09:55:00+00:00,314.0,314.0,313.34,313.37,8940.584139999999,2026-08-01,2026-08-01_000919
TSLA,5m,2026-07-31 10:00:00+00:00,313.39,313.99,313.34,313.99,9224.173639,2026-08-01,2026-08-01_000919
TSLA,5m,2026-07-31 10:05:00+00:00,314.0,314.1644,313.81,313.95,2508.719089,2026-08-01,2026-08-01_000919
TSLA,5m,2026-07-31 10:10:00+00:00,314.07,314.5,313.9,314.18,5293.453369,2026-08-01,2026-08-01_000919
TSLA,5m,2026-07-31 10:15:00+00:00,314.26,314.8,314.26,314.72,5829.574068,2026-08-01,2026-08-01_000919
TSLA,5m,2026-07-31 10:20:00+00:00,314.72,314.88,314.26,314.26,9553.334143,2026-08-01,2026-08-01_000919
TSLA,5m,2026-07-31 10:25:00+00:00,314.315,314.5,314.28,314.4,3362.4724480000004,2026-08-01,2026-08-01_000919
TSLA,5m,2026-07-31 10:30:00+00:00,314.4,314.4479,314.0239,314.21,5116.443287,2026-08-01,2026-08-01_000919
TSLA,5m,2026-07-31 10:35:00+00:00,314.26,314.5,314.13,314.2,3267.459781,2026-08-01,2026-08-01_000919
TSLA,5m,2026-07-31 10:40:00+00:00,314.27,314.6,314.11,314.5,2596.594266,2026-08-01,2026-08-01_000919
TSLA,5m,2026-07-31 10:45:00+00:00,314.675,314.85,314.0,314.0,5824.636331,2026-08-01,2026-08-01_000919
TSLA,5m,2026-07-31 10:50:00+00:00,313.92,314.0,313.73,313.73,4681.284365,2026-08-01,2026-08-01_000919
TSLA,5m,2026-07-31 10:55:00+00:00,313.9059,313.9059,313.34,313.67,5212.092283,2026-08-01,2026-08-01_000919
TSLA,5m,2026-07-31 11:00:00+00:00,313.64,314.09,313.08,314.05,37688.501797,2026-08-01,2026-08-01_000919
TSLA,5m,2026-07-31 11:05:00+00:00,314.13,314.38,313.81,314.0,13163.856514,2026-08-01,2026-08-01_000919
TSLA,5m,2026-07-31 11:10:00+00:00,314.0016,314.02,313.1,313.1,14526.606705,2026-08-01,2026-08-01_000919
TSLA,5m,2026-07-31 11:15:00+00:00,313.0193,313.28,312.6101,312.76,23057.350441999995,2026-08-01,2026-08-01_000919
TSLA,5m,2026-07-31 11:20:00+00:00,312.8118,313.0,312.65,312.93,20009.613891,2026-08-01,2026-08-01_000919
TSLA,5m,2026-07-31 11:25:00+00:00,312.95,313.0,312.22,312.22,19799.514169000002,2026-08-01,2026-08-01_000919
TSLA,5m,2026-07-31 11:30:00+00:00,312.25,312.7339,312.0,312.25,33914.996423000004,2026-08-01,2026-08-01_000919
TSLA,5m,2026-07-31 11:35:00+00:00,312.24,312.39,311.6,311.87,23656.99719,2026-08-01,2026-08-01_000919
TSLA,5m,2026-07-31 11:40:00+00:00,311.9,312.49,311.9,312.15,10462.093394,2026-08-01,2026-08-01_000919
TSLA,5m,2026-07-31 11:45:00+00:00,312.26,312.42,311.9,312.24,12324.141545999999,2026-08-01,2026-08-01_000919
TSLA,5m,2026-07-31 11:50:00+00:00,312.312,312.5,312.19,312.45,7814.776032,2026-08-01,2026-08-01_000919
TSLA,5m,2026-07-31 11:55:00+00:00,312.4641,312.88,312.3924,312.83,18432.417432000002,2026-08-01,2026-08-01_000919
TSLA,5m,2026-07-31 12:00:00+00:00,312.9,312.9,312.25,312.29,18135.451711,2026-08-01,2026-08-01_000919
TSLA,5m,2026-07-31 12:05:00+00:00,312.2974,312.41,312.0344,312.08,14440.950932,2026-08-01,2026-08-01_000919
TSLA,5m,2026-07-31 12:10:00+00:00,312.08,312.3206,311.9701,312.2745,13279.353845,2026-08-01,2026-08-01_000919
TSLA,5m,2026-07-31 12:15:00+00:00,312.1757,312.1757,311.5238,311.57,18014.141111,2026-08-01,2026-08-01_000919
TSLA,5m,2026-07-31 12:20:00+00:00,311.56,312.22,311.501,312.05,16025.694414999998,2026-08-01,2026-08-01_000919
TSLA,5m,2026-07-31 12:25:00+00:00,311.9,312.25,311.9,312.0815,14893.247114000002,2026-08-01,2026-08-01_000919
TSLA,5m,2026-07-31 12:30:00+00:00,312.23,312.23,311.45,311.73,11388.607274999998,2026-08-01,2026-08-01_000919
TSLA,5m,2026-07-31 12:35:00+00:00,311.85,311.85,311.25,311.26,15199.823495999999,2026-08-01,2026-08-01_000919
TSLA,5m,2026-07-31 12:40:00+00:00,311.31,311.5,310.95,310.993,27522.283068,2026-08-01,2026-08-01_000919
TSLA,5m,2026-07-31 12:45:00+00:00,310.87,311.15,310.7,310.8905,21895.530208,2026-08-01,2026-08-01_000919
TSLA,5m,2026-07-31 12:50:00+00:00,310.91,311.25,310.72,311.1227,22824.262673,2026-08-01,2026-08-01_000919
TSLA,5m,2026-07-31 12:55:00+00:00,311.0,311.0,310.1,310.2,28585.201497000002,2026-08-01,2026-08-01_000919
TSLA,5m,2026-07-31 13:00:00+00:00,310.19,310.19,309.1,309.65,57141.47917499999,2026-08-01,2026-08-01_000919
TSLA,5m,2026-07-31 13:05:00+00:00,309.71,310.0,309.454,309.59,27865.568282,2026-08-01,2026-08-01_000919
TSLA,5m,2026-07-31 13:10:00+00:00,309.59,310.41,309.59,310.35,20920.439517,2026-08-01,2026-08-01_000919
TSLA,5m,2026-07-31 13:15:00+00:00,310.31,310.4654,309.53,309.7107,49854.273120000005,2026-08-01,2026-08-01_000919
TSLA,5m,2026-07-31 13:20:00+00:00,309.66,310.15,309.2911,310.15,36909.49296,2026-08-01,2026-08-01_000919
TSLA,5m,2026-07-31 13:25:00+00:00,310.26,310.33,309.0,309.55,66350.660976,2026-08-01,2026-08-01_000919
TSLA,5m,2026-07-31 13:30:00+00:00,309.69,315.2,308.5,315.0,1433987.4812359998,2026-08-01,2026-08-01_000919
TSLA,5m,2026-07-31 13:35:00+00:00,315.0,315.5,310.41,310.7,1022345.4401780001,2026-08-01,2026-08-01_000919
TSLA,5m,2026-07-31 13:40:00+00:00,310.69,311.18,309.04,309.2132,654285.415019,2026-08-01,2026-08-01_000919
TSLA,5m,2026-07-31 13:45:00+00:00,309.14,309.72,306.3,306.6,1079481.870909,2026-08-01,2026-08-01_000919
TSLA,5m,2026-07-31 13:50:00+00:00,306.61,307.39,305.86,306.4,648838.240297,2026-08-01,2026-08-01_000919
TSLA,5m,2026-07-31 13:55:00+00:00,306.36,306.75,305.7801,306.35,462900.553525,2026-08-01,2026-08-01_000919
TSLA,5m,2026-07-31 14:00:00+00:00,306.38,306.72,303.93,304.215,1466415.828824,2026-08-01,2026-08-01_000919
TSLA,5m,2026-07-31 14:05:00+00:00,304.2,304.75,303.12,303.605,632624.613609,2026-08-01,2026-08-01_000919
TSLA,5m,2026-07-31 14:10:00+00:00,303.61,303.81,301.97,303.0,746339.4072,2026-08-01,2026-08-01_000919
TSLA,5m,2026-07-31 14:15:00+00:00,302.9515,304.9,302.67,303.46,1253518.570192,2026-08-01,2026-08-01_000919
TSLA,5m,2026-07-31 14:20:00+00:00,303.4,305.32,303.32,304.22,485273.483953,2026-08-01,2026-08-01_000919
TSLA,5m,2026-07-31 14:25:00+00:00,304.21,304.575,303.69,304.345,369391.93143899995,2026-08-01,2026-08-01_000919
TSLA,5m,2026-07-31 14:30:00+00:00,304.38,305.1495,304.22,304.92,334202.093768,2026-08-01,2026-08-01_000919
TSLA,5m,2026-07-31 14:35:00+00:00,304.92,306.1328,304.735,305.91,435289.78606099996,2026-08-01,2026-08-01_000919
TSLA,5m,2026-07-31 14:40:00+00:00,305.9517,306.37,305.11,306.035,529134.5275590001,2026-08-01,2026-08-01_000919
TSLA,5m,2026-07-31 14:45:00+00:00,305.95,310.0,305.9,309.8951,1413796.187969,2026-08-01,2026-08-01_000919
TSLA,5m,2026-07-31 14:50:00+00:00,309.895,310.16,307.21,307.28,717447.338616,2026-08-01,2026-08-01_000919
TSLA,5m,2026-07-31 14:55:00+00:00,307.35,309.62,306.18,308.855,704286.285985,2026-08-01,2026-08-01_000919
TSLA,5m,2026-07-31 15:00:00+00:00,308.855,308.95,307.1,307.875,408753.636136,2026-08-01,2026-08-01_000919
TSLA,5m,2026-07-31 15:05:00+00:00,307.84,308.83,307.4001,308.14,392739.66746799997,2026-08-01,2026-08-01_000919
TSLA,5m,2026-07-31 15:10:00+00:00,308.1,308.16,306.85,307.695,327296.265959,2026-08-01,2026-08-01_000919
TSLA,5m,2026-07-31 15:15:00+00:00,307.695,309.16,306.8008,307.51,390177.90996900003,2026-08-01,2026-08-01_000919
TSLA,5m,2026-07-31 15:20:00+00:00,307.525,307.67,306.3201,306.4785,267857.464795,2026-08-01,2026-08-01_000919
TSLA,5m,2026-07-31 15:25:00+00:00,306.41,306.88,305.49,305.765,417058.154897,2026-08-01,2026-08-01_000919
TSLA,5m,2026-07-31 15:30:00+00:00,305.77,306.2,305.42,305.81,359392.06179500005,2026-08-01,2026-08-01_000919
TSLA,5m,2026-07-31 15:35:00+00:00,305.8176,307.99,305.66,307.4,696037.3437330001,2026-08-01,2026-08-01_000919
TSLA,5m,2026-07-31 15:40:00+00:00,307.4,307.63,305.8,306.5,260466.38768199997,2026-08-01,2026-08-01_000919
TSLA,5m,2026-07-31 15:45:00+00:00,306.46,306.5885,305.96,306.395,176797.41954799998,2026-08-01,2026-08-01_000919
TSLA,5m,2026-07-31 15:50:00+00:00,306.45,307.72,306.38,307.56,254319.462336,2026-08-01,2026-08-01_000919
TSLA,5m,2026-07-31 15:55:00+00:00,307.58,307.88,307.2401,307.56,201287.89174300001,2026-08-01,2026-08-01_000919
TSLA,5m,2026-07-31 16:00:00+00:00,307.56,308.25,307.46,307.99,227195.565938,2026-08-01,2026-08-01_000919
TSLA,5m,2026-07-31 16:05:00+00:00,307.99,308.29,307.51,307.9,162463.25435899998,2026-08-01,2026-08-01_000919
TSLA,5m,2026-07-31 16:10:00+00:00,307.88,308.35,307.8,307.985,180819.67199300003,2026-08-01,2026-08-01_000919
TSLA,5m,2026-07-31 16:15:00+00:00,308.03,308.12,307.41,307.7136,228176.79915999997,2026-08-01,2026-08-01_000919
TSLA,5m,2026-07-31 16:20:00+00:00,307.675,308.72,307.31,308.4401,231591.62213399998,2026-08-01,2026-08-01_000919
TSLA,5m,2026-07-31 16:25:00+00:00,308.515,309.4,307.94,309.4,331422.939646,2026-08-01,2026-08-01_000919
TSLA,5m,2026-07-31 16:30:00+00:00,309.3729,309.71,308.93,309.38,306173.147609,2026-08-01,2026-08-01_000919
TSLA,5m,2026-07-31 16:35:00+00:00,309.41,309.85,308.95,309.335,290088.86590699997,2026-08-01,2026-08-01_000919
TSLA,5m,2026-07-31 16:40:00+00:00,309.335,309.84,308.7,308.965,311846.13625800004,2026-08-01,2026-08-01_000919
TSLA,5m,2026-07-31 16:45:00+00:00,308.94,310.05,308.7,310.015,368250.53116799996,2026-08-01,2026-08-01_000919
TSLA,5m,2026-07-31 16:50:00+00:00,310.07,310.22,309.73,309.7606,467530.201663,2026-08-01,2026-08-01_000919
TSLA,5m,2026-07-31 16:55:00+00:00,309.76,310.11,309.7,309.71,176476.454366,2026-08-01,2026-08-01_000919
TSLA,5m,2026-07-31 17:00:00+00:00,309.7,311.09,309.62,310.749,393232.970487,2026-08-01,2026-08-01_000919
TSLA,5m,2026-07-31 17:05:00+00:00,310.76,310.9799,309.8,309.963,307261.749394,2026-08-01,2026-08-01_000919
TSLA,5m,2026-07-31 17:10:00+00:00,309.95,310.45,309.88,310.45,202747.62300199998,2026-08-01,2026-08-01_000919
TSLA,5m,2026-07-31 17:15:00+00:00,310.45,310.77,310.235,310.515,163244.005788,2026-08-01,2026-08-01_000919
TSLA,5m,2026-07-31 17:20:00+00:00,310.5,310.77,309.77,310.65,267058.46967799996,2026-08-01,2026-08-01_000919
TSLA,5m,2026-07-31 17:25:00+00:00,310.65,310.97,310.32,310.5,198837.374231,2026-08-01,2026-08-01_000919
TSLA,5m,2026-07-31 17:30:00+00:00,310.5,310.58,309.88,310.31,176663.290104,2026-08-01,2026-08-01_000919
TSLA,5m,2026-07-31 17:35:00+00:00,310.31,310.73,310.0301,310.08,148011.124062,2026-08-01,2026-08-01_000919
TSLA,5m,2026-07-31 17:40:00+00:00,310.065,310.38,309.82,310.18,194993.739066,2026-08-01,2026-08-01_000919
TSLA,5m,2026-07-31 17:45:00+00:00,310.18,310.72,310.14,310.635,221352.1418,2026-08-01,2026-08-01_000919
TSLA,5m,2026-07-31 17:50:00+00:00,310.635,311.41,310.43,311.2305,287284.840076,2026-08-01,2026-08-01_000919
TSLA,5m,2026-07-31 17:55:00+00:00,311.25,311.53,310.93,311.09,227687.791799,2026-08-01,2026-08-01_000919
TSLA,5m,2026-07-31 18:00:00+00:00,311.09,311.51,310.92,311.23,185156.640886,2026-08-01,2026-08-01_000919
TSLA,5m,2026-07-31 18:05:00+00:00,311.2001,311.44,310.8901,311.3,158726.681662,2026-08-01,2026-08-01_000919
TSLA,5m,2026-07-31 18:10:00+00:00,311.3197,311.429,310.97,311.3,194121.802518,2026-08-01,2026-08-01_000919
TSLA,5m,2026-07-31 18:15:00+00:00,311.255,311.9,311.06,311.76,205114.30444500002,2026-08-01,2026-08-01_000919
TSLA,5m,2026-07-31 18:20:00+00:00,311.7316,312.1533,311.55,311.88,278220.142093,2026-08-01,2026-08-01_000919
TSLA,5m,2026-07-31 18:25:00+00:00,311.875,311.9799,310.73,310.92,300655.335279,2026-08-01,2026-08-01_000919
TSLA,5m,2026-07-31 18:30:00+00:00,310.92,311.19,310.77,310.77,190264.587792,2026-08-01,2026-08-01_000919
TSLA,5m,2026-07-31 18:35:00+00:00,310.783,310.783,310.14,310.3599,239482.99820899998,2026-08-01,2026-08-01_000919
TSLA,5m,2026-07-31 18:40:00+00:00,310.3489,310.6999,310.24,310.58,231144.513303,2026-08-01,2026-08-01_000919
TSLA,5m,2026-07-31 18:45:00+00:00,310.62,311.3499,310.59,311.33,241099.970839,2026-08-01,2026-08-01_000919
TSLA,5m,2026-07-31 18:50:00+00:00,311.32,311.5,311.2,311.35,180741.57824200002,2026-08-01,2026-08-01_000919
TSLA,5m,2026-07-31 18:55:00+00:00,311.35,311.45,310.53,310.885,237949.18536299997,2026-08-01,2026-08-01_000919
TSLA,5m,2026-07-31 19:00:00+00:00,310.89,311.1,310.07,310.215,234574.192087,2026-08-01,2026-08-01_000919
TSLA,5m,2026-07-31 19:05:00+00:00,310.215,310.4486,310.07,310.25,174831.150335,2026-08-01,2026-08-01_000919
TSLA,5m,2026-07-31 19:10:00+00:00,310.245,310.3204,309.93,310.155,164645.43103599997,2026-08-01,2026-08-01_000919
TSLA,5m,2026-07-31 19:15:00+00:00,310.19,310.64,309.76,310.595,273048.425713,2026-08-01,2026-08-01_000919
TSLA,5m,2026-07-31 19:20:00+00:00,310.565,311.1,310.25,310.25,202615.939502,2026-08-01,2026-08-01_000919
TSLA,5m,2026-07-31 19:25:00+00:00,310.26,310.65,310.05,310.435,215887.08105600002,2026-08-01,2026-08-01_000919
TSLA,5m,2026-07-31 19:30:00+00:00,310.49,311.1497,309.9,310.95,278367.317212,2026-08-01,2026-08-01_000919
TSLA,5m,2026-07-31 19:35:00+00:00,310.91,311.23,310.8,311.195,192975.91492699998,2026-08-01,2026-08-01_000919
TSLA,5m,2026-07-31 19:40:00+00:00,311.195,311.88,310.98,311.69,287245.781823,2026-08-01,2026-08-01_000919
TSLA,5m,2026-07-31 19:45:00+00:00,311.655,312.21,311.655,312.18,359435.600006,2026-08-01,2026-08-01_000919
TSLA,5m,2026-07-31 19:50:00+00:00,312.17,313.2115,311.88,312.755405,659272.814091,2026-08-01,2026-08-01_000919
TSLA,5m,2026-07-31 19:55:00+00:00,312.79,313.16,311.0013,311.11,1493445.739529,2026-08-01,2026-08-01_000919
TSLA,5m,2026-07-31 20:00:00+00:00,311.21,311.21,309.5,309.6514,277223.61018099997,2026-08-01,2026-08-01_000919
TSLA,5m,2026-07-31 20:05:00+00:00,309.7658,310.5,309.54,310.3,186895.661156,2026-08-01,2026-08-01_000919
TSLA,5m,2026-07-31 20:10:00+00:00,310.18,310.3,310.0,310.1082,19874.993081999997,2026-08-01,2026-08-01_000919
TSLA,5m,2026-07-31 20:15:00+00:00,310.02,310.2,309.8,310.04,8058.0723499999995,2026-08-01,2026-08-01_000919
TSLA,5m,2026-07-31 20:20:00+00:00,310.0129,310.09,309.9319,310.0379,4010.662683,2026-08-01,2026-08-01_000919
TSLA,5m,2026-07-31 20:25:00+00:00,310.06,310.1,309.99,310.0,7300.604881,2026-08-01,2026-08-01_000919
TSLA,5m,2026-07-31 20:30:00+00:00,310.045,310.05,309.8284,310.05,8390.790912,2026-08-01,2026-08-01_000919
TSLA,5m,2026-07-31 20:35:00+00:00,310.05,310.2,310.004,310.1,10608.318884,2026-08-01,2026-08-01_000919
TSLA,5m,2026-07-31 20:40:00+00:00,310.15,310.18,310.0,310.1,8876.515735,2026-08-01,2026-08-01_000919
TSLA,5m,2026-07-31 20:45:00+00:00,310.0282,310.1,310.0,310.04,5517.145985,2026-08-01,2026-08-01_000919
TSLA,5m,2026-07-31 20:50:00+00:00,310.1433,310.1433,309.65,309.75,13428.780804,2026-08-01,2026-08-01_000919
TSLA,5m,2026-07-31 20:55:00+00:00,309.9,309.9,309.45,309.52,28577.511751,2026-08-01,2026-08-01_000919
TSLA,5m,2026-07-31 21:00:00+00:00,309.5,309.88,309.28,309.88,13004.438497000001,2026-08-01,2026-08-01_000919
TSLA,5m,2026-07-31 21:05:00+00:00,309.97,310.07,309.93,310.06,3854.2463420000004,2026-08-01,2026-08-01_000919
TSLA,5m,2026-07-31 21:10:00+00:00,310.063,310.07,309.9404,309.98,2234.176196,2026-08-01,2026-08-01_000919
TSLA,5m,2026-07-31 21:15:00+00:00,309.93,309.9442,309.85,309.86,4648.551346,2026-08-01,2026-08-01_000919
TSLA,5m,2026-07-31 21:20:00+00:00,309.87,309.907,309.7,309.907,10145.423364999999,2026-08-01,2026-08-01_000919
TSLA,5m,2026-07-31 21:25:00+00:00,310.0,310.0,309.9052,310.0,1637.1664750000002,2026-08-01,2026-08-01_000919
TSLA,5m,2026-07-31 21:30:00+00:00,310.0,310.18,309.8,309.8,6303.752243999999,2026-08-01,2026-08-01_000919
TSLA,5m,2026-07-31 21:35:00+00:00,309.7,310.0,309.7,310.0,5125.523658000001,2026-08-01,2026-08-01_000919
TSLA,5m,2026-07-31 21:40:00+00:00,309.943,309.9702,309.88,309.88,1073.802952,2026-08-01,2026-08-01_000919
TSLA,5m,2026-07-31 21:45:00+00:00,310.0,310.0,309.7,309.7015,2662.9586600000002,2026-08-01,2026-08-01_000919
TSLA,5m,2026-07-31 21:50:00+00:00,309.7851,309.8,309.5245,309.8,3656.037907,2026-08-01,2026-08-01_000919
TSLA,5m,2026-07-31 21:55:00+00:00,309.787,309.787,309.53,309.53,2815.501282,2026-08-01,2026-08-01_000919
TSLA,5m,2026-07-31 22:00:00+00:00,309.6,309.93,309.6,309.8768,3860.829546,2026-08-01,2026-08-01_000919
TSLA,5m,2026-07-31 22:05:00+00:00,309.75,309.75,309.63,309.65,1938.743581,2026-08-01,2026-08-01_000919
TSLA,5m,2026-07-31 22:10:00+00:00,309.63,309.65,309.63,309.65,1621.662019,2026-08-01,2026-08-01_000919
TSLA,5m,2026-07-31 22:15:00+00:00,309.6951,309.6951,309.531,309.6891,4972.665743,2026-08-01,2026-08-01_000919
TSLA,5m,2026-07-31 22:20:00+00:00,309.6705,309.6705,309.5,309.563,2112.004948,2026-08-01,2026-08-01_000919
TSLA,5m,2026-07-31 22:25:00+00:00,309.6189,309.65,309.56,309.65,3640.0580600000003,2026-08-01,2026-08-01_000919
TSLA,5m,2026-07-31 22:30:00+00:00,309.6361,309.78,309.5727,309.7798,2484.599463,2026-08-01,2026-08-01_000919
TSLA,5m,2026-07-31 22:35:00+00:00,309.66,309.78,309.57,309.75,6717.1012470000005,2026-08-01,2026-08-01_000919
TSLA,5m,2026-07-31 22:40:00+00:00,309.75,309.9291,309.6682,309.84,1630.811495,2026-08-01,2026-08-01_000919
TSLA,5m,2026-07-31 22:45:00+00:00,309.8261,309.8261,309.56,309.6,2156.251112,2026-08-01,2026-08-01_000919
TSLA,5m,2026-07-31 22:50:00+00:00,309.59,309.7144,309.58,309.7144,3583.208856,2026-08-01,2026-08-01_000919
TSLA,5m,2026-07-31 22:55:00+00:00,309.75,309.75,309.5,309.59,4797.499183,2026-08-01,2026-08-01_000919
TSLA,5m,2026-07-31 23:00:00+00:00,309.497,309.59,309.4034,309.4034,4139.353062,2026-08-01,2026-08-01_000919
TSLA,5m,2026-07-31 23:05:00+00:00,309.5,309.5856,309.4,309.55,1546.782712,2026-08-01,2026-08-01_000919
TSLA,5m,2026-07-31 23:10:00+00:00,309.59,309.67,309.52,309.67,2762.843661,2026-08-01,2026-08-01_000919
TSLA,5m,2026-07-31 23:15:00+00:00,309.63,309.65,309.55,309.56,2418.0982599999998,2026-08-01,2026-08-01_000919
TSLA,5m,2026-07-31 23:20:00+00:00,309.56,309.83,309.55,309.83,1980.8238029999998,2026-08-01,2026-08-01_000919
TSLA,5m,2026-07-31 23:25:00+00:00,309.6107,309.78,309.5902,309.65,4159.74029,2026-08-01,2026-08-01_000919
TSLA,5m,2026-07-31 23:30:00+00:00,309.7,309.7,309.63,309.6946,655.0,2026-08-01,2026-08-01_000919
TSLA,5m,2026-07-31 23:35:00+00:00,309.67,309.8,309.6423,309.68,3497.016145,2026-08-01,2026-08-01_000919
TSLA,5m,2026-07-31 23:40:00+00:00,309.6938,309.7,309.6,309.6587,3033.950636,2026-08-01,2026-08-01_000919
TSLA,5m,2026-07-31 23:45:00+00:00,309.65,310.1,309.64,310.0845,17753.841652,2026-08-01,2026-08-01_000919
TSLA,5m,2026-07-31 23:50:00+00:00,310.0,310.0,309.6211,309.6317,3598.016063,2026-08-01,2026-08-01_000919
TSLA,5m,2026-07-31 23:55:00+00:00,309.62,309.75,309.22,309.31,16186.686769,2026-08-01,2026-08-01_000919
AMD,5m,2026-07-31 08:00:00+00:00,503.22,505.0,500.0,502.37,16153.685611,2026-08-01,2026-08-01_000919
AMD,5m,2026-07-31 08:05:00+00:00,500.46,502.5,500.46,500.75,3563.156851,2026-08-01,2026-08-01_000919
AMD,5m,2026-07-31 08:10:00+00:00,500.6,503.0,499.65,502.49,5678.7281889999995,2026-08-01,2026-08-01_000919
AMD,5m,2026-07-31 08:15:00+00:00,503.0,504.4,503.0,504.4,4873.11809,2026-08-01,2026-08-01_000919
AMD,5m,2026-07-31 08:20:00+00:00,504.5,505.0,503.6,503.6,8353.423613,2026-08-01,2026-08-01_000919
AMD,5m,2026-07-31 08:25:00+00:00,505.0,506.0,505.0,506.0,3335.3587860000002,2026-08-01,2026-08-01_000919
AMD,5m,2026-07-31 08:30:00+00:00,506.48,508.0,506.1,506.97,8384.354559000001,2026-08-01,2026-08-01_000919
AMD,5m,2026-07-31 08:35:00+00:00,506.69,507.0,505.59,507.0,3966.645947,2026-08-01,2026-08-01_000919
AMD,5m,2026-07-31 08:40:00+00:00,505.09,505.09,504.0341,504.81,2725.407992,2026-08-01,2026-08-01_000919
AMD,5m,2026-07-31 08:45:00+00:00,505.45,506.19,505.45,506.19,3309.197516,2026-08-01,2026-08-01_000919
AMD,5m,2026-07-31 08:50:00+00:00,505.9693,505.9693,505.0,505.0,1708.427087,2026-08-01,2026-08-01_000919
AMD,5m,2026-07-31 08:55:00+00:00,506.0,506.19,505.65,505.65,2042.38287,2026-08-01,2026-08-01_000919
AMD,5m,2026-07-31 09:00:00+00:00,506.05,507.58,506.0,507.58,6853.926074999999,2026-08-01,2026-08-01_000919
AMD,5m,2026-07-31 09:05:00+00:00,507.0,507.56,506.25,507.5,1877.473069,2026-08-01,2026-08-01_000919
AMD,5m,2026-07-31 09:10:00+00:00,508.0,508.38,507.74,507.74,2561.543501,2026-08-01,2026-08-01_000919
AMD,5m,2026-07-31 09:15:00+00:00,508.0,508.0,506.7,507.0,5677.5227350000005,2026-08-01,2026-08-01_000919
AMD,5m,2026-07-31 09:20:00+00:00,507.5,507.5,506.4,506.75,5476.165407,2026-08-01,2026-08-01_000919
AMD,5m,2026-07-31 09:25:00+00:00,506.99,507.0,504.54,504.54,3752.6865089999997,2026-08-01,2026-08-01_000919
AMD,5m,2026-07-31 09:30:00+00:00,505.0,505.24,504.0,504.0,3761.561956,2026-08-01,2026-08-01_000919
AMD,5m,2026-07-31 09:35:00+00:00,504.0,504.0,503.0,503.0,3248.4773299999997,2026-08-01,2026-08-01_000919
AMD,5m,2026-07-31 09:40:00+00:00,504.34,504.4,503.65,503.65,2135.2182430000003,2026-08-01,2026-08-01_000919
AMD,5m,2026-07-31 09:45:00+00:00,503.82,505.0,503.82,505.0,2288.111587,2026-08-01,2026-08-01_000919
AMD,5m,2026-07-31 09:50:00+00:00,505.6,505.6,504.5,504.5,4837.197774,2026-08-01,2026-08-01_000919
AMD,5m,2026-07-31 09:55:00+00:00,505.5,505.5,503.0,503.0,5027.704038000001,2026-08-01,2026-08-01_000919
AMD,5m,2026-07-31 10:00:00+00:00,503.6,503.6,502.81,503.0,16773.390534,2026-08-01,2026-08-01_000919
AMD,5m,2026-07-31 10:05:00+00:00,503.0,504.25,503.0,503.99,5122.930968000001,2026-08-01,2026-08-01_000919
AMD,5m,2026-07-31 10:10:00+00:00,504.25,505.44,504.25,505.44,1361.420033,2026-08-01,2026-08-01_000919
AMD,5m,2026-07-31 10:15:00+00:00,505.5,505.5,504.5,504.5,2506.0,2026-08-01,2026-08-01_000919
AMD,5m,2026-07-31 10:20:00+00:00,505.1,505.1,505.09,505.09,1559.197703,2026-08-01,2026-08-01_000919
AMD,5m,2026-07-31 10:25:00+00:00,505.04,505.04,505.04,505.04,298.210293,2026-08-01,2026-08-01_000919
AMD,5m,2026-07-31 10:40:00+00:00,504.91,504.91,504.0843,504.0843,897.59868,2026-08-01,2026-08-01_000919
AMD,5m,2026-07-31 10:45:00+00:00,505.18,505.18,504.0,504.0,2615.225225,2026-08-01,2026-08-01_000919
AMD,5m,2026-07-31 10:50:00+00:00,504.68,504.68,504.3059,504.3059,704.861455,2026-08-01,2026-08-01_000919
AMD,5m,2026-07-31 10:55:00+00:00,505.0,505.0,504.15,504.7,1754.991656,2026-08-01,2026-08-01_000919
AMD,5m,2026-07-31 11:00:00+00:00,504.69,509.2282,504.48,509.2282,40777.730662,2026-08-01,2026-08-01_000919
AMD,5m,2026-07-31 11:05:00+00:00,509.2,510.85,508.5151,509.68,36502.468948,2026-08-01,2026-08-01_000919
AMD,5m,2026-07-31 11:10:00+00:00,508.8,509.3499,508.1,508.88,13752.715448,2026-08-01,2026-08-01_000919
AMD,5m,2026-07-31 11:15:00+00:00,509.1,509.2,507.0,507.5,15393.850289000002,2026-08-01,2026-08-01_000919
AMD,5m,2026-07-31 11:20:00+00:00,507.7,507.75,507.0,507.7,10670.284882,2026-08-01,2026-08-01_000919
AMD,5m,2026-07-31 11:25:00+00:00,507.8,508.4,506.75,506.75,11779.688584,2026-08-01,2026-08-01_000919
AMD,5m,2026-07-31 11:30:00+00:00,507.0632,507.13,506.0,506.97,6417.599899999999,2026-08-01,2026-08-01_000919
AMD,5m,2026-07-31 11:35:00+00:00,506.89,507.13,506.0,506.8125,4441.899364,2026-08-01,2026-08-01_000919
AMD,5m,2026-07-31 11:40:00+00:00,506.46,507.0,505.79,507.0,6663.428972,2026-08-01,2026-08-01_000919
AMD,5m,2026-07-31 11:45:00+00:00,506.6,507.2,506.2594,506.7,5175.564758,2026-08-01,2026-08-01_000919
AMD,5m,2026-07-31 11:50:00+00:00,506.877,507.5,506.5787,507.12,8292.963224,2026-08-01,2026-08-01_000919
AMD,5m,2026-07-31 11:55:00+00:00,506.5,507.45,506.17,507.2156,7108.686476,2026-08-01,2026-08-01_000919
AMD,5m,2026-07-31 12:00:00+00:00,506.99,507.4367,504.32,504.7,13480.92731,2026-08-01,2026-08-01_000919
AMD,5m,2026-07-31 12:05:00+00:00,504.75,505.0,504.0,504.03,18769.592776999998,2026-08-01,2026-08-01_000919
AMD,5m,2026-07-31 12:10:00+00:00,504.0,504.0,503.07,503.5,11635.887278,2026-08-01,2026-08-01_000919
AMD,5m,2026-07-31 12:15:00+00:00,503.58,503.59,501.31,501.876,15460.019190000003,2026-08-01,2026-08-01_000919
AMD,5m,2026-07-31 12:20:00+00:00,501.2,503.76,501.2,503.5699,13941.126361,2026-08-01,2026-08-01_000919
AMD,5m,2026-07-31 12:25:00+00:00,503.24,503.5,502.58,503.0,7461.500988,2026-08-01,2026-08-01_000919
AMD,5m,2026-07-31 12:30:00+00:00,502.7,503.52,501.51,502.5,29879.329549000002,2026-08-01,2026-08-01_000919
AMD,5m,2026-07-31 12:35:00+00:00,502.5,503.4,502.4,503.0,9974.010621,2026-08-01,2026-08-01_000919
AMD,5m,2026-07-31 12:40:00+00:00,503.5,503.5,501.9433,502.99,12031.098244,2026-08-01,2026-08-01_000919
AMD,5m,2026-07-31 12:45:00+00:00,502.98,503.0,502.0,502.0,6610.705508999999,2026-08-01,2026-08-01_000919
AMD,5m,2026-07-31 12:50:00+00:00,502.8246,504.2,502.648,504.2,10514.542295999998,2026-08-01,2026-08-01_000919
AMD,5m,2026-07-31 12:55:00+00:00,504.48,504.9,502.4,502.4,9864.837526,2026-08-01,2026-08-01_000919
AMD,5m,2026-07-31 13:00:00+00:00,503.33,504.9,502.4,504.5,8487.781707,2026-08-01,2026-08-01_000919
AMD,5m,2026-07-31 13:05:00+00:00,504.72,505.49,504.5,505.0,11654.735805000002,2026-08-01,2026-08-01_000919
AMD,5m,2026-07-31 13:10:00+00:00,505.1,505.84,504.55,505.31,23122.452411,2026-08-01,2026-08-01_000919
AMD,5m,2026-07-31 13:15:00+00:00,505.48,507.45,505.48,506.89,53834.750249000004,2026-08-01,2026-08-01_000919
AMD,5m,2026-07-31 13:20:00+00:00,506.0093,506.4379,505.14,505.5,14471.321813999999,2026-08-01,2026-08-01_000919
AMD,5m,2026-07-31 13:25:00+00:00,505.99,511.74,505.99,510.56,72225.847431,2026-08-01,2026-08-01_000919
AMD,5m,2026-07-31 13:30:00+00:00,510.275,515.62,506.8,512.96,1517439.412617,2026-08-01,2026-08-01_000919
AMD,5m,2026-07-31 13:35:00+00:00,512.88,515.34,504.6701,506.615,788937.387702,2026-08-01,2026-08-01_000919
AMD,5m,2026-07-31 13:40:00+00:00,506.615,508.3,499.3876,499.3876,707470.139368,2026-08-01,2026-08-01_000919
AMD,5m,2026-07-31 13:45:00+00:00,499.54,502.0,492.5,495.0,656573.730241,2026-08-01,2026-08-01_000919
AMD,5m,2026-07-31 13:50:00+00:00,495.18,497.3499,491.1,492.59,521307.41020900005,2026-08-01,2026-08-01_000919
AMD,5m,2026-07-31 13:55:00+00:00,492.73,497.18,491.2001,495.455,482465.192101,2026-08-01,2026-08-01_000919
AMD,5m,2026-07-31 14:00:00+00:00,495.08,496.3999,489.27,489.5501,471718.81981,2026-08-01,2026-08-01_000919
AMD,5m,2026-07-31 14:05:00+00:00,489.745,491.43,484.673,485.335,574828.5360000001,2026-08-01,2026-08-01_000919
AMD,5m,2026-07-31 14:10:00+00:00,485.6,488.23,483.1601,486.055,491358.069348,2026-08-01,2026-08-01_000919
AMD,5m,2026-07-31 14:15:00+00:00,485.97,490.4715,483.23,488.28,574097.177937,2026-08-01,2026-08-01_000919
AMD,5m,2026-07-31 14:20:00+00:00,488.0,491.99,486.98,489.37,461566.797356,2026-08-01,2026-08-01_000919
AMD,5m,2026-07-31 14:25:00+00:00,489.37,492.66,487.69,492.49,327590.926184,2026-08-01,2026-08-01_000919
AMD,5m,2026-07-31 14:30:00+00:00,492.395,494.99,489.3,492.035,530552.259379,2026-08-01,2026-08-01_000919
AMD,5m,2026-07-31 14:35:00+00:00,492.2,494.87,491.93,493.4485,295278.069806,2026-08-01,2026-08-01_000919
AMD,5m,2026-07-31 14:40:00+00:00,493.62,494.28,489.51,491.035,308613.524018,2026-08-01,2026-08-01_000919
AMD,5m,2026-07-31 14:45:00+00:00,491.035,493.531,488.63,493.175,324715.53989600006,2026-08-01,2026-08-01_000919
AMD,5m,2026-07-31 14:50:00+00:00,493.09,494.12,490.49,491.06,377441.189408,2026-08-01,2026-08-01_000919
AMD,5m,2026-07-31 14:55:00+00:00,491.11,493.7,490.46,491.995,222328.704188,2026-08-01,2026-08-01_000919
AMD,5m,2026-07-31 15:00:00+00:00,492.205,493.1,490.39,492.62,183204.411173,2026-08-01,2026-08-01_000919
AMD,5m,2026-07-31 15:05:00+00:00,492.98,494.0382,491.5,491.735,206963.26443799998,2026-08-01,2026-08-01_000919
AMD,5m,2026-07-31 15:10:00+00:00,491.99,493.5,488.18,492.05,320538.64815799997,2026-08-01,2026-08-01_000919
AMD,5m,2026-07-31 15:15:00+00:00,491.93,495.79,490.985,491.16,412007.007217,2026-08-01,2026-08-01_000919
AMD,5m,2026-07-31 15:20:00+00:00,490.94,491.38,487.23,487.905,229799.485727,2026-08-01,2026-08-01_000919
AMD,5m,2026-07-31 15:25:00+00:00,487.745,488.1,483.64,486.06,339145.93119100004,2026-08-01,2026-08-01_000919
AMD,5m,2026-07-31 15:30:00+00:00,486.06,488.4699,484.51,487.63,237236.56862099998,2026-08-01,2026-08-01_000919
AMD,5m,2026-07-31 15:35:00+00:00,487.63,490.88,487.3852,489.025,199633.070049,2026-08-01,2026-08-01_000919
AMD,5m,2026-07-31 15:40:00+00:00,488.82,489.41,486.12,488.065,161287.699677,2026-08-01,2026-08-01_000919
AMD,5m,2026-07-31 15:45:00+00:00,487.901,488.5,485.62,487.09,162195.621592,2026-08-01,2026-08-01_000919
AMD,5m,2026-07-31 15:50:00+00:00,487.37,489.97,487.37,489.685,256879.90467999998,2026-08-01,2026-08-01_000919
AMD,5m,2026-07-31 15:55:00+00:00,489.45,490.1982,486.54,487.8399,229354.65124099999,2026-08-01,2026-08-01_000919
AMD,5m,2026-07-31 16:00:00+00:00,487.645,489.5,486.56,488.395,163414.726556,2026-08-01,2026-08-01_000919
AMD,5m,2026-07-31 16:05:00+00:00,488.33,488.3399,487.0,487.74,105246.887449,2026-08-01,2026-08-01_000919
AMD,5m,2026-07-31 16:10:00+00:00,487.75,488.75,486.9639,488.03,164780.077407,2026-08-01,2026-08-01_000919
AMD,5m,2026-07-31 16:15:00+00:00,488.2,489.6,486.25,488.0,173310.226561,2026-08-01,2026-08-01_000919
AMD,5m,2026-07-31 16:20:00+00:00,487.99,490.07,487.4101,489.7799,225451.405173,2026-08-01,2026-08-01_000919
AMD,5m,2026-07-31 16:25:00+00:00,489.37,491.39,488.22,491.38,215867.614882,2026-08-01,2026-08-01_000919
AMD,5m,2026-07-31 16:30:00+00:00,491.38,492.61,490.5069,491.76,257288.86716999998,2026-08-01,2026-08-01_000919
AMD,5m,2026-07-31 16:35:00+00:00,491.775,492.38,490.25,490.63,297332.216064,2026-08-01,2026-08-01_000919
AMD,5m,2026-07-31 16:40:00+00:00,490.62,490.75,487.24,487.44,192021.189848,2026-08-01,2026-08-01_000919
AMD,5m,2026-07-31 16:45:00+00:00,487.44,489.27,487.0,488.88,205888.00512500003,2026-08-01,2026-08-01_000919
AMD,5m,2026-07-31 16:50:00+00:00,489.18,490.4499,488.5,488.56,128749.06315199999,2026-08-01,2026-08-01_000919
AMD,5m,2026-07-31 16:55:00+00:00,488.76,490.66,488.76,489.145,316818.990003,2026-08-01,2026-08-01_000919
AMD,5m,2026-07-31 17:00:00+00:00,489.15,490.7099,488.6,489.91,96232.21448499999,2026-08-01,2026-08-01_000919
AMD,5m,2026-07-31 17:05:00+00:00,489.6,489.89,488.36,489.25,121799.817388,2026-08-01,2026-08-01_000919
AMD,5m,2026-07-31 17:10:00+00:00,489.33,490.46,488.88,489.9,118156.576319,2026-08-01,2026-08-01_000919
AMD,5m,2026-07-31 17:15:00+00:00,489.75,490.55,489.56,490.415,120175.92871500002,2026-08-01,2026-08-01_000919
AMD,5m,2026-07-31 17:20:00+00:00,490.3,491.19,489.12,491.0517,124857.27961200001,2026-08-01,2026-08-01_000919
AMD,5m,2026-07-31 17:25:00+00:00,491.11,491.86,490.06,490.745,179124.99536600002,2026-08-01,2026-08-01_000919
AMD,5m,2026-07-31 17:30:00+00:00,490.68,491.64,489.66,491.4,147257.755034,2026-08-01,2026-08-01_000919
AMD,5m,2026-07-31 17:35:00+00:00,491.51,493.1,490.435,490.7499,202133.56096899998,2026-08-01,2026-08-01_000919
AMD,5m,2026-07-31 17:40:00+00:00,490.6,491.56,490.38,490.8,130275.944753,2026-08-01,2026-08-01_000919
AMD,5m,2026-07-31 17:45:00+00:00,490.71,491.37,488.7739,488.995,197985.265397,2026-08-01,2026-08-01_000919
AMD,5m,2026-07-31 17:50:00+00:00,489.0,490.8881,488.78,490.05,170491.59303699998,2026-08-01,2026-08-01_000919
AMD,5m,2026-07-31 17:55:00+00:00,489.92,490.5,489.2,489.37,112111.11780800001,2026-08-01,2026-08-01_000919
AMD,5m,2026-07-31 18:00:00+00:00,489.31,489.9999,488.1,488.3,113761.01446499999,2026-08-01,2026-08-01_000919
AMD,5m,2026-07-31 18:05:00+00:00,488.275,489.3,487.57,488.4,144505.522921,2026-08-01,2026-08-01_000919
AMD,5m,2026-07-31 18:10:00+00:00,488.31,488.6,486.0,486.35,158305.69663,2026-08-01,2026-08-01_000919
AMD,5m,2026-07-31 18:15:00+00:00,486.35,488.06,486.1,487.21,117868.639246,2026-08-01,2026-08-01_000919
AMD,5m,2026-07-31 18:20:00+00:00,487.175,488.239,486.7016,487.145,102445.43994,2026-08-01,2026-08-01_000919
AMD,5m,2026-07-31 18:25:00+00:00,487.12,487.52,486.5101,487.38,75317.145412,2026-08-01,2026-08-01_000919
AMD,5m,2026-07-31 18:30:00+00:00,487.53,488.5795,487.5,488.06,113755.495042,2026-08-01,2026-08-01_000919
AMD,5m,2026-07-31 18:35:00+00:00,488.06,488.56,487.18,488.515,102935.334219,2026-08-01,2026-08-01_000919
AMD,5m,2026-07-31 18:40:00+00:00,488.545,488.5899,487.8907,488.16,95465.86961099999,2026-08-01,2026-08-01_000919
AMD,5m,2026-07-31 18:45:00+00:00,488.01,488.49,487.16,487.9852,90059.689247,2026-08-01,2026-08-01_000919
AMD,5m,2026-07-31 18:50:00+00:00,488.22,488.835,487.61,487.965,107351.923229,2026-08-01,2026-08-01_000919
AMD,5m,2026-07-31 18:55:00+00:00,487.85,488.075,486.3,487.33,136733.438396,2026-08-01,2026-08-01_000919
AMD,5m,2026-07-31 19:00:00+00:00,487.2,488.0748,486.0,486.0,122364.645555,2026-08-01,2026-08-01_000919
AMD,5m,2026-07-31 19:05:00+00:00,486.0,486.7,485.36,486.25,160918.869416,2026-08-01,2026-08-01_000919
AMD,5m,2026-07-31 19:10:00+00:00,485.98,486.4,485.4725,485.84,126391.619047,2026-08-01,2026-08-01_000919
AMD,5m,2026-07-31 19:15:00+00:00,485.9,486.59,484.84,486.4,198320.321057,2026-08-01,2026-08-01_000919
AMD,5m,2026-07-31 19:20:00+00:00,486.32,486.5,485.5,485.63,133375.88241299998,2026-08-01,2026-08-01_000919
AMD,5m,2026-07-31 19:25:00+00:00,485.52,486.83,485.1001,486.6,130085.230629,2026-08-01,2026-08-01_000919
AMD,5m,2026-07-31 19:30:00+00:00,486.86,487.06,485.44,486.03,162413.351548,2026-08-01,2026-08-01_000919
AMD,5m,2026-07-31 19:35:00+00:00,486.14,486.19,483.53,483.87,216230.088808,2026-08-01,2026-08-01_000919
AMD,5m,2026-07-31 19:40:00+00:00,483.84,484.29,482.62,483.985,299978.475911,2026-08-01,2026-08-01_000919
AMD,5m,2026-07-31 19:45:00+00:00,484.14,486.53,484.14,486.475,281082.564398,2026-08-01,2026-08-01_000919
AMD,5m,2026-07-31 19:50:00+00:00,486.53,486.53,482.15,482.2,540409.025824,2026-08-01,2026-08-01_000919
AMD,5m,2026-07-31 19:55:00+00:00,482.57,482.57,475.76,476.24,1917780.0472650002,2026-08-01,2026-08-01_000919
AMD,5m,2026-07-31 20:00:00+00:00,476.15,478.25,474.23,475.87,146952.115797,2026-08-01,2026-08-01_000919
AMD,5m,2026-07-31 20:05:00+00:00,475.9877,478.0,475.9,477.6504,120219.735528,2026-08-01,2026-08-01_000919
AMD,5m,2026-07-31 20:10:00+00:00,477.75,478.8036,477.7128,478.0,18409.708522,2026-08-01,2026-08-01_000919
AMD,5m,2026-07-31 20:15:00+00:00,477.9861,478.1083,477.52,478.1083,20448.701586,2026-08-01,2026-08-01_000919
AMD,5m,2026-07-31 20:20:00+00:00,478.24,478.24,477.54,477.54,10588.773942000002,2026-08-01,2026-08-01_000919
AMD,5m,2026-07-31 20:25:00+00:00,477.5,477.7,476.15,477.43,12013.385798,2026-08-01,2026-08-01_000919
AMD,5m,2026-07-31 20:30:00+00:00,477.5387,478.55,477.32,478.55,13125.534248,2026-08-01,2026-08-01_000919
AMD,5m,2026-07-31 20:35:00+00:00,478.55,480.3,478.55,480.0,15802.385903999999,2026-08-01,2026-08-01_000919
AMD,5m,2026-07-31 20:40:00+00:00,479.75,479.98,479.5,479.79,13781.789397,2026-08-01,2026-08-01_000919
AMD,5m,2026-07-31 20:45:00+00:00,479.85,480.3,479.26,479.46,16213.063596999998,2026-08-01,2026-08-01_000919
AMD,5m,2026-07-31 20:50:00+00:00,479.46,479.88,477.05,477.53,18544.756386,2026-08-01,2026-08-01_000919
AMD,5m,2026-07-31 20:55:00+00:00,477.0701,477.54,477.0,477.4,15086.082401,2026-08-01,2026-08-01_000919
AMD,5m,2026-07-31 21:00:00+00:00,477.78,478.83,477.4487,478.3091,3119.637225,2026-08-01,2026-08-01_000919
AMD,5m,2026-07-31 21:05:00+00:00,478.76,479.0,478.06,478.98,4968.581723,2026-08-01,2026-08-01_000919
AMD,5m,2026-07-31 21:10:00+00:00,478.99,478.99,478.25,478.25,8943.161498,2026-08-01,2026-08-01_000919
AMD,5m,2026-07-31 21:15:00+00:00,478.0387,478.0401,478.0387,478.0401,814.896673,2026-08-01,2026-08-01_000919
AMD,5m,2026-07-31 21:20:00+00:00,478.3,478.5,478.06,478.4,2871.660228,2026-08-01,2026-08-01_000919
AMD,5m,2026-07-31 21:25:00+00:00,478.33,478.57,477.9999,477.9999,5268.545049,2026-08-01,2026-08-01_000919
AMD,5m,2026-07-31 21:30:00+00:00,477.0,477.93,477.0,477.39,2968.887256,2026-08-01,2026-08-01_000919
AMD,5m,2026-07-31 21:35:00+00:00,477.72,477.72,477.15,477.5,1477.082049,2026-08-01,2026-08-01_000919
AMD,5m,2026-07-31 21:40:00+00:00,477.5,477.5,477.15,477.2901,3489.791293,2026-08-01,2026-08-01_000919
AMD,5m,2026-07-31 21:45:00+00:00,477.29,477.29,476.93,476.93,4733.266719,2026-08-01,2026-08-01_000919
AMD,5m,2026-07-31 21:50:00+00:00,476.5,477.4,476.49,476.75,7615.512322999999,2026-08-01,2026-08-01_000919
AMD,5m,2026-07-31 21:55:00+00:00,476.8,477.4,476.51,476.51,2770.085681,2026-08-01,2026-08-01_000919
AMD,5m,2026-07-31 22:00:00+00:00,476.9442,477.0,476.28,476.28,5337.213995,2026-08-01,2026-08-01_000919
AMD,5m,2026-07-31 22:05:00+00:00,476.15,476.15,475.9,476.0,4291.198585,2026-08-01,2026-08-01_000919
AMD,5m,2026-07-31 22:10:00+00:00,476.39,476.5627,476.39,476.5,527.729723,2026-08-01,2026-08-01_000919
AMD,5m,2026-07-31 22:15:00+00:00,476.16,476.82,476.16,476.82,716.642795,2026-08-01,2026-08-01_000919
AMD,5m,2026-07-31 22:20:00+00:00,476.8838,476.9225,476.3,476.3,893.549642,2026-08-01,2026-08-01_000919
AMD,5m,2026-07-31 22:25:00+00:00,476.0,476.0319,476.0,476.0,2135.551522,2026-08-01,2026-08-01_000919
AMD,5m,2026-07-31 22:30:00+00:00,476.5,476.5,475.55,476.0,2867.221976,2026-08-01,2026-08-01_000919
AMD,5m,2026-07-31 22:35:00+00:00,476.0,477.0,476.0,476.8142,4979.2714479999995,2026-08-01,2026-08-01_000919
AMD,5m,2026-07-31 22:40:00+00:00,476.62,477.0,476.6,476.9647,2228.583909,2026-08-01,2026-08-01_000919
AMD,5m,2026-07-31 22:45:00+00:00,476.9,476.9,476.83,476.86,1492.301221,2026-08-01,2026-08-01_000919
AMD,5m,2026-07-31 22:50:00+00:00,476.61,476.9827,475.67,475.67,8450.279252,2026-08-01,2026-08-01_000919
AMD,5m,2026-07-31 22:55:00+00:00,475.84,476.0,475.7726,475.88,2372.72294,2026-08-01,2026-08-01_000919
AMD,5m,2026-07-31 23:00:00+00:00,475.8,476.8,475.8,476.797,1575.05026,2026-08-01,2026-08-01_000919
AMD,5m,2026-07-31 23:05:00+00:00,475.8001,476.0,474.48,476.0,9074.100063,2026-08-01,2026-08-01_000919
AMD,5m,2026-07-31 23:10:00+00:00,475.0,475.7675,474.89,475.08,1770.609302,2026-08-01,2026-08-01_000919
AMD,5m,2026-07-31 23:15:00+00:00,474.6954,475.0597,474.5,475.0,4064.7547219999997,2026-08-01,2026-08-01_000919
AMD,5m,2026-07-31 23:20:00+00:00,474.74,474.76,474.5,474.5,6833.494272,2026-08-01,2026-08-01_000919
AMD,5m,2026-07-31 23:25:00+00:00,474.23,475.0,474.23,474.75,5096.967638,2026-08-01,2026-08-01_000919
AMD,5m,2026-07-31 23:30:00+00:00,474.6,474.6,474.03,474.5,3331.909644,2026-08-01,2026-08-01_000919
AMD,5m,2026-07-31 23:35:00+00:00,474.5,474.9114,474.5,474.5,2712.0,2026-08-01,2026-08-01_000919
AMD,5m,2026-07-31 23:40:00+00:00,474.93,474.93,474.32,474.5,3159.169716,2026-08-01,2026-08-01_000919
AMD,5m,2026-07-31 23:45:00+00:00,474.3554,474.7879,474.3554,474.7879,2276.06,2026-08-01,2026-08-01_000919
AMD,5m,2026-07-31 23:50:00+00:00,474.51,474.51,473.6,474.062,9569.367612,2026-08-01,2026-08-01_000919
AMD,5m,2026-07-31 23:55:00+00:00,474.1,474.16,472.12,472.12,15105.150944,2026-08-01,2026-08-01_000919
AVGO,5m,2026-07-31 08:00:00+00:00,392.56,392.95,392.3,392.3,2519.629633,2026-08-01,2026-08-01_000919
AVGO,5m,2026-07-31 08:05:00+00:00,392.74,392.74,390.95,390.95,7294.747052000001,2026-08-01,2026-08-01_000919
AVGO,5m,2026-07-31 08:10:00+00:00,390.91,391.91,390.7,391.2,2734.6428109999997,2026-08-01,2026-08-01_000919
AVGO,5m,2026-07-31 08:15:00+00:00,392.24,392.99,392.15,392.99,1215.00389,2026-08-01,2026-08-01_000919
AVGO,5m,2026-07-31 08:20:00+00:00,393.0,393.0,392.8,392.8,848.9005199999999,2026-08-01,2026-08-01_000919
AVGO,5m,2026-07-31 08:25:00+00:00,393.19,393.66,393.19,393.66,702.445292,2026-08-01,2026-08-01_000919
AVGO,5m,2026-07-31 08:30:00+00:00,393.5,393.8,393.29,393.5,736.240413,2026-08-01,2026-08-01_000919
AVGO,5m,2026-07-31 08:35:00+00:00,393.3,393.64,393.3,393.64,894.146105,2026-08-01,2026-08-01_000919
AVGO,5m,2026-07-31 08:40:00+00:00,393.22,393.42,392.71,392.73,4452.296458,2026-08-01,2026-08-01_000919
AVGO,5m,2026-07-31 08:45:00+00:00,393.0,393.0,393.0,393.0,382.0,2026-08-01,2026-08-01_000919
AVGO,5m,2026-07-31 08:50:00+00:00,393.0001,393.01,392.79,393.0,2098.459117,2026-08-01,2026-08-01_000919
AVGO,5m,2026-07-31 09:00:00+00:00,393.4713,393.4713,393.2,393.2,558.792082,2026-08-01,2026-08-01_000919
AVGO,5m,2026-07-31 09:05:00+00:00,393.3,393.88,393.3,393.88,1557.2643199999998,2026-08-01,2026-08-01_000919
AVGO,5m,2026-07-31 09:10:00+00:00,393.34,393.47,392.89,393.19,6000.0,2026-08-01,2026-08-01_000919
AVGO,5m,2026-07-31 09:15:00+00:00,393.0,393.0,392.94,392.94,295.0,2026-08-01,2026-08-01_000919
AVGO,5m,2026-07-31 09:20:00+00:00,392.48,392.65,391.82,391.82,5746.512024,2026-08-01,2026-08-01_000919
AVGO,5m,2026-07-31 09:25:00+00:00,391.82,391.98,391.5,391.5,1261.2785,2026-08-01,2026-08-01_000919
AVGO,5m,2026-07-31 09:30:00+00:00,391.48,392.0,391.48,392.0,1965.571802,2026-08-01,2026-08-01_000919
AVGO,5m,2026-07-31 09:35:00+00:00,391.49,391.9,390.99,391.01,3737.7498,2026-08-01,2026-08-01_000919
AVGO,5m,2026-07-31 09:40:00+00:00,390.2,391.2,390.2,391.112,841.0,2026-08-01,2026-08-01_000919
AVGO,5m,2026-07-31 09:45:00+00:00,391.66,391.75,390.51,391.75,2318.587818,2026-08-01,2026-08-01_000919
AVGO,5m,2026-07-31 09:50:00+00:00,391.5,391.75,390.51,390.51,2370.07955,2026-08-01,2026-08-01_000919
AVGO,5m,2026-07-31 09:55:00+00:00,390.51,391.14,390.51,390.87,1838.0,2026-08-01,2026-08-01_000919
AVGO,5m,2026-07-31 10:00:00+00:00,390.97,391.16,390.89,391.16,1285.0,2026-08-01,2026-08-01_000919
AVGO,5m,2026-07-31 10:05:00+00:00,391.4884,391.92,391.4884,391.92,541.082143,2026-08-01,2026-08-01_000919
AVGO,5m,2026-07-31 10:10:00+00:00,391.85,392.35,391.48,392.35,2315.812676,2026-08-01,2026-08-01_000919
AVGO,5m,2026-07-31 10:15:00+00:00,391.89,392.0,391.48,392.0,696.0,2026-08-01,2026-08-01_000919
AVGO,5m,2026-07-31 10:20:00+00:00,392.28,392.34,391.68,391.68,3228.068401,2026-08-01,2026-08-01_000919
AVGO,5m,2026-07-31 10:25:00+00:00,391.529,391.86,391.529,391.86,614.526284,2026-08-01,2026-08-01_000919
AVGO,5m,2026-07-31 10:30:00+00:00,392.29,392.29,391.7,391.7,502.528822,2026-08-01,2026-08-01_000919
AVGO,5m,2026-07-31 10:35:00+00:00,391.97,392.0,391.97,392.0,448.0,2026-08-01,2026-08-01_000919
AVGO,5m,2026-07-31 10:40:00+00:00,392.09,392.09,392.09,392.09,253.240249,2026-08-01,2026-08-01_000919
AVGO,5m,2026-07-31 10:45:00+00:00,392.28,392.29,391.81,391.91,1756.0447820000002,2026-08-01,2026-08-01_000919
AVGO,5m,2026-07-31 10:50:00+00:00,392.22,392.22,392.0,392.0,249.0,2026-08-01,2026-08-01_000919
AVGO,5m,2026-07-31 10:55:00+00:00,392.45,392.45,392.24,392.3,286.38223700000003,2026-08-01,2026-08-01_000919
AVGO,5m,2026-07-31 11:00:00+00:00,392.09,394.0,391.9,394.0,10159.017792,2026-08-01,2026-08-01_000919
AVGO,5m,2026-07-31 11:05:00+00:00,394.01,394.5,393.9337,394.01,7475.604148,2026-08-01,2026-08-01_000919
AVGO,5m,2026-07-31 11:10:00+00:00,393.99,394.2,393.5,393.53,6645.149783,2026-08-01,2026-08-01_000919
AVGO,5m,2026-07-31 11:15:00+00:00,393.4,393.4,392.36,392.76,6157.507529,2026-08-01,2026-08-01_000919
AVGO,5m,2026-07-31 11:20:00+00:00,392.21,392.6,392.21,392.5855,2238.554728,2026-08-01,2026-08-01_000919
AVGO,5m,2026-07-31 11:25:00+00:00,392.3057,393.0,392.3057,392.75,7717.7224639999995,2026-08-01,2026-08-01_000919
AVGO,5m,2026-07-31 11:30:00+00:00,392.67,392.75,392.2952,392.2952,2090.353248,2026-08-01,2026-08-01_000919
AVGO,5m,2026-07-31 11:35:00+00:00,392.4,392.6,392.03,392.25,57136.087179,2026-08-01,2026-08-01_000919
AVGO,5m,2026-07-31 11:40:00+00:00,392.3,392.6,392.25,392.6,1708.272665,2026-08-01,2026-08-01_000919
AVGO,5m,2026-07-31 11:45:00+00:00,392.36,392.5785,392.36,392.5,652.987917,2026-08-01,2026-08-01_000919
AVGO,5m,2026-07-31 11:50:00+00:00,392.6,393.0,392.6,392.8966,2108.2446489999998,2026-08-01,2026-08-01_000919
AVGO,5m,2026-07-31 11:55:00+00:00,392.76,392.76,392.75,392.75,46131.0,2026-08-01,2026-08-01_000919
AVGO,5m,2026-07-31 12:00:00+00:00,392.9,392.96,392.1,392.1,1762.581256,2026-08-01,2026-08-01_000919
AVGO,5m,2026-07-31 12:05:00+00:00,392.1293,392.1293,391.8,391.82,2696.52532,2026-08-01,2026-08-01_000919
AVGO,5m,2026-07-31 12:10:00+00:00,391.75,391.8,391.17,391.3795,2388.2205,2026-08-01,2026-08-01_000919
AVGO,5m,2026-07-31 12:15:00+00:00,391.5,391.5,390.29,390.29,9951.384355,2026-08-01,2026-08-01_000919
AVGO,5m,2026-07-31 12:20:00+00:00,390.4784,391.491,390.4784,391.491,3717.9286819999998,2026-08-01,2026-08-01_000919
AVGO,5m,2026-07-31 12:25:00+00:00,391.54,391.91,391.0,391.45,2327.552078,2026-08-01,2026-08-01_000919
AVGO,5m,2026-07-31 12:30:00+00:00,391.3,391.32,391.0,391.0,3252.289385,2026-08-01,2026-08-01_000919
AVGO,5m,2026-07-31 12:35:00+00:00,390.7208,391.27,390.62,391.0,3328.164179,2026-08-01,2026-08-01_000919
AVGO,5m,2026-07-31 12:40:00+00:00,391.02,391.17,390.65,390.88,1980.180412,2026-08-01,2026-08-01_000919
AVGO,5m,2026-07-31 12:45:00+00:00,390.9423,391.0,390.3,390.35,10111.268375,2026-08-01,2026-08-01_000919
AVGO,5m,2026-07-31 12:50:00+00:00,390.35,391.26,390.35,390.87,3795.961416,2026-08-01,2026-08-01_000919
AVGO,5m,2026-07-31 12:55:00+00:00,390.87,391.32,390.55,390.831,1106.6850100000001,2026-08-01,2026-08-01_000919
AVGO,5m,2026-07-31 13:00:00+00:00,391.0,391.35,390.5727,391.2,1185.122262,2026-08-01,2026-08-01_000919
AVGO,5m,2026-07-31 13:05:00+00:00,390.64,391.48,390.52,391.48,14070.383429000001,2026-08-01,2026-08-01_000919
AVGO,5m,2026-07-31 13:10:00+00:00,391.47,391.86,390.99,391.1397,13652.234593000001,2026-08-01,2026-08-01_000919
AVGO,5m,2026-07-31 13:15:00+00:00,391.6462,391.86,390.51,390.7792,6324.515958,2026-08-01,2026-08-01_000919
AVGO,5m,2026-07-31 13:20:00+00:00,390.51,390.75,390.1314,390.25,5472.248297,2026-08-01,2026-08-01_000919
AVGO,5m,2026-07-31 13:25:00+00:00,390.5,395.78,390.35,394.95,40668.213963999995,2026-08-01,2026-08-01_000919
AVGO,5m,2026-07-31 13:30:00+00:00,394.83,399.92,391.5,398.6175,1026489.0367970001,2026-08-01,2026-08-01_000919
AVGO,5m,2026-07-31 13:35:00+00:00,398.27,398.69,390.0,390.26,435771.06372700003,2026-08-01,2026-08-01_000919
AVGO,5m,2026-07-31 13:40:00+00:00,390.19,391.57,384.28,384.28,490937.37911900005,2026-08-01,2026-08-01_000919
AVGO,5m,2026-07-31 13:45:00+00:00,384.45,386.46,384.01,385.61,331133.948682,2026-08-01,2026-08-01_000919
AVGO,5m,2026-07-31 13:50:00+00:00,385.55,385.98,383.2515,384.15,249674.020778,2026-08-01,2026-08-01_000919
AVGO,5m,2026-07-31 13:55:00+00:00,384.26,387.09,383.98,386.548,311225.038624,2026-08-01,2026-08-01_000919
AVGO,5m,2026-07-31 14:00:00+00:00,386.54,387.09,383.77,383.9,272738.464276,2026-08-01,2026-08-01_000919
AVGO,5m,2026-07-31 14:05:00+00:00,383.65,384.96,381.375,381.71,288681.04168900003,2026-08-01,2026-08-01_000919
AVGO,5m,2026-07-31 14:10:00+00:00,381.66,383.22,380.11,381.545,248591.56695900002,2026-08-01,2026-08-01_000919
AVGO,5m,2026-07-31 14:15:00+00:00,381.5,382.5576,379.71,381.675,220740.627146,2026-08-01,2026-08-01_000919
AVGO,5m,2026-07-31 14:20:00+00:00,381.5,382.9399,381.05,381.86,147033.15464999998,2026-08-01,2026-08-01_000919
AVGO,5m,2026-07-31 14:25:00+00:00,381.81,383.1,380.88,382.745,144050.552104,2026-08-01,2026-08-01_000919
AVGO,5m,2026-07-31 14:30:00+00:00,382.82,385.5698,382.52,385.5698,554250.510484,2026-08-01,2026-08-01_000919
AVGO,5m,2026-07-31 14:35:00+00:00,385.5,386.97,385.3,386.4,163664.897431,2026-08-01,2026-08-01_000919
AVGO,5m,2026-07-31 14:40:00+00:00,386.41,386.8,384.83,386.395,138795.12109,2026-08-01,2026-08-01_000919
AVGO,5m,2026-07-31 14:45:00+00:00,386.395,388.1,385.01,388.1,157170.141958,2026-08-01,2026-08-01_000919
AVGO,5m,2026-07-31 14:50:00+00:00,388.05,389.17,387.65,388.36,145338.856632,2026-08-01,2026-08-01_000919
AVGO,5m,2026-07-31 14:55:00+00:00,388.44,388.96,387.57,387.86,166721.535742,2026-08-01,2026-08-01_000919
AVGO,5m,2026-07-31 15:00:00+00:00,387.93,388.28,387.04,388.095,93158.274036,2026-08-01,2026-08-01_000919
AVGO,5m,2026-07-31 15:05:00+00:00,388.09,388.3938,386.65,387.035,217839.340425,2026-08-01,2026-08-01_000919
AVGO,5m,2026-07-31 15:10:00+00:00,387.035,387.175,385.3,386.04,119657.671482,2026-08-01,2026-08-01_000919
AVGO,5m,2026-07-31 15:15:00+00:00,385.86,387.48,385.471,386.5,92939.388597,2026-08-01,2026-08-01_000919
AVGO,5m,2026-07-31 15:20:00+00:00,386.5,386.64,384.41,384.61,133600.640193,2026-08-01,2026-08-01_000919
AVGO,5m,2026-07-31 15:25:00+00:00,384.62,384.77,382.5,384.11,165018.86551,2026-08-01,2026-08-01_000919
AVGO,5m,2026-07-31 15:30:00+00:00,384.125,385.24,383.55,385.24,142306.984048,2026-08-01,2026-08-01_000919
AVGO,5m,2026-07-31 15:35:00+00:00,385.165,387.525,385.165,387.255,111507.61063299999,2026-08-01,2026-08-01_000919
AVGO,5m,2026-07-31 15:40:00+00:00,387.28,387.85,384.97,385.68,176137.202296,2026-08-01,2026-08-01_000919
AVGO,5m,2026-07-31 15:45:00+00:00,385.785,386.0,384.08,385.0,130497.94381900001,2026-08-01,2026-08-01_000919
AVGO,5m,2026-07-31 15:50:00+00:00,385.005,386.19,384.98,386.075,116210.19494900003,2026-08-01,2026-08-01_000919
AVGO,5m,2026-07-31 15:55:00+00:00,386.02,386.41,385.36,385.71,75764.244031,2026-08-01,2026-08-01_000919
AVGO,5m,2026-07-31 16:00:00+00:00,385.59,386.53,385.305,385.825,126365.455453,2026-08-01,2026-08-01_000919
AVGO,5m,2026-07-31 16:05:00+00:00,385.71,386.11,384.82,386.025,134011.899515,2026-08-01,2026-08-01_000919
AVGO,5m,2026-07-31 16:10:00+00:00,386.025,386.14,384.83,385.335,86219.885241,2026-08-01,2026-08-01_000919
AVGO,5m,2026-07-31 16:15:00+00:00,385.45,385.5,384.36,385.07,87761.350456,2026-08-01,2026-08-01_000919
AVGO,5m,2026-07-31 16:20:00+00:00,385.02,387.48,384.96,387.18,176773.244096,2026-08-01,2026-08-01_000919
AVGO,5m,2026-07-31 16:25:00+00:00,387.18,387.97,386.44,387.95,74716.409285,2026-08-01,2026-08-01_000919
AVGO,5m,2026-07-31 16:30:00+00:00,388.0,388.42,387.42,387.595,73966.580051,2026-08-01,2026-08-01_000919
AVGO,5m,2026-07-31 16:35:00+00:00,387.6,388.44,387.6,388.085,62877.904288000005,2026-08-01,2026-08-01_000919
AVGO,5m,2026-07-31 16:40:00+00:00,388.18,388.295,386.65,386.98,79046.032504,2026-08-01,2026-08-01_000919
AVGO,5m,2026-07-31 16:45:00+00:00,386.98,387.66,386.44,387.305,55439.829455,2026-08-01,2026-08-01_000919
AVGO,5m,2026-07-31 16:50:00+00:00,387.4,388.65,387.38,388.1,109193.196674,2026-08-01,2026-08-01_000919
AVGO,5m,2026-07-31 16:55:00+00:00,388.03,388.875,387.8201,387.955,98708.95132499999,2026-08-01,2026-08-01_000919
AVGO,5m,2026-07-31 17:00:00+00:00,388.0,389.25,387.56,388.795,155902.410028,2026-08-01,2026-08-01_000919
AVGO,5m,2026-07-31 17:05:00+00:00,388.81,389.2499,388.66,389.045,112171.052512,2026-08-01,2026-08-01_000919
AVGO,5m,2026-07-31 17:10:00+00:00,389.07,389.7,388.8004,389.47,78808.5355,2026-08-01,2026-08-01_000919
AVGO,5m,2026-07-31 17:15:00+00:00,389.49,389.9199,389.14,389.665,107206.211205,2026-08-01,2026-08-01_000919
AVGO,5m,2026-07-31 17:20:00+00:00,389.665,389.92,388.875,389.845,66423.150527,2026-08-01,2026-08-01_000919
AVGO,5m,2026-07-31 17:25:00+00:00,389.92,390.5,389.7601,390.215,119651.68940799999,2026-08-01,2026-08-01_000919
AVGO,5m,2026-07-31 17:30:00+00:00,390.215,390.53,389.55,390.27,117907.15368700001,2026-08-01,2026-08-01_000919
AVGO,5m,2026-07-31 17:35:00+00:00,390.44,390.6318,389.1921,389.29,86107.617331,2026-08-01,2026-08-01_000919
AVGO,5m,2026-07-31 17:40:00+00:00,389.29,389.58,388.56,389.08,132339.143306,2026-08-01,2026-08-01_000919
AVGO,5m,2026-07-31 17:45:00+00:00,389.015,389.335,388.05,388.22,111494.940228,2026-08-01,2026-08-01_000919
AVGO,5m,2026-07-31 17:50:00+00:00,388.14,388.89,388.04,388.76,66072.37154899999,2026-08-01,2026-08-01_000919
AVGO,5m,2026-07-31 17:55:00+00:00,388.795,389.33,388.58,388.715,55098.37132400001,2026-08-01,2026-08-01_000919
AVGO,5m,2026-07-31 18:00:00+00:00,388.77,388.78,387.74,387.94416,91864.884909,2026-08-01,2026-08-01_000919
AVGO,5m,2026-07-31 18:05:00+00:00,387.8,388.66,387.58,388.2,215450.168776,2026-08-01,2026-08-01_000919
AVGO,5m,2026-07-31 18:10:00+00:00,388.195,388.195,387.24,387.385,80476.956282,2026-08-01,2026-08-01_000919
AVGO,5m,2026-07-31 18:15:00+00:00,387.4,388.8299,387.355,388.415,72704.567696,2026-08-01,2026-08-01_000919
AVGO,5m,2026-07-31 18:20:00+00:00,388.415,388.7385,388.1,388.2101,71575.540223,2026-08-01,2026-08-01_000919
AVGO,5m,2026-07-31 18:25:00+00:00,388.21,388.59,387.8,388.53,98736.709242,2026-08-01,2026-08-01_000919
AVGO,5m,2026-07-31 18:30:00+00:00,388.59,389.37,388.59,389.06,74784.046399,2026-08-01,2026-08-01_000919
AVGO,5m,2026-07-31 18:35:00+00:00,389.08,389.11,388.17,388.57,68175.417095,2026-08-01,2026-08-01_000919
AVGO,5m,2026-07-31 18:40:00+00:00,388.5795,389.0,388.24,388.44,60674.792726,2026-08-01,2026-08-01_000919
AVGO,5m,2026-07-31 18:45:00+00:00,388.44,389.05,388.4,388.91,48990.547377999996,2026-08-01,2026-08-01_000919
AVGO,5m,2026-07-31 18:50:00+00:00,388.985,389.43,388.92,389.16,78844.63329,2026-08-01,2026-08-01_000919
AVGO,5m,2026-07-31 18:55:00+00:00,389.07,389.176,387.86,388.39,63182.679772,2026-08-01,2026-08-01_000919
AVGO,5m,2026-07-31 19:00:00+00:00,388.38,388.91,387.36,387.4688,80186.309746,2026-08-01,2026-08-01_000919
AVGO,5m,2026-07-31 19:05:00+00:00,387.4,387.91,386.82,387.755,138985.53120599999,2026-08-01,2026-08-01_000919
AVGO,5m,2026-07-31 19:10:00+00:00,387.755,388.2,387.475,387.81,63857.602557000006,2026-08-01,2026-08-01_000919
AVGO,5m,2026-07-31 19:15:00+00:00,387.76,388.5,387.46,388.38,227824.116084,2026-08-01,2026-08-01_000919
AVGO,5m,2026-07-31 19:20:00+00:00,388.38,389.0995,388.2,388.27,101302.22683599999,2026-08-01,2026-08-01_000919
AVGO,5m,2026-07-31 19:25:00+00:00,388.26,388.58,388.0,388.365,81984.750904,2026-08-01,2026-08-01_000919
AVGO,5m,2026-07-31 19:30:00+00:00,388.36,388.41,387.62,388.09,92629.165732,2026-08-01,2026-08-01_000919
AVGO,5m,2026-07-31 19:35:00+00:00,388.13,388.29,387.8,388.22,92560.833029,2026-08-01,2026-08-01_000919
AVGO,5m,2026-07-31 19:40:00+00:00,388.22,388.98,387.76,388.88,192320.94419100002,2026-08-01,2026-08-01_000919
AVGO,5m,2026-07-31 19:45:00+00:00,388.7801,389.34,388.65,389.25,158268.888965,2026-08-01,2026-08-01_000919
AVGO,5m,2026-07-31 19:50:00+00:00,389.22,390.46,388.1,390.19,370592.779019,2026-08-01,2026-08-01_000919
AVGO,5m,2026-07-31 19:55:00+00:00,390.19,391.2496,389.17,389.27,1468029.724715,2026-08-01,2026-08-01_000919
AVGO,5m,2026-07-31 20:00:00+00:00,389.26,390.0,388.5,389.0,108995.30025199999,2026-08-01,2026-08-01_000919
AVGO,5m,2026-07-31 20:05:00+00:00,388.9387,389.28,388.5,389.28,17005.695934000003,2026-08-01,2026-08-01_000919
AVGO,5m,2026-07-31 20:10:00+00:00,389.2,389.28,388.8,389.2035,17861.829192,2026-08-01,2026-08-01_000919
AVGO,5m,2026-07-31 20:15:00+00:00,388.95,389.0856,388.6,388.6,5056.456259,2026-08-01,2026-08-01_000919
AVGO,5m,2026-07-31 20:20:00+00:00,388.78,388.79,388.55,388.7,1741.164976,2026-08-01,2026-08-01_000919
AVGO,5m,2026-07-31 20:25:00+00:00,388.7,388.74,388.5,388.5,1003.385901,2026-08-01,2026-08-01_000919
AVGO,5m,2026-07-31 20:30:00+00:00,388.5,388.8,388.377,388.8,2330.667749,2026-08-01,2026-08-01_000919
AVGO,5m,2026-07-31 20:35:00+00:00,388.96,389.28,388.4,389.2017,14177.123277,2026-08-01,2026-08-01_000919
AVGO,5m,2026-07-31 20:40:00+00:00,389.28,389.28,389.2,389.2715,2433.556388,2026-08-01,2026-08-01_000919
AVGO,5m,2026-07-31 20:45:00+00:00,389.2,389.28,389.2,389.2074,5173.050117,2026-08-01,2026-08-01_000919
AVGO,5m,2026-07-31 20:50:00+00:00,389.27,389.28,388.35,388.35,7317.494096,2026-08-01,2026-08-01_000919
AVGO,5m,2026-07-31 20:55:00+00:00,388.33,388.47,387.92,387.92,8410.047432,2026-08-01,2026-08-01_000919
AVGO,5m,2026-07-31 21:00:00+00:00,388.5,388.5,388.5,388.5,1193.237125,2026-08-01,2026-08-01_000919
AVGO,5m,2026-07-31 21:05:00+00:00,388.1992,388.1992,388.1992,388.1992,517.489131,2026-08-01,2026-08-01_000919
AVGO,5m,2026-07-31 21:15:00+00:00,388.61,388.61,388.4067,388.4067,232.187678,2026-08-01,2026-08-01_000919
AVGO,5m,2026-07-31 21:20:00+00:00,388.32,388.95,388.32,388.95,506.805063,2026-08-01,2026-08-01_000919
AVGO,5m,2026-07-31 21:25:00+00:00,388.45,388.45,388.02,388.1271,779.8563800000001,2026-08-01,2026-08-01_000919
AVGO,5m,2026-07-31 21:35:00+00:00,388.127,388.127,388.01,388.01,421.516159,2026-08-01,2026-08-01_000919
AVGO,5m,2026-07-31 21:40:00+00:00,388.01,388.03,388.0,388.01,5797.575204,2026-08-01,2026-08-01_000919
AVGO,5m,2026-07-31 21:45:00+00:00,388.01,388.15,387.65,387.65,6715.720125999999,2026-08-01,2026-08-01_000919
AVGO,5m,2026-07-31 21:50:00+00:00,388.14,388.14,387.71,387.78,419.051829,2026-08-01,2026-08-01_000919
AVGO,5m,2026-07-31 21:55:00+00:00,387.8,387.8247,387.6,387.6,1393.406818,2026-08-01,2026-08-01_000919
AVGO,5m,2026-07-31 22:00:00+00:00,387.65,387.65,387.42,387.42,1949.929478,2026-08-01,2026-08-01_000919
AVGO,5m,2026-07-31 22:05:00+00:00,387.5,387.5,387.5,387.5,820.3827540000001,2026-08-01,2026-08-01_000919
AVGO,5m,2026-07-31 22:10:00+00:00,387.42,387.42,387.09,387.09,1729.5092359999999,2026-08-01,2026-08-01_000919
AVGO,5m,2026-07-31 22:15:00+00:00,387.1903,387.35,387.0,387.35,1022.373468,2026-08-01,2026-08-01_000919
AVGO,5m,2026-07-31 22:20:00+00:00,387.3056,387.34,386.8,386.8,1945.053606,2026-08-01,2026-08-01_000919
AVGO,5m,2026-07-31 22:25:00+00:00,386.8,386.9,386.59,386.7,2014.012924,2026-08-01,2026-08-01_000919
AVGO,5m,2026-07-31 22:30:00+00:00,386.8931,386.95,386.7,386.95,610.0,2026-08-01,2026-08-01_000919
AVGO,5m,2026-07-31 22:35:00+00:00,386.95,386.95,386.7028,386.7028,240.271363,2026-08-01,2026-08-01_000919
AVGO,5m,2026-07-31 22:40:00+00:00,387.56,387.56,386.7,386.7,4831.0,2026-08-01,2026-08-01_000919
AVGO,5m,2026-07-31 22:45:00+00:00,387.4732,387.56,387.02,387.56,421.0,2026-08-01,2026-08-01_000919
AVGO,5m,2026-07-31 22:50:00+00:00,387.39,387.39,387.39,387.39,139.0,2026-08-01,2026-08-01_000919
AVGO,5m,2026-07-31 22:55:00+00:00,387.1,387.1775,387.1,387.1775,256.258098,2026-08-01,2026-08-01_000919
AVGO,5m,2026-07-31 23:05:00+00:00,387.48,387.74,387.2145,387.74,2062.012853,2026-08-01,2026-08-01_000919
AVGO,5m,2026-07-31 23:10:00+00:00,387.63,387.63,387.47,387.47,1455.00258,2026-08-01,2026-08-01_000919
AVGO,5m,2026-07-31 23:15:00+00:00,387.47,387.47,387.2,387.2,437.002581,2026-08-01,2026-08-01_000919
AVGO,5m,2026-07-31 23:20:00+00:00,387.37,387.37,387.1,387.1,1224.0,2026-08-01,2026-08-01_000919
AVGO,5m,2026-07-31 23:25:00+00:00,387.1,387.1,387.1,387.1,150.090322,2026-08-01,2026-08-01_000919
AVGO,5m,2026-07-31 23:30:00+00:00,387.4,387.4,387.4,387.4,77.903456,2026-08-01,2026-08-01_000919
AVGO,5m,2026-07-31 23:40:00+00:00,387.37,387.4442,387.28,387.28,288.06325200000003,2026-08-01,2026-08-01_000919
AVGO,5m,2026-07-31 23:50:00+00:00,387.97,387.97,387.42,387.4999,562.021379,2026-08-01,2026-08-01_000919
AVGO,5m,2026-07-31 23:55:00+00:00,387.331,387.45,387.05,387.4499,1201.0,2026-08-01,2026-08-01_000919
MU,5m,2026-07-31 08:00:00+00:00,902.41,912.58,893.01,893.01,62021.644824999996,2026-08-01,2026-08-01_000919
MU,5m,2026-07-31 08:05:00+00:00,893.0,897.0,890.95,891.7,65991.718201,2026-08-01,2026-08-01_000919
MU,5m,2026-07-31 08:10:00+00:00,891.7,897.99,889.95,896.46,51791.722666,2026-08-01,2026-08-01_000919
MU,5m,2026-07-31 08:15:00+00:00,896.46,897.48,892.99,896.0,27177.950997,2026-08-01,2026-08-01_000919
MU,5m,2026-07-31 08:20:00+00:00,896.0,897.0,892.8,895.0,33477.777514,2026-08-01,2026-08-01_000919
MU,5m,2026-07-31 08:25:00+00:00,895.5,901.85,894.01,901.0,37148.695321,2026-08-01,2026-08-01_000919
MU,5m,2026-07-31 08:30:00+00:00,901.22,905.0,900.51,904.4,50765.957422,2026-08-01,2026-08-01_000919
MU,5m,2026-07-31 08:35:00+00:00,903.45,906.0,901.74,903.02,21549.925860000003,2026-08-01,2026-08-01_000919
MU,5m,2026-07-31 08:40:00+00:00,903.0,903.0,900.22,900.68,19991.244997,2026-08-01,2026-08-01_000919
MU,5m,2026-07-31 08:45:00+00:00,900.8,905.0,900.48,904.6,23535.576038,2026-08-01,2026-08-01_000919
MU,5m,2026-07-31 08:50:00+00:00,904.71,905.0,901.0,901.08,18254.645821000002,2026-08-01,2026-08-01_000919
MU,5m,2026-07-31 08:55:00+00:00,900.86,905.0,900.6,905.0,21522.577519,2026-08-01,2026-08-01_000919
MU,5m,2026-07-31 09:00:00+00:00,904.74,914.79,903.79,914.1,64723.507759,2026-08-01,2026-08-01_000919
MU,5m,2026-07-31 09:05:00+00:00,913.96,915.42,912.17,915.03,36217.999155,2026-08-01,2026-08-01_000919
MU,5m,2026-07-31 09:10:00+00:00,914.5,916.02,913.0,913.5,24751.928380999998,2026-08-01,2026-08-01_000919
MU,5m,2026-07-31 09:15:00+00:00,913.0,913.91,910.0,912.7,33764.471349,2026-08-01,2026-08-01_000919
MU,5m,2026-07-31 09:20:00+00:00,912.42,915.0,910.45,912.03,25348.848985,2026-08-01,2026-08-01_000919
MU,5m,2026-07-31 09:25:00+00:00,912.3,913.0,907.724,909.0,26835.497248,2026-08-01,2026-08-01_000919
MU,5m,2026-07-31 09:30:00+00:00,908.64,909.56,905.29,905.31,20394.511161,2026-08-01,2026-08-01_000919
MU,5m,2026-07-31 09:35:00+00:00,905.38,907.5,904.2,907.5,23601.427652,2026-08-01,2026-08-01_000919
MU,5m,2026-07-31 09:40:00+00:00,907.32,908.73,906.16,906.35,11831.423938999998,2026-08-01,2026-08-01_000919
MU,5m,2026-07-31 09:45:00+00:00,907.1,908.41,906.0,907.5684,10225.199232,2026-08-01,2026-08-01_000919
MU,5m,2026-07-31 09:50:00+00:00,907.99,909.0,903.2005,905.0,16187.726139999999,2026-08-01,2026-08-01_000919
MU,5m,2026-07-31 09:55:00+00:00,903.4,905.0,900.1,901.26,25490.068638999997,2026-08-01,2026-08-01_000919
MU,5m,2026-07-31 10:00:00+00:00,900.91,903.0,900.0,901.96,22601.058356999998,2026-08-01,2026-08-01_000919
MU,5m,2026-07-31 10:05:00+00:00,902.01,904.99,899.0,903.72,18320.198424000002,2026-08-01,2026-08-01_000919
MU,5m,2026-07-31 10:10:00+00:00,904.0249,907.5,904.0249,906.67,15355.725957999999,2026-08-01,2026-08-01_000919
MU,5m,2026-07-31 10:15:00+00:00,906.25,906.32,904.74,905.08,6144.925034,2026-08-01,2026-08-01_000919
MU,5m,2026-07-31 10:20:00+00:00,906.81,909.0,906.52,908.0,16720.850351,2026-08-01,2026-08-01_000919
MU,5m,2026-07-31 10:25:00+00:00,908.19,911.9,908.19,911.9,20723.110508,2026-08-01,2026-08-01_000919
MU,5m,2026-07-31 10:30:00+00:00,911.66,912.0,908.7739,908.7739,20322.532780999998,2026-08-01,2026-08-01_000919
MU,5m,2026-07-31 10:35:00+00:00,908.5,909.7061,907.5,908.27,16176.625479000002,2026-08-01,2026-08-01_000919
MU,5m,2026-07-31 10:40:00+00:00,908.27,910.92,907.31,909.035,11677.504865,2026-08-01,2026-08-01_000919
MU,5m,2026-07-31 10:45:00+00:00,909.75,911.3,907.11,908.0,14706.576377,2026-08-01,2026-08-01_000919
MU,5m,2026-07-31 10:50:00+00:00,908.1,910.77,908.1,910.77,6379.809643999999,2026-08-01,2026-08-01_000919
MU,5m,2026-07-31 10:55:00+00:00,910.76,911.0335,908.35,908.5,13809.780861000001,2026-08-01,2026-08-01_000919
MU,5m,2026-07-31 11:00:00+00:00,909.53,920.0,908.62,918.5,134136.940559,2026-08-01,2026-08-01_000919
MU,5m,2026-07-31 11:05:00+00:00,918.5,920.94,917.5,920.13,107090.32120800001,2026-08-01,2026-08-01_000919
MU,5m,2026-07-31 11:10:00+00:00,920.5,920.94,917.0,918.0254,52865.629008,2026-08-01,2026-08-01_000919
MU,5m,2026-07-31 11:15:00+00:00,919.0,919.8,911.1,913.1147,86659.991283,2026-08-01,2026-08-01_000919
MU,5m,2026-07-31 11:20:00+00:00,913.63,915.0,912.7,914.2614,36466.739806,2026-08-01,2026-08-01_000919
MU,5m,2026-07-31 11:25:00+00:00,914.78,916.0,912.3716,913.28,48643.888805,2026-08-01,2026-08-01_000919
MU,5m,2026-07-31 11:30:00+00:00,913.5628,913.5628,910.6987,912.5923,38302.088354,2026-08-01,2026-08-01_000919
MU,5m,2026-07-31 11:35:00+00:00,913.0,915.85,911.7,912.3,39551.919941,2026-08-01,2026-08-01_000919
MU,5m,2026-07-31 11:40:00+00:00,912.9058,916.7,912.3,916.23,54513.129359,2026-08-01,2026-08-01_000919
MU,5m,2026-07-31 11:45:00+00:00,916.24,917.0,914.0,915.6,33126.573741,2026-08-01,2026-08-01_000919
MU,5m,2026-07-31 11:50:00+00:00,916.0,918.0,915.5,916.45,53441.00251200001,2026-08-01,2026-08-01_000919
MU,5m,2026-07-31 11:55:00+00:00,916.45,916.98,915.0,915.99,26917.950369,2026-08-01,2026-08-01_000919
MU,5m,2026-07-31 12:00:00+00:00,915.84,916.0,910.01,910.66,71479.544481,2026-08-01,2026-08-01_000919
MU,5m,2026-07-31 12:05:00+00:00,910.97,912.85,910.1,910.1,71337.217146,2026-08-01,2026-08-01_000919
MU,5m,2026-07-31 12:10:00+00:00,910.1,910.8,908.1,909.57,52769.671174,2026-08-01,2026-08-01_000919
MU,5m,2026-07-31 12:15:00+00:00,909.23,909.5,904.0,904.62,55496.95313400001,2026-08-01,2026-08-01_000919
MU,5m,2026-07-31 12:20:00+00:00,904.7553,910.3,904.7553,908.0,58557.919513,2026-08-01,2026-08-01_000919
MU,5m,2026-07-31 12:25:00+00:00,908.0,911.99,907.98,911.5,40355.794335,2026-08-01,2026-08-01_000919
MU,5m,2026-07-31 12:30:00+00:00,911.83,911.83,905.52,906.5,38734.296578,2026-08-01,2026-08-01_000919
MU,5m,2026-07-31 12:35:00+00:00,906.22,908.24,904.08,904.5,47444.459168,2026-08-01,2026-08-01_000919
MU,5m,2026-07-31 12:40:00+00:00,904.9376,906.03,901.0,902.42,61337.400149,2026-08-01,2026-08-01_000919
MU,5m,2026-07-31 12:45:00+00:00,903.31,903.73,899.0,903.7299,67246.436187,2026-08-01,2026-08-01_000919
MU,5m,2026-07-31 12:50:00+00:00,903.6385,907.7807,902.83,907.0,40388.405960000004,2026-08-01,2026-08-01_000919
MU,5m,2026-07-31 12:55:00+00:00,907.1,908.46,903.58,904.1,40475.10732,2026-08-01,2026-08-01_000919
MU,5m,2026-07-31 13:00:00+00:00,904.03,908.9,902.2,907.84,31824.069856000002,2026-08-01,2026-08-01_000919
MU,5m,2026-07-31 13:05:00+00:00,907.5,910.81,906.93,910.76,52079.759422,2026-08-01,2026-08-01_000919
MU,5m,2026-07-31 13:10:00+00:00,910.18,913.3,910.05,911.5001,62199.07461299999,2026-08-01,2026-08-01_000919
MU,5m,2026-07-31 13:15:00+00:00,911.81,915.0,911.752,913.27,63949.000012000004,2026-08-01,2026-08-01_000919
MU,5m,2026-07-31 13:20:00+00:00,913.24,916.88,912.0,915.6,66769.209438,2026-08-01,2026-08-01_000919
MU,5m,2026-07-31 13:25:00+00:00,915.9,923.4,915.9,919.86,133876.013809,2026-08-01,2026-08-01_000919
MU,5m,2026-07-31 13:30:00+00:00,919.65,930.88,913.0,919.18,2548804.2501679994,2026-08-01,2026-08-01_000919
MU,5m,2026-07-31 13:35:00+00:00,919.18,928.6,909.24,910.34,1513643.912777,2026-08-01,2026-08-01_000919
MU,5m,2026-07-31 13:40:00+00:00,910.449854,912.7699,882.88,883.235,2093487.163161,2026-08-01,2026-08-01_000919
MU,5m,2026-07-31 13:45:00+00:00,883.225,891.41,867.28,873.3599,1890566.284642,2026-08-01,2026-08-01_000919
MU,5m,2026-07-31 13:50:00+00:00,872.995,878.6094,859.17,863.295,1505678.163168,2026-08-01,2026-08-01_000919
MU,5m,2026-07-31 13:55:00+00:00,863.155,869.33,859.54,863.7523,1012308.937619,2026-08-01,2026-08-01_000919
MU,5m,2026-07-31 14:00:00+00:00,863.76,866.92,843.1,843.31,1848313.970932,2026-08-01,2026-08-01_000919
MU,5m,2026-07-31 14:05:00+00:00,843.315,849.33,831.51,834.9,1567274.818596,2026-08-01,2026-08-01_000919
MU,5m,2026-07-31 14:10:00+00:00,835.3,846.44,828.28,838.99,1489131.3436879998,2026-08-01,2026-08-01_000919
MU,5m,2026-07-31 14:15:00+00:00,839.28,852.23,832.511,850.3877,1311993.7338760002,2026-08-01,2026-08-01_000919
MU,5m,2026-07-31 14:20:00+00:00,850.44,854.98,843.0,846.58,1106941.1658080001,2026-08-01,2026-08-01_000919
MU,5m,2026-07-31 14:25:00+00:00,846.57,853.29,844.0,852.59,627065.121041,2026-08-01,2026-08-01_000919
MU,5m,2026-07-31 14:30:00+00:00,852.77,854.99,845.03,848.71,976406.594694,2026-08-01,2026-08-01_000919
MU,5m,2026-07-31 14:35:00+00:00,848.345,853.86,844.13,845.88,581180.062394,2026-08-01,2026-08-01_000919
MU,5m,2026-07-31 14:40:00+00:00,845.75,849.84,840.13,842.26,655015.920069,2026-08-01,2026-08-01_000919
MU,5m,2026-07-31 14:45:00+00:00,842.235,848.9599,837.2,847.99,877841.316078,2026-08-01,2026-08-01_000919
MU,5m,2026-07-31 14:50:00+00:00,847.96,851.99,845.35,846.1999,552605.071419,2026-08-01,2026-08-01_000919
MU,5m,2026-07-31 14:55:00+00:00,846.19,848.65,840.84,845.585,491099.476169,2026-08-01,2026-08-01_000919
MU,5m,2026-07-31 15:00:00+00:00,845.9,849.3,842.0,848.5,481358.53203000006,2026-08-01,2026-08-01_000919
MU,5m,2026-07-31 15:05:00+00:00,848.64,850.7,842.42,844.055,535055.213552,2026-08-01,2026-08-01_000919
MU,5m,2026-07-31 15:10:00+00:00,844.055,844.055,834.65,838.2738,687558.267303,2026-08-01,2026-08-01_000919
MU,5m,2026-07-31 15:15:00+00:00,838.625,845.71,836.49,837.8125,430872.137444,2026-08-01,2026-08-01_000919
MU,5m,2026-07-31 15:20:00+00:00,837.795,838.49,827.28,827.74,798014.111784,2026-08-01,2026-08-01_000919
MU,5m,2026-07-31 15:25:00+00:00,827.84,829.59,818.19,825.75,1054113.760202,2026-08-01,2026-08-01_000919
MU,5m,2026-07-31 15:30:00+00:00,825.76,829.81,820.11,824.4625,577344.1630000001,2026-08-01,2026-08-01_000919
MU,5m,2026-07-31 15:35:00+00:00,824.7,829.0,824.32,824.4601,530447.869919,2026-08-01,2026-08-01_000919
MU,5m,2026-07-31 15:40:00+00:00,824.68,825.5,818.0,823.9199,612745.081747,2026-08-01,2026-08-01_000919
MU,5m,2026-07-31 15:45:00+00:00,823.92,825.0,818.2501,821.575,391256.227055,2026-08-01,2026-08-01_000919
MU,5m,2026-07-31 15:50:00+00:00,821.72,828.783,821.05,828.065,434347.78126799996,2026-08-01,2026-08-01_000919
MU,5m,2026-07-31 15:55:00+00:00,827.6,831.0,823.73,826.54,438760.193635,2026-08-01,2026-08-01_000919
MU,5m,2026-07-31 16:00:00+00:00,826.565,828.0699,823.6953,826.01,305709.255251,2026-08-01,2026-08-01_000919
MU,5m,2026-07-31 16:05:00+00:00,826.17,829.3952,823.1,828.41,273616.575571,2026-08-01,2026-08-01_000919
MU,5m,2026-07-31 16:10:00+00:00,828.41,831.8,826.1,829.75,323755.339619,2026-08-01,2026-08-01_000919
MU,5m,2026-07-31 16:15:00+00:00,829.75,831.5799,825.54,828.53,268287.182242,2026-08-01,2026-08-01_000919
MU,5m,2026-07-31 16:20:00+00:00,828.25,832.74,827.61,831.4999,238672.10695699998,2026-08-01,2026-08-01_000919
MU,5m,2026-07-31 16:25:00+00:00,831.23,834.87,827.77,834.53,356247.663301,2026-08-01,2026-08-01_000919
MU,5m,2026-07-31 16:30:00+00:00,834.3466,839.0,834.3259,837.51,484147.524494,2026-08-01,2026-08-01_000919
MU,5m,2026-07-31 16:35:00+00:00,837.51,839.23,834.58,835.775,389786.077243,2026-08-01,2026-08-01_000919
MU,5m,2026-07-31 16:40:00+00:00,835.775,835.93,829.201,830.405,365983.798807,2026-08-01,2026-08-01_000919
MU,5m,2026-07-31 16:45:00+00:00,830.55,833.57,828.6995,833.08,244079.85148800001,2026-08-01,2026-08-01_000919
MU,5m,2026-07-31 16:50:00+00:00,833.33,837.92,833.2535,834.615,397270.119271,2026-08-01,2026-08-01_000919
MU,5m,2026-07-31 16:55:00+00:00,834.615,839.799,834.48,836.765,266921.620369,2026-08-01,2026-08-01_000919
MU,5m,2026-07-31 17:00:00+00:00,836.9299,840.0,836.36,836.835,268894.473152,2026-08-01,2026-08-01_000919
MU,5m,2026-07-31 17:05:00+00:00,836.835,837.1999,834.7,836.3,239545.361856,2026-08-01,2026-08-01_000919
MU,5m,2026-07-31 17:10:00+00:00,836.31,841.929,835.58,841.15,331931.471019,2026-08-01,2026-08-01_000919
MU,5m,2026-07-31 17:15:00+00:00,840.88,843.75,839.3,843.005,450442.240315,2026-08-01,2026-08-01_000919
MU,5m,2026-07-31 17:20:00+00:00,842.77,847.9,841.6801,847.4774,421395.23841,2026-08-01,2026-08-01_000919
MU,5m,2026-07-31 17:25:00+00:00,847.42,849.93,845.57,847.5,445226.925748,2026-08-01,2026-08-01_000919
MU,5m,2026-07-31 17:30:00+00:00,847.33,849.87,846.6601,849.495,298281.52945699997,2026-08-01,2026-08-01_000919
MU,5m,2026-07-31 17:35:00+00:00,849.57,853.89,848.52,849.14,499715.532584,2026-08-01,2026-08-01_000919
MU,5m,2026-07-31 17:40:00+00:00,848.73,852.814,848.0001,851.275,315156.751428,2026-08-01,2026-08-01_000919
MU,5m,2026-07-31 17:45:00+00:00,851.1157,854.32,846.67,847.4,397493.12060200004,2026-08-01,2026-08-01_000919
MU,5m,2026-07-31 17:50:00+00:00,846.93,851.7791,846.6581,848.86,245084.47390100002,2026-08-01,2026-08-01_000919
MU,5m,2026-07-31 17:55:00+00:00,848.86,850.06,845.5,846.07,241340.158817,2026-08-01,2026-08-01_000919
MU,5m,2026-07-31 18:00:00+00:00,846.14,849.4472,844.25,845.15,302439.00125100004,2026-08-01,2026-08-01_000919
MU,5m,2026-07-31 18:05:00+00:00,845.03,847.2,840.07,840.435,368943.454052,2026-08-01,2026-08-01_000919
MU,5m,2026-07-31 18:10:00+00:00,840.435,841.58,832.6,833.0001,560084.391203,2026-08-01,2026-08-01_000919
MU,5m,2026-07-31 18:15:00+00:00,833.0,838.48,833.0,836.04,395818.46872299997,2026-08-01,2026-08-01_000919
MU,5m,2026-07-31 18:20:00+00:00,836.12,837.38,834.24,835.66,219406.025901,2026-08-01,2026-08-01_000919
MU,5m,2026-07-31 18:25:00+00:00,835.81,836.42,833.675,835.825,208468.337379,2026-08-01,2026-08-01_000919
MU,5m,2026-07-31 18:30:00+00:00,836.0,837.98,835.3801,836.65,257931.865379,2026-08-01,2026-08-01_000919
MU,5m,2026-07-31 18:35:00+00:00,836.59,838.0,834.33,837.045,216485.624643,2026-08-01,2026-08-01_000919
MU,5m,2026-07-31 18:40:00+00:00,836.72,837.5,835.2089,835.865,179067.32627,2026-08-01,2026-08-01_000919
MU,5m,2026-07-31 18:45:00+00:00,835.73,837.0,833.6672,836.695,238377.902316,2026-08-01,2026-08-01_000919
MU,5m,2026-07-31 18:50:00+00:00,836.56,837.82,835.84,836.54,190335.00962199998,2026-08-01,2026-08-01_000919
MU,5m,2026-07-31 18:55:00+00:00,836.615,837.38,832.33,836.5551,330025.75890899997,2026-08-01,2026-08-01_000919
MU,5m,2026-07-31 19:00:00+00:00,836.36,840.1964,836.11,837.5,277864.886734,2026-08-01,2026-08-01_000919
MU,5m,2026-07-31 19:05:00+00:00,837.525,839.5,836.56,838.0013,212871.01095700002,2026-08-01,2026-08-01_000919
MU,5m,2026-07-31 19:10:00+00:00,837.92,838.71,835.42,837.185,201052.579969,2026-08-01,2026-08-01_000919
MU,5m,2026-07-31 19:15:00+00:00,837.3699,839.99,835.14,839.67,248153.043832,2026-08-01,2026-08-01_000919
MU,5m,2026-07-31 19:20:00+00:00,839.75,841.23,837.41,838.04,280678.112367,2026-08-01,2026-08-01_000919
MU,5m,2026-07-31 19:25:00+00:00,838.0,842.38,836.06,842.07,259455.127296,2026-08-01,2026-08-01_000919
MU,5m,2026-07-31 19:30:00+00:00,842.07,842.47,837.04,838.43,276613.813321,2026-08-01,2026-08-01_000919
MU,5m,2026-07-31 19:35:00+00:00,838.42,839.7499,835.1501,835.725,277368.72664199997,2026-08-01,2026-08-01_000919
MU,5m,2026-07-31 19:40:00+00:00,835.54,836.18,832.521,834.34,398349.17239900003,2026-08-01,2026-08-01_000919
MU,5m,2026-07-31 19:45:00+00:00,834.5452,838.0899,833.24,836.44,378578.41845199995,2026-08-01,2026-08-01_000919
MU,5m,2026-07-31 19:50:00+00:00,836.44,837.02,832.43,834.31,497612.20403,2026-08-01,2026-08-01_000919
MU,5m,2026-07-31 19:55:00+00:00,834.05,834.56,822.01,822.59,1964103.043528,2026-08-01,2026-08-01_000919
MU,5m,2026-07-31 20:00:00+00:00,823.03,825.5,818.55,819.3387,213577.679359,2026-08-01,2026-08-01_000919
MU,5m,2026-07-31 20:05:00+00:00,819.229,821.43,819.229,821.0,80590.446718,2026-08-01,2026-08-01_000919
MU,5m,2026-07-31 20:10:00+00:00,820.99,823.12,819.85,821.72,67856.872432,2026-08-01,2026-08-01_000919
MU,5m,2026-07-31 20:15:00+00:00,821.43,821.94,820.2695,821.0,25167.965745999998,2026-08-01,2026-08-01_000919
MU,5m,2026-07-31 20:20:00+00:00,820.75,820.75,818.9,819.06,48360.23104,2026-08-01,2026-08-01_000919
MU,5m,2026-07-31 20:25:00+00:00,819.03,819.03,817.2065,817.2065,77237.657115,2026-08-01,2026-08-01_000919
MU,5m,2026-07-31 20:30:00+00:00,817.51,819.99,817.0,818.7,80076.119315,2026-08-01,2026-08-01_000919
MU,5m,2026-07-31 20:35:00+00:00,818.7,819.5,818.06,819.1489,32857.245157000005,2026-08-01,2026-08-01_000919
MU,5m,2026-07-31 20:40:00+00:00,819.05,820.49,818.72,819.99,20084.899014000002,2026-08-01,2026-08-01_000919
MU,5m,2026-07-31 20:45:00+00:00,820.15,823.03,820.0,821.7883,35290.309924,2026-08-01,2026-08-01_000919
MU,5m,2026-07-31 20:50:00+00:00,821.84,821.89,818.4,820.36,38560.779287000005,2026-08-01,2026-08-01_000919
MU,5m,2026-07-31 20:55:00+00:00,819.72,819.99,817.59,817.59,27098.021241000002,2026-08-01,2026-08-01_000919
MU,5m,2026-07-31 21:00:00+00:00,818.02,820.0,818.0,819.19,17933.096084,2026-08-01,2026-08-01_000919
MU,5m,2026-07-31 21:05:00+00:00,819.4899,820.39,819.4,820.39,13113.490238,2026-08-01,2026-08-01_000919
MU,5m,2026-07-31 21:10:00+00:00,820.39,820.66,819.65,819.77,16078.010434,2026-08-01,2026-08-01_000919
MU,5m,2026-07-31 21:15:00+00:00,820.01,820.29,819.21,820.22,15407.555803,2026-08-01,2026-08-01_000919
MU,5m,2026-07-31 21:20:00+00:00,820.0,820.23,819.77,820.0,12483.344793,2026-08-01,2026-08-01_000919
MU,5m,2026-07-31 21:25:00+00:00,819.99,820.016,818.89,819.0,11101.918979999999,2026-08-01,2026-08-01_000919
MU,5m,2026-07-31 21:30:00+00:00,818.86,819.2499,818.4,818.4001,7465.912631,2026-08-01,2026-08-01_000919
MU,5m,2026-07-31 21:35:00+00:00,818.28,818.35,817.43,818.29,17319.133131000002,2026-08-01,2026-08-01_000919
MU,5m,2026-07-31 21:40:00+00:00,818.24,818.98,818.05,818.39,6009.8157280000005,2026-08-01,2026-08-01_000919
MU,5m,2026-07-31 21:45:00+00:00,818.49,818.49,816.5,816.77,13562.930749000001,2026-08-01,2026-08-01_000919
MU,5m,2026-07-31 21:50:00+00:00,816.63,816.63,815.25,815.6208,18101.8522,2026-08-01,2026-08-01_000919
MU,5m,2026-07-31 21:55:00+00:00,815.56,816.2708,815.3,816.12,12014.625881,2026-08-01,2026-08-01_000919
MU,5m,2026-07-31 22:00:00+00:00,816.3,816.5,815.95,815.95,11397.329899,2026-08-01,2026-08-01_000919
MU,5m,2026-07-31 22:05:00+00:00,816.0541,816.0541,815.5,815.5,6094.851684,2026-08-01,2026-08-01_000919
MU,5m,2026-07-31 22:10:00+00:00,815.4,815.4,812.92,813.35,28368.73065,2026-08-01,2026-08-01_000919
MU,5m,2026-07-31 22:15:00+00:00,813.45,814.5,813.2,813.5,10654.222794,2026-08-01,2026-08-01_000919
MU,5m,2026-07-31 22:20:00+00:00,813.7,814.5,813.5,813.5,8001.315005999999,2026-08-01,2026-08-01_000919
MU,5m,2026-07-31 22:25:00+00:00,813.56,814.0,812.5,813.5,12399.437062,2026-08-01,2026-08-01_000919
MU,5m,2026-07-31 22:30:00+00:00,813.5,815.8,813.18,815.34,10081.205842,2026-08-01,2026-08-01_000919
MU,5m,2026-07-31 22:35:00+00:00,815.2,816.8998,815.2,816.47,19160.884138999998,2026-08-01,2026-08-01_000919
MU,5m,2026-07-31 22:40:00+00:00,816.0,818.0,815.9999,816.7,18664.792782999997,2026-08-01,2026-08-01_000919
MU,5m,2026-07-31 22:45:00+00:00,816.99,816.99,815.7336,816.0001,6368.043751,2026-08-01,2026-08-01_000919
MU,5m,2026-07-31 22:50:00+00:00,816.1,816.4241,815.5,815.65,6644.728728,2026-08-01,2026-08-01_000919
MU,5m,2026-07-31 22:55:00+00:00,815.95,816.6197,815.5474,815.77,9135.286382,2026-08-01,2026-08-01_000919
MU,5m,2026-07-31 23:00:00+00:00,815.7,816.0,815.0,815.78,7066.344666,2026-08-01,2026-08-01_000919
MU,5m,2026-07-31 23:05:00+00:00,815.65,815.6869,814.5838,815.0,15631.489571000002,2026-08-01,2026-08-01_000919
MU,5m,2026-07-31 23:10:00+00:00,815.108,815.108,813.5,814.2,10378.645348000002,2026-08-01,2026-08-01_000919
MU,5m,2026-07-31 23:15:00+00:00,814.2215,814.95,814.0,814.6,9057.905890999999,2026-08-01,2026-08-01_000919
MU,5m,2026-07-31 23:20:00+00:00,814.662,815.4,814.48,815.39,10376.417564000001,2026-08-01,2026-08-01_000919
MU,5m,2026-07-31 23:25:00+00:00,815.25,816.5,815.0,815.5,13655.508734000001,2026-08-01,2026-08-01_000919
MU,5m,2026-07-31 23:30:00+00:00,815.5,815.6897,815.02,815.425,5290.509180999999,2026-08-01,2026-08-01_000919
MU,5m,2026-07-31 23:35:00+00:00,815.5,815.52,814.0,814.01,17528.713533000002,2026-08-01,2026-08-01_000919
MU,5m,2026-07-31 23:40:00+00:00,814.1229,815.0,813.5,814.0,13651.29404,2026-08-01,2026-08-01_000919
MU,5m,2026-07-31 23:45:00+00:00,813.7496,814.2535,813.28,813.69,11809.008483,2026-08-01,2026-08-01_000919
MU,5m,2026-07-31 23:50:00+00:00,813.88,813.93,812.25,812.49,18409.520619,2026-08-01,2026-08-01_000919
MU,5m,2026-07-31 23:55:00+00:00,812.5,812.99,812.0,812.465,40814.392821,2026-08-01,2026-08-01_000919
PLTR,5m,2026-07-31 08:00:00+00:00,123.3,123.62,123.17,123.56,10406.926416999999,2026-08-01,2026-08-01_000919
PLTR,5m,2026-07-31 08:05:00+00:00,123.55,123.66,123.52,123.66,4432.610543000001,2026-08-01,2026-08-01_000919
PLTR,5m,2026-07-31 08:10:00+00:00,123.61,123.87,123.61,123.87,14724.648538,2026-08-01,2026-08-01_000919
PLTR,5m,2026-07-31 08:15:00+00:00,123.8,123.82,123.7,123.71,5391.765542,2026-08-01,2026-08-01_000919
PLTR,5m,2026-07-31 08:20:00+00:00,123.75,123.75,123.62,123.65,4128.967842,2026-08-01,2026-08-01_000919
PLTR,5m,2026-07-31 08:25:00+00:00,123.8,123.89,123.8,123.86,1122.064378,2026-08-01,2026-08-01_000919
PLTR,5m,2026-07-31 08:30:00+00:00,123.72,123.72,123.72,123.72,1069.0,2026-08-01,2026-08-01_000919
PLTR,5m,2026-07-31 08:35:00+00:00,123.51,123.8709,123.51,123.5497,5768.3618160000005,2026-08-01,2026-08-01_000919
PLTR,5m,2026-07-31 08:40:00+00:00,123.42,123.52,123.3235,123.5162,4337.0,2026-08-01,2026-08-01_000919
PLTR,5m,2026-07-31 08:45:00+00:00,123.55,123.8,123.5192,123.78,2700.216735,2026-08-01,2026-08-01_000919
PLTR,5m,2026-07-31 08:50:00+00:00,123.71,123.9,123.47,123.47,1911.0,2026-08-01,2026-08-01_000919
PLTR,5m,2026-07-31 08:55:00+00:00,123.78,123.8654,123.77,123.8,2154.7200159999998,2026-08-01,2026-08-01_000919
PLTR,5m,2026-07-31 09:00:00+00:00,123.79,123.79,123.79,123.79,261.0,2026-08-01,2026-08-01_000919
PLTR,5m,2026-07-31 09:05:00+00:00,123.52,123.52,123.49,123.49,1868.0,2026-08-01,2026-08-01_000919
PLTR,5m,2026-07-31 09:10:00+00:00,123.675,123.675,123.4,123.5,3400.66044,2026-08-01,2026-08-01_000919
PLTR,5m,2026-07-31 09:15:00+00:00,123.48,123.49,123.37,123.4,2612.0,2026-08-01,2026-08-01_000919
PLTR,5m,2026-07-31 09:20:00+00:00,123.5,123.7008,123.5,123.5,759.0,2026-08-01,2026-08-01_000919
PLTR,5m,2026-07-31 09:25:00+00:00,123.66,123.66,123.66,123.66,146.343956,2026-08-01,2026-08-01_000919
PLTR,5m,2026-07-31 09:30:00+00:00,123.69,123.69,123.3719,123.46,847.500944,2026-08-01,2026-08-01_000919
PLTR,5m,2026-07-31 09:35:00+00:00,123.37,123.37,123.25,123.25,5189.543825,2026-08-01,2026-08-01_000919
PLTR,5m,2026-07-31 09:40:00+00:00,123.2383,123.2383,123.2383,123.2383,603.0,2026-08-01,2026-08-01_000919
PLTR,5m,2026-07-31 09:45:00+00:00,123.3,123.3,123.3,123.3,1006.064005,2026-08-01,2026-08-01_000919
PLTR,5m,2026-07-31 09:50:00+00:00,123.35,123.35,123.22,123.3,966.891116,2026-08-01,2026-08-01_000919
PLTR,5m,2026-07-31 09:55:00+00:00,123.28,123.34,123.22,123.2206,1873.0,2026-08-01,2026-08-01_000919
PLTR,5m,2026-07-31 10:00:00+00:00,123.27,123.4398,123.16,123.4398,2267.795133,2026-08-01,2026-08-01_000919
PLTR,5m,2026-07-31 10:05:00+00:00,123.36,123.58,123.34,123.41,2301.0,2026-08-01,2026-08-01_000919
PLTR,5m,2026-07-31 10:15:00+00:00,123.16,123.16,123.06,123.08,5759.09973,2026-08-01,2026-08-01_000919
PLTR,5m,2026-07-31 10:20:00+00:00,123.2,123.26,123.1459,123.23,1642.680326,2026-08-01,2026-08-01_000919
PLTR,5m,2026-07-31 10:30:00+00:00,123.23,123.23,122.9,122.91,7956.0,2026-08-01,2026-08-01_000919
PLTR,5m,2026-07-31 10:35:00+00:00,122.92,123.12,122.9,123.12,1703.699361,2026-08-01,2026-08-01_000919
PLTR,5m,2026-07-31 10:40:00+00:00,123.06,123.06,123.05,123.05,984.0,2026-08-01,2026-08-01_000919
PLTR,5m,2026-07-31 10:45:00+00:00,123.0013,123.0013,122.98,122.99,3597.0,2026-08-01,2026-08-01_000919
PLTR,5m,2026-07-31 10:50:00+00:00,122.9135,123.01,122.9135,123.01,1100.0,2026-08-01,2026-08-01_000919
PLTR,5m,2026-07-31 10:55:00+00:00,123.01,123.05,123.01,123.05,1551.0,2026-08-01,2026-08-01_000919
PLTR,5m,2026-07-31 11:00:00+00:00,123.04,123.2682,122.6,122.6659,22819.665165,2026-08-01,2026-08-01_000919
PLTR,5m,2026-07-31 11:05:00+00:00,122.76,122.95,122.65,122.71,6698.925094,2026-08-01,2026-08-01_000919
PLTR,5m,2026-07-31 11:10:00+00:00,122.7,122.7,122.3,122.42,23436.519486999998,2026-08-01,2026-08-01_000919
PLTR,5m,2026-07-31 11:15:00+00:00,122.35,122.6,122.27,122.6,12301.597322,2026-08-01,2026-08-01_000919
PLTR,5m,2026-07-31 11:20:00+00:00,122.59,122.79,122.5,122.6,2959.705374,2026-08-01,2026-08-01_000919
PLTR,5m,2026-07-31 11:25:00+00:00,122.6883,122.7,122.45,122.45,4836.0480640000005,2026-08-01,2026-08-01_000919
PLTR,5m,2026-07-31 11:30:00+00:00,122.5,122.6,122.35,122.35,5582.3695259999995,2026-08-01,2026-08-01_000919
PLTR,5m,2026-07-31 11:35:00+00:00,122.5806,122.5897,122.46,122.56,4716.906573,2026-08-01,2026-08-01_000919
PLTR,5m,2026-07-31 11:40:00+00:00,122.38,122.58,122.29,122.58,4721.056488,2026-08-01,2026-08-01_000919
PLTR,5m,2026-07-31 11:45:00+00:00,122.4752,122.4752,122.32,122.4274,14439.75461,2026-08-01,2026-08-01_000919
PLTR,5m,2026-07-31 11:50:00+00:00,122.43,122.6,122.3819,122.55,8240.676304,2026-08-01,2026-08-01_000919
PLTR,5m,2026-07-31 11:55:00+00:00,122.46,122.5783,122.4208,122.5,5271.6845060000005,2026-08-01,2026-08-01_000919
PLTR,5m,2026-07-31 12:00:00+00:00,122.5993,122.5993,122.3,122.5,14821.790755999999,2026-08-01,2026-08-01_000919
PLTR,5m,2026-07-31 12:05:00+00:00,122.37,122.7121,122.33,122.5,16938.782615000004,2026-08-01,2026-08-01_000919
PLTR,5m,2026-07-31 12:10:00+00:00,122.55,122.71,122.39,122.5,9044.702005000001,2026-08-01,2026-08-01_000919
PLTR,5m,2026-07-31 12:15:00+00:00,122.38,122.6,122.38,122.52,1646.0309770000001,2026-08-01,2026-08-01_000919
PLTR,5m,2026-07-31 12:20:00+00:00,122.46,122.97,122.35,122.6614,10984.723254,2026-08-01,2026-08-01_000919
PLTR,5m,2026-07-31 12:25:00+00:00,122.6624,122.8011,122.6,122.7606,6274.902686,2026-08-01,2026-08-01_000919
PLTR,5m,2026-07-31 12:30:00+00:00,122.6,122.79,122.44,122.56,12842.064033999999,2026-08-01,2026-08-01_000919
PLTR,5m,2026-07-31 12:35:00+00:00,122.6,122.7862,122.48,122.6,6931.002852,2026-08-01,2026-08-01_000919
PLTR,5m,2026-07-31 12:40:00+00:00,122.68,122.9,122.61,122.61,5383.363322,2026-08-01,2026-08-01_000919
PLTR,5m,2026-07-31 12:45:00+00:00,122.6155,122.7629,122.6152,122.7629,8849.530134,2026-08-01,2026-08-01_000919
PLTR,5m,2026-07-31 12:50:00+00:00,122.63,122.7392,122.51,122.59,8104.727661,2026-08-01,2026-08-01_000919
PLTR,5m,2026-07-31 12:55:00+00:00,122.6,122.6,122.45,122.45,14850.190496,2026-08-01,2026-08-01_000919
PLTR,5m,2026-07-31 13:00:00+00:00,122.45,122.6199,122.45,122.47,4051.344485,2026-08-01,2026-08-01_000919
PLTR,5m,2026-07-31 13:05:00+00:00,122.4692,122.5,122.1864,122.25,33117.984924000004,2026-08-01,2026-08-01_000919
PLTR,5m,2026-07-31 13:10:00+00:00,122.2543,122.35,122.14,122.2,11935.097109,2026-08-01,2026-08-01_000919
PLTR,5m,2026-07-31 13:15:00+00:00,122.34,125.52,122.34,123.1006,216171.57550299997,2026-08-01,2026-08-01_000919
PLTR,5m,2026-07-31 13:20:00+00:00,123.1,123.25,122.93,122.99,32524.074565000003,2026-08-01,2026-08-01_000919
PLTR,5m,2026-07-31 13:25:00+00:00,122.92,123.23,122.08,122.19,53555.504887,2026-08-01,2026-08-01_000919
PLTR,5m,2026-07-31 13:30:00+00:00,122.29,123.2,120.88,123.045,1484370.255831,2026-08-01,2026-08-01_000919
PLTR,5m,2026-07-31 13:35:00+00:00,123.0799,123.32,121.87,122.3629,762596.0082320002,2026-08-01,2026-08-01_000919
PLTR,5m,2026-07-31 13:40:00+00:00,122.345,123.08,122.28,122.6601,558988.083274,2026-08-01,2026-08-01_000919
PLTR,5m,2026-07-31 13:45:00+00:00,122.72,123.21,122.461,122.91,448192.32449300005,2026-08-01,2026-08-01_000919
PLTR,5m,2026-07-31 13:50:00+00:00,122.895,122.92,122.37,122.49,291636.708728,2026-08-01,2026-08-01_000919
PLTR,5m,2026-07-31 13:55:00+00:00,122.52,122.89,122.38,122.485,299935.567647,2026-08-01,2026-08-01_000919
PLTR,5m,2026-07-31 14:00:00+00:00,122.47,122.5999,121.4532,121.575,345864.198216,2026-08-01,2026-08-01_000919
PLTR,5m,2026-07-31 14:05:00+00:00,121.57,121.79,120.93,121.34,414225.99220700003,2026-08-01,2026-08-01_000919
PLTR,5m,2026-07-31 14:10:00+00:00,121.3299,121.4275,120.74,120.95,319982.750686,2026-08-01,2026-08-01_000919
PLTR,5m,2026-07-31 14:15:00+00:00,120.95,120.95,119.875,120.16,652335.225176,2026-08-01,2026-08-01_000919
PLTR,5m,2026-07-31 14:20:00+00:00,120.12,120.7395,119.87,120.02,485806.813747,2026-08-01,2026-08-01_000919
PLTR,5m,2026-07-31 14:25:00+00:00,120.05,120.64,119.79,120.48,378602.15180500003,2026-08-01,2026-08-01_000919
PLTR,5m,2026-07-31 14:30:00+00:00,120.56,120.799,120.1105,120.15,326147.79602099996,2026-08-01,2026-08-01_000919
PLTR,5m,2026-07-31 14:35:00+00:00,120.155,120.39,120.1,120.25,231209.472533,2026-08-01,2026-08-01_000919
PLTR,5m,2026-07-31 14:40:00+00:00,120.25,120.445,119.62,120.29,436426.87511200004,2026-08-01,2026-08-01_000919
PLTR,5m,2026-07-31 14:45:00+00:00,120.26,120.6,120.08,120.51,301500.144936,2026-08-01,2026-08-01_000919
PLTR,5m,2026-07-31 14:50:00+00:00,120.5,120.57,120.28,120.3405,247787.735305,2026-08-01,2026-08-01_000919
PLTR,5m,2026-07-31 14:55:00+00:00,120.39,120.53,120.29,120.32,214038.896562,2026-08-01,2026-08-01_000919
PLTR,5m,2026-07-31 15:00:00+00:00,120.3,120.71,120.18,120.69,290679.603272,2026-08-01,2026-08-01_000919
PLTR,5m,2026-07-31 15:05:00+00:00,120.7,120.775,119.95,120.2,435985.390089,2026-08-01,2026-08-01_000919
PLTR,5m,2026-07-31 15:10:00+00:00,120.2,120.57,120.0,120.4,292489.377222,2026-08-01,2026-08-01_000919
PLTR,5m,2026-07-31 15:15:00+00:00,120.4,120.8,120.2015,120.37,1553637.846802,2026-08-01,2026-08-01_000919
PLTR,5m,2026-07-31 15:20:00+00:00,120.3608,120.38,120.07,120.27,225030.246403,2026-08-01,2026-08-01_000919
PLTR,5m,2026-07-31 15:25:00+00:00,120.28,120.48,120.28,120.375,197071.065038,2026-08-01,2026-08-01_000919
PLTR,5m,2026-07-31 15:30:00+00:00,120.39,120.4,120.13,120.295,122200.66542,2026-08-01,2026-08-01_000919
PLTR,5m,2026-07-31 15:35:00+00:00,120.33,120.8,120.3001,120.64,252120.411226,2026-08-01,2026-08-01_000919
PLTR,5m,2026-07-31 15:40:00+00:00,120.675,121.18,120.61,121.1001,194411.801035,2026-08-01,2026-08-01_000919
PLTR,5m,2026-07-31 15:45:00+00:00,121.12,121.2999,120.91,121.18,150705.801548,2026-08-01,2026-08-01_000919
PLTR,5m,2026-07-31 15:50:00+00:00,121.15,122.025,121.09,121.8502,237224.387477,2026-08-01,2026-08-01_000919
PLTR,5m,2026-07-31 15:55:00+00:00,121.87,122.04,121.6501,121.69,196745.15820200002,2026-08-01,2026-08-01_000919
PLTR,5m,2026-07-31 16:00:00+00:00,121.66,122.11,121.66,122.0481,192023.61492800002,2026-08-01,2026-08-01_000919
PLTR,5m,2026-07-31 16:05:00+00:00,122.03,122.09,121.8008,121.9,125545.472702,2026-08-01,2026-08-01_000919
PLTR,5m,2026-07-31 16:10:00+00:00,121.9,122.17,121.8301,122.09,156889.385236,2026-08-01,2026-08-01_000919
PLTR,5m,2026-07-31 16:15:00+00:00,122.09,122.5099,122.03,122.49,205845.56057899998,2026-08-01,2026-08-01_000919
PLTR,5m,2026-07-31 16:20:00+00:00,122.49,122.505,122.27,122.4,416936.749949,2026-08-01,2026-08-01_000919
PLTR,5m,2026-07-31 16:25:00+00:00,122.4,122.42,122.11,122.35,147777.211317,2026-08-01,2026-08-01_000919
PLTR,5m,2026-07-31 16:30:00+00:00,122.35,122.5499,122.34,122.46,156587.893562,2026-08-01,2026-08-01_000919
PLTR,5m,2026-07-31 16:35:00+00:00,122.45,122.48,122.365,122.47,122195.358921,2026-08-01,2026-08-01_000919
PLTR,5m,2026-07-31 16:40:00+00:00,122.47,122.5996,122.42,122.515,138825.008907,2026-08-01,2026-08-01_000919
PLTR,5m,2026-07-31 16:45:00+00:00,122.49,122.61,122.36,122.4,186274.359051,2026-08-01,2026-08-01_000919
PLTR,5m,2026-07-31 16:50:00+00:00,122.42,122.43,122.1255,122.14,120113.625676,2026-08-01,2026-08-01_000919
PLTR,5m,2026-07-31 16:55:00+00:00,122.15,122.39,122.145,122.171,118670.92673,2026-08-01,2026-08-01_000919
PLTR,5m,2026-07-31 17:00:00+00:00,122.19,122.27,122.04,122.195,116387.48557299998,2026-08-01,2026-08-01_000919
PLTR,5m,2026-07-31 17:05:00+00:00,122.195,122.32,122.07,122.25,136940.694823,2026-08-01,2026-08-01_000919
PLTR,5m,2026-07-31 17:10:00+00:00,122.27,122.57,122.27,122.515,189475.89272999996,2026-08-01,2026-08-01_000919
PLTR,5m,2026-07-31 17:15:00+00:00,122.51,122.62,122.2415,122.345,179055.670629,2026-08-01,2026-08-01_000919
PLTR,5m,2026-07-31 17:20:00+00:00,122.37,122.87,122.36,122.816,193615.36651999998,2026-08-01,2026-08-01_000919
PLTR,5m,2026-07-31 17:25:00+00:00,122.805,122.89,122.7105,122.825,187072.84638300003,2026-08-01,2026-08-01_000919
PLTR,5m,2026-07-31 17:30:00+00:00,122.83,123.1,122.7,122.92,261342.962735,2026-08-01,2026-08-01_000919
PLTR,5m,2026-07-31 17:35:00+00:00,122.92,122.9398,122.45,122.46,181673.539723,2026-08-01,2026-08-01_000919
PLTR,5m,2026-07-31 17:40:00+00:00,122.45,122.62,122.41,122.44,115874.049162,2026-08-01,2026-08-01_000919
PLTR,5m,2026-07-31 17:45:00+00:00,122.435,122.51,122.2801,122.31,196430.181708,2026-08-01,2026-08-01_000919
PLTR,5m,2026-07-31 17:50:00+00:00,122.31,122.59,122.29,122.51,141087.626352,2026-08-01,2026-08-01_000919
PLTR,5m,2026-07-31 17:55:00+00:00,122.505,122.62,122.35,122.375,126401.88274199999,2026-08-01,2026-08-01_000919
PLTR,5m,2026-07-31 18:00:00+00:00,122.3886,122.48,122.32,122.37,114332.39028800001,2026-08-01,2026-08-01_000919
PLTR,5m,2026-07-31 18:05:00+00:00,122.35,122.37,122.12,122.165,200987.776581,2026-08-01,2026-08-01_000919
PLTR,5m,2026-07-31 18:10:00+00:00,122.17,122.255,121.95,122.1,158376.664921,2026-08-01,2026-08-01_000919
PLTR,5m,2026-07-31 18:15:00+00:00,122.1,122.22,122.08,122.15,223177.07308,2026-08-01,2026-08-01_000919
PLTR,5m,2026-07-31 18:20:00+00:00,122.16,122.38,122.16,122.3,115883.037245,2026-08-01,2026-08-01_000919
PLTR,5m,2026-07-31 18:25:00+00:00,122.3099,122.31,122.07,122.175,108467.74534,2026-08-01,2026-08-01_000919
PLTR,5m,2026-07-31 18:30:00+00:00,122.1563,122.3,122.1563,122.23,110460.193587,2026-08-01,2026-08-01_000919
PLTR,5m,2026-07-31 18:35:00+00:00,122.22,122.33,122.15,122.2,89488.29546000001,2026-08-01,2026-08-01_000919
PLTR,5m,2026-07-31 18:40:00+00:00,122.22,122.5,122.2,122.444,102585.52924199999,2026-08-01,2026-08-01_000919
PLTR,5m,2026-07-31 18:45:00+00:00,122.435,122.59,122.43,122.59,116034.32032900001,2026-08-01,2026-08-01_000919
PLTR,5m,2026-07-31 18:50:00+00:00,122.59,122.74,122.57,122.64,126053.28544,2026-08-01,2026-08-01_000919
PLTR,5m,2026-07-31 18:55:00+00:00,122.63,122.66,122.48,122.55,129505.530403,2026-08-01,2026-08-01_000919
PLTR,5m,2026-07-31 19:00:00+00:00,122.525,122.71,122.43,122.4303,161929.117012,2026-08-01,2026-08-01_000919
PLTR,5m,2026-07-31 19:05:00+00:00,122.45,122.53,122.34,122.5,141463.429935,2026-08-01,2026-08-01_000919
PLTR,5m,2026-07-31 19:10:00+00:00,122.5,122.62,122.465,122.62,139603.145806,2026-08-01,2026-08-01_000919
PLTR,5m,2026-07-31 19:15:00+00:00,122.62,123.09,122.62,122.979,283235.104321,2026-08-01,2026-08-01_000919
PLTR,5m,2026-07-31 19:20:00+00:00,122.95745,123.17,122.87,122.8816,230139.62642699998,2026-08-01,2026-08-01_000919
PLTR,5m,2026-07-31 19:25:00+00:00,122.86,122.8602,122.68,122.83,149552.318564,2026-08-01,2026-08-01_000919
PLTR,5m,2026-07-31 19:30:00+00:00,122.83,122.83,122.53,122.65,207675.377814,2026-08-01,2026-08-01_000919
PLTR,5m,2026-07-31 19:35:00+00:00,122.64,122.83,122.6,122.78,208705.23520599998,2026-08-01,2026-08-01_000919
PLTR,5m,2026-07-31 19:40:00+00:00,122.77,122.83,122.59,122.755,210722.874905,2026-08-01,2026-08-01_000919
PLTR,5m,2026-07-31 19:45:00+00:00,122.755,123.29,122.75,123.214,344382.221444,2026-08-01,2026-08-01_000919
PLTR,5m,2026-07-31 19:50:00+00:00,123.19,123.39,123.03,123.2,550724.896096,2026-08-01,2026-08-01_000919
PLTR,5m,2026-07-31 19:55:00+00:00,123.22,123.305,122.85,123.07,1342156.1847350001,2026-08-01,2026-08-01_000919
PLTR,5m,2026-07-31 20:00:00+00:00,123.06,123.14,122.77,122.9,107096.426863,2026-08-01,2026-08-01_000919
PLTR,5m,2026-07-31 20:05:00+00:00,122.82,122.99,122.81,122.99,32380.486162,2026-08-01,2026-08-01_000919
PLTR,5m,2026-07-31 20:10:00+00:00,122.95,122.95,122.82,122.8592,10523.491598,2026-08-01,2026-08-01_000919
PLTR,5m,2026-07-31 20:15:00+00:00,122.8461,123.0,122.8461,122.89,7767.972715,2026-08-01,2026-08-01_000919
PLTR,5m,2026-07-31 20:20:00+00:00,122.98,122.98,122.94,122.94,1197.044737,2026-08-01,2026-08-01_000919
PLTR,5m,2026-07-31 20:25:00+00:00,122.94,123.0,122.9201,122.96,6847.45701,2026-08-01,2026-08-01_000919
PLTR,5m,2026-07-31 20:30:00+00:00,122.92,123.01,122.86,123.01,15811.63002,2026-08-01,2026-08-01_000919
PLTR,5m,2026-07-31 20:35:00+00:00,122.93,123.2013,122.92,123.13,9473.653699,2026-08-01,2026-08-01_000919
PLTR,5m,2026-07-31 20:40:00+00:00,123.1,123.1,123.02,123.09,2693.460535,2026-08-01,2026-08-01_000919
PLTR,5m,2026-07-31 20:45:00+00:00,123.0162,123.1,122.95,123.0479,11932.251821000002,2026-08-01,2026-08-01_000919
PLTR,5m,2026-07-31 20:50:00+00:00,123.05,123.05,122.7509,122.84,7979.147085,2026-08-01,2026-08-01_000919
PLTR,5m,2026-07-31 20:55:00+00:00,122.88,122.98,122.51,122.52,10407.618117,2026-08-01,2026-08-01_000919
PLTR,5m,2026-07-31 21:00:00+00:00,122.56,122.85,122.51,122.85,3201.28361,2026-08-01,2026-08-01_000919
PLTR,5m,2026-07-31 21:05:00+00:00,122.75,122.85,122.6993,122.85,13377.663602,2026-08-01,2026-08-01_000919
PLTR,5m,2026-07-31 21:10:00+00:00,122.8387,122.85,122.793,122.85,3574.4828909999997,2026-08-01,2026-08-01_000919
PLTR,5m,2026-07-31 21:15:00+00:00,122.84,122.85,122.65,122.7,4260.173266,2026-08-01,2026-08-01_000919
PLTR,5m,2026-07-31 21:20:00+00:00,122.7981,122.8,122.65,122.78,2845.7257210000002,2026-08-01,2026-08-01_000919
PLTR,5m,2026-07-31 21:25:00+00:00,122.836,122.84,122.63,122.64,4521.004736,2026-08-01,2026-08-01_000919
PLTR,5m,2026-07-31 21:30:00+00:00,122.7,122.7,122.6,122.68,8546.726865,2026-08-01,2026-08-01_000919
PLTR,5m,2026-07-31 21:35:00+00:00,122.6403,122.7186,122.6403,122.65,1985.9069399999998,2026-08-01,2026-08-01_000919
PLTR,5m,2026-07-31 21:40:00+00:00,122.63,122.63,122.5502,122.56,15090.397135000001,2026-08-01,2026-08-01_000919
PLTR,5m,2026-07-31 21:45:00+00:00,122.55,122.6,122.55,122.6,4481.596783,2026-08-01,2026-08-01_000919
PLTR,5m,2026-07-31 21:50:00+00:00,122.59,122.6345,122.57,122.63,1538.865049,2026-08-01,2026-08-01_000919
PLTR,5m,2026-07-31 21:55:00+00:00,122.55,122.61,122.55,122.5655,2546.4395080000004,2026-08-01,2026-08-01_000919
PLTR,5m,2026-07-31 22:00:00+00:00,122.7699,122.7699,122.55,122.7143,3594.842361,2026-08-01,2026-08-01_000919
PLTR,5m,2026-07-31 22:05:00+00:00,122.64,122.68,122.64,122.68,330.016306,2026-08-01,2026-08-01_000919
PLTR,5m,2026-07-31 22:10:00+00:00,122.6408,122.6408,122.6408,122.6408,320.39209,2026-08-01,2026-08-01_000919
PLTR,5m,2026-07-31 22:15:00+00:00,122.64,122.65,122.5,122.52,7344.556602000001,2026-08-01,2026-08-01_000919
PLTR,5m,2026-07-31 22:20:00+00:00,122.5,122.52,122.49,122.5191,1647.1960669999999,2026-08-01,2026-08-01_000919
PLTR,5m,2026-07-31 22:25:00+00:00,122.52,122.54,122.51,122.51,13261.510647000001,2026-08-01,2026-08-01_000919
PLTR,5m,2026-07-31 22:30:00+00:00,122.5212,122.61,122.5212,122.6054,819.604476,2026-08-01,2026-08-01_000919
PLTR,5m,2026-07-31 22:35:00+00:00,122.61,122.65,122.5859,122.5859,2154.7258730000003,2026-08-01,2026-08-01_000919
PLTR,5m,2026-07-31 22:40:00+00:00,122.75,122.75,122.75,122.75,482.203719,2026-08-01,2026-08-01_000919
PLTR,5m,2026-07-31 22:45:00+00:00,122.72,122.72,122.6102,122.6102,1363.184969,2026-08-01,2026-08-01_000919
PLTR,5m,2026-07-31 22:50:00+00:00,122.65,122.75,122.65,122.75,846.126271,2026-08-01,2026-08-01_000919
PLTR,5m,2026-07-31 22:55:00+00:00,122.7,122.7,122.6503,122.6983,1493.164278,2026-08-01,2026-08-01_000919
PLTR,5m,2026-07-31 23:00:00+00:00,122.69,122.69,122.6876,122.6876,534.8877640000001,2026-08-01,2026-08-01_000919
PLTR,5m,2026-07-31 23:05:00+00:00,122.6265,122.636,122.6265,122.6313,1845.0040159999999,2026-08-01,2026-08-01_000919
PLTR,5m,2026-07-31 23:10:00+00:00,122.66,122.66,122.66,122.66,514.84475,2026-08-01,2026-08-01_000919
PLTR,5m,2026-07-31 23:15:00+00:00,122.74,122.75,122.74,122.75,2877.466396,2026-08-01,2026-08-01_000919
PLTR,5m,2026-07-31 23:20:00+00:00,122.7107,122.8399,122.7107,122.8399,1569.6697920000001,2026-08-01,2026-08-01_000919
PLTR,5m,2026-07-31 23:25:00+00:00,122.83,122.85,122.75,122.7599,8136.407033,2026-08-01,2026-08-01_000919
PLTR,5m,2026-07-31 23:30:00+00:00,122.75,122.8,122.7019,122.8,1070.0115289999999,2026-08-01,2026-08-01_000919
PLTR,5m,2026-07-31 23:35:00+00:00,122.77,122.77,122.67,122.67,2109.0822,2026-08-01,2026-08-01_000919
PLTR,5m,2026-07-31 23:40:00+00:00,122.77,122.77,122.77,122.77,672.923277,2026-08-01,2026-08-01_000919
PLTR,5m,2026-07-31 23:45:00+00:00,122.79,122.8,122.7888,122.8,851.373208,2026-08-01,2026-08-01_000919
PLTR,5m,2026-07-31 23:50:00+00:00,122.72,122.8,122.72,122.7707,2872.1913,2026-08-01,2026-08-01_000919
PLTR,5m,2026-07-31 23:55:00+00:00,122.72,122.7799,122.67,122.7799,15707.132331,2026-08-01,2026-08-01_000919
NFLX,5m,2026-07-31 08:00:00+00:00,72.96,72.96,72.56,72.6,8508.414021,2026-08-01,2026-08-01_000919
NFLX,5m,2026-07-31 08:05:00+00:00,72.575,72.65,72.5,72.6,6689.0,2026-08-01,2026-08-01_000919
NFLX,5m,2026-07-31 08:10:00+00:00,72.66,72.66,72.66,72.66,801.0,2026-08-01,2026-08-01_000919
NFLX,5m,2026-07-31 08:20:00+00:00,72.6106,72.6106,72.6106,72.6106,200.88404,2026-08-01,2026-08-01_000919
NFLX,5m,2026-07-31 08:25:00+00:00,72.609,72.65,72.6,72.65,2103.541272,2026-08-01,2026-08-01_000919
NFLX,5m,2026-07-31 08:30:00+00:00,72.63,72.645,72.6,72.645,2500.0480310000003,2026-08-01,2026-08-01_000919
NFLX,5m,2026-07-31 08:35:00+00:00,72.63,72.63,72.6,72.6,1578.19261,2026-08-01,2026-08-01_000919
NFLX,5m,2026-07-31 08:40:00+00:00,72.5,72.5,72.5,72.5,683.0268639999999,2026-08-01,2026-08-01_000919
NFLX,5m,2026-07-31 08:45:00+00:00,72.57,72.65,72.57,72.61,2927.019202,2026-08-01,2026-08-01_000919
NFLX,5m,2026-07-31 08:50:00+00:00,72.55,72.6781,72.55,72.6781,1129.2361310000001,2026-08-01,2026-08-01_000919
NFLX,5m,2026-07-31 08:55:00+00:00,72.65,72.65,72.64,72.6439,955.013699,2026-08-01,2026-08-01_000919
NFLX,5m,2026-07-31 09:00:00+00:00,72.64,72.64,72.64,72.64,336.0,2026-08-01,2026-08-01_000919
NFLX,5m,2026-07-31 09:05:00+00:00,72.5,72.5,72.35,72.45,3841.9034580000002,2026-08-01,2026-08-01_000919
NFLX,5m,2026-07-31 09:15:00+00:00,72.42,72.42,72.2693,72.2693,5268.07439,2026-08-01,2026-08-01_000919
NFLX,5m,2026-07-31 09:25:00+00:00,72.4,72.47,72.4,72.47,1588.0,2026-08-01,2026-08-01_000919
NFLX,5m,2026-07-31 09:30:00+00:00,72.42,72.42,72.42,72.42,974.0,2026-08-01,2026-08-01_000919
NFLX,5m,2026-07-31 09:35:00+00:00,72.43,72.43,72.38,72.38,431.16222999999997,2026-08-01,2026-08-01_000919
NFLX,5m,2026-07-31 09:40:00+00:00,72.39,72.39,72.39,72.39,220.333358,2026-08-01,2026-08-01_000919
NFLX,5m,2026-07-31 09:45:00+00:00,72.3189,72.32,72.25,72.25,5548.815495000001,2026-08-01,2026-08-01_000919
NFLX,5m,2026-07-31 10:00:00+00:00,72.2543,72.26,72.25,72.26,2060.0,2026-08-01,2026-08-01_000919
NFLX,5m,2026-07-31 10:05:00+00:00,72.2529,72.2529,72.25,72.25,596.0,2026-08-01,2026-08-01_000919
NFLX,5m,2026-07-31 10:10:00+00:00,72.24,72.24,72.2239,72.24,680.1,2026-08-01,2026-08-01_000919
NFLX,5m,2026-07-31 10:15:00+00:00,72.2,72.2,72.2,72.2,754.0,2026-08-01,2026-08-01_000919
NFLX,5m,2026-07-31 10:20:00+00:00,72.24,72.24,72.24,72.24,546.923289,2026-08-01,2026-08-01_000919
NFLX,5m,2026-07-31 10:25:00+00:00,72.24,72.24,72.22,72.22,523.42875,2026-08-01,2026-08-01_000919
NFLX,5m,2026-07-31 10:30:00+00:00,72.2495,72.2495,72.2495,72.2495,1216.1,2026-08-01,2026-08-01_000919
NFLX,5m,2026-07-31 10:35:00+00:00,72.14,72.18,72.14,72.16,901.2328259999999,2026-08-01,2026-08-01_000919
NFLX,5m,2026-07-31 10:40:00+00:00,72.2,72.2,72.19,72.19,622.832548,2026-08-01,2026-08-01_000919
NFLX,5m,2026-07-31 10:45:00+00:00,72.25,72.25,72.25,72.25,421.0,2026-08-01,2026-08-01_000919
NFLX,5m,2026-07-31 10:50:00+00:00,72.24,72.3,72.24,72.3,2115.597001,2026-08-01,2026-08-01_000919
NFLX,5m,2026-07-31 10:55:00+00:00,72.3,72.3,72.28,72.3,2417.232826,2026-08-01,2026-08-01_000919
NFLX,5m,2026-07-31 11:00:00+00:00,72.3,72.3,72.13,72.15,14722.809938999999,2026-08-01,2026-08-01_000919
NFLX,5m,2026-07-31 11:05:00+00:00,72.157,72.1685,72.0761,72.14,3262.4691519999997,2026-08-01,2026-08-01_000919
NFLX,5m,2026-07-31 11:10:00+00:00,72.14,72.14,72.05,72.1,3900.129224,2026-08-01,2026-08-01_000919
NFLX,5m,2026-07-31 11:15:00+00:00,72.1,72.12,72.0419,72.1076,6413.041359,2026-08-01,2026-08-01_000919
NFLX,5m,2026-07-31 11:20:00+00:00,72.1161,72.14,72.0599,72.1399,3184.534283,2026-08-01,2026-08-01_000919
NFLX,5m,2026-07-31 11:25:00+00:00,72.1203,72.13,72.11,72.11,1397.370461,2026-08-01,2026-08-01_000919
NFLX,5m,2026-07-31 11:30:00+00:00,72.1138,72.236,72.11,72.236,2051.687691,2026-08-01,2026-08-01_000919
NFLX,5m,2026-07-31 11:35:00+00:00,72.18,72.2125,72.1409,72.1879,4779.824677,2026-08-01,2026-08-01_000919
NFLX,5m,2026-07-31 11:40:00+00:00,72.1684,72.1696,72.15,72.1696,643.377326,2026-08-01,2026-08-01_000919
NFLX,5m,2026-07-31 11:45:00+00:00,72.1691,72.17,72.15,72.17,1255.623533,2026-08-01,2026-08-01_000919
NFLX,5m,2026-07-31 11:50:00+00:00,72.17,72.19,72.1261,72.19,758.196291,2026-08-01,2026-08-01_000919
NFLX,5m,2026-07-31 12:00:00+00:00,72.17,72.17,72.05,72.1272,7251.007535000001,2026-08-01,2026-08-01_000919
NFLX,5m,2026-07-31 12:05:00+00:00,72.19,72.2,72.13,72.2,1584.234243,2026-08-01,2026-08-01_000919
NFLX,5m,2026-07-31 12:10:00+00:00,72.1861,72.26,72.18,72.2,3008.3130039999996,2026-08-01,2026-08-01_000919
NFLX,5m,2026-07-31 12:15:00+00:00,72.15,72.3,72.15,72.25,5570.02951,2026-08-01,2026-08-01_000919
NFLX,5m,2026-07-31 12:20:00+00:00,72.25,72.3,72.2005,72.22,3055.48753,2026-08-01,2026-08-01_000919
NFLX,5m,2026-07-31 12:25:00+00:00,72.2,72.3,72.2,72.3,2423.027808,2026-08-01,2026-08-01_000919
NFLX,5m,2026-07-31 12:30:00+00:00,72.24,72.3,72.24,72.29,12616.771298000001,2026-08-01,2026-08-01_000919
NFLX,5m,2026-07-31 12:35:00+00:00,72.28,72.3,72.28,72.3,13254.488868,2026-08-01,2026-08-01_000919
NFLX,5m,2026-07-31 12:40:00+00:00,72.2842,72.3,72.24,72.27,3575.9538959999995,2026-08-01,2026-08-01_000919
NFLX,5m,2026-07-31 12:45:00+00:00,72.28,72.5,72.28,72.45,20377.180984,2026-08-01,2026-08-01_000919
NFLX,5m,2026-07-31 12:50:00+00:00,72.47,72.5123,72.43,72.5123,4200.713441,2026-08-01,2026-08-01_000919
NFLX,5m,2026-07-31 12:55:00+00:00,72.46,72.5,72.4168,72.46,10001.913677999999,2026-08-01,2026-08-01_000919
NFLX,5m,2026-07-31 13:00:00+00:00,72.46,72.5,72.4,72.4,7690.471208999999,2026-08-01,2026-08-01_000919
NFLX,5m,2026-07-31 13:05:00+00:00,72.3208,72.45,72.2773,72.3483,3739.62374,2026-08-01,2026-08-01_000919
NFLX,5m,2026-07-31 13:10:00+00:00,72.3494,72.3497,72.2,72.2,8651.925087,2026-08-01,2026-08-01_000919
NFLX,5m,2026-07-31 13:15:00+00:00,72.1462,72.3,72.1462,72.19,4280.087125,2026-08-01,2026-08-01_000919
NFLX,5m,2026-07-31 13:20:00+00:00,72.2,72.2,72.1217,72.1217,4878.051878,2026-08-01,2026-08-01_000919
NFLX,5m,2026-07-31 13:25:00+00:00,72.19,72.58,71.81,71.97,73657.546222,2026-08-01,2026-08-01_000919
NFLX,5m,2026-07-31 13:30:00+00:00,71.965,72.75,71.93,72.1109,1227782.657745,2026-08-01,2026-08-01_000919
NFLX,5m,2026-07-31 13:35:00+00:00,72.11,72.38,72.07,72.375,743231.6598090001,2026-08-01,2026-08-01_000919
NFLX,5m,2026-07-31 13:40:00+00:00,72.367409,72.637,72.22,72.44,432568.030238,2026-08-01,2026-08-01_000919
NFLX,5m,2026-07-31 13:45:00+00:00,72.47,72.47,72.09,72.1,540812.9207039999,2026-08-01,2026-08-01_000919
NFLX,5m,2026-07-31 13:50:00+00:00,72.1,72.17,71.89,72.17,483891.457285,2026-08-01,2026-08-01_000919
NFLX,5m,2026-07-31 13:55:00+00:00,72.15,72.28,72.02,72.055,350426.90995400003,2026-08-01,2026-08-01_000919
NFLX,5m,2026-07-31 14:00:00+00:00,72.07,72.18,71.92,72.02,306607.85520900006,2026-08-01,2026-08-01_000919
NFLX,5m,2026-07-31 14:05:00+00:00,72.01,72.04,71.9,71.99,431093.904575,2026-08-01,2026-08-01_000919
NFLX,5m,2026-07-31 14:10:00+00:00,71.99,72.02,71.58,71.605,503932.448279,2026-08-01,2026-08-01_000919
NFLX,5m,2026-07-31 14:15:00+00:00,71.61,71.69,71.21,71.225,666828.920668,2026-08-01,2026-08-01_000919
NFLX,5m,2026-07-31 14:20:00+00:00,71.225,71.51,71.18,71.44,448455.94146799995,2026-08-01,2026-08-01_000919
NFLX,5m,2026-07-31 14:25:00+00:00,71.44,71.44,71.285,71.355,375464.02053599997,2026-08-01,2026-08-01_000919
NFLX,5m,2026-07-31 14:30:00+00:00,71.355,71.385,71.135,71.205,479146.51654399995,2026-08-01,2026-08-01_000919
NFLX,5m,2026-07-31 14:35:00+00:00,71.21,71.28,71.11,71.175,528549.012114,2026-08-01,2026-08-01_000919
NFLX,5m,2026-07-31 14:40:00+00:00,71.175,71.28,71.105,71.26,433380.914721,2026-08-01,2026-08-01_000919
NFLX,5m,2026-07-31 14:45:00+00:00,71.27,71.34,71.225,71.285,429372.532421,2026-08-01,2026-08-01_000919
NFLX,5m,2026-07-31 14:50:00+00:00,71.28,71.42,71.25,71.41,411762.99065899994,2026-08-01,2026-08-01_000919
NFLX,5m,2026-07-31 14:55:00+00:00,71.41,71.63,71.33,71.585,450206.58696000004,2026-08-01,2026-08-01_000919
NFLX,5m,2026-07-31 15:00:00+00:00,71.575,71.76,71.51,71.71,382206.092112,2026-08-01,2026-08-01_000919
NFLX,5m,2026-07-31 15:05:00+00:00,71.7,71.75,71.58,71.64,313589.46391199995,2026-08-01,2026-08-01_000919
NFLX,5m,2026-07-31 15:10:00+00:00,71.65,71.7299,71.595,71.62,227455.13659799998,2026-08-01,2026-08-01_000919
NFLX,5m,2026-07-31 15:15:00+00:00,71.61,71.64,71.51,71.605,239753.88617100002,2026-08-01,2026-08-01_000919
NFLX,5m,2026-07-31 15:20:00+00:00,71.605,71.69,71.585,71.61,252591.747659,2026-08-01,2026-08-01_000919
NFLX,5m,2026-07-31 15:25:00+00:00,71.61,71.82,71.5938,71.645,304338.805455,2026-08-01,2026-08-01_000919
NFLX,5m,2026-07-31 15:30:00+00:00,71.65,71.65,71.47,71.48,362920.945809,2026-08-01,2026-08-01_000919
NFLX,5m,2026-07-31 15:35:00+00:00,71.475,71.61,71.455,71.535,360712.055658,2026-08-01,2026-08-01_000919
NFLX,5m,2026-07-31 15:40:00+00:00,71.535,71.695,71.485,71.68,265494.369687,2026-08-01,2026-08-01_000919
NFLX,5m,2026-07-31 15:45:00+00:00,71.685,71.775,71.62,71.64,305968.811193,2026-08-01,2026-08-01_000919
NFLX,5m,2026-07-31 15:50:00+00:00,71.64,71.72,71.58,71.585,214117.120065,2026-08-01,2026-08-01_000919
NFLX,5m,2026-07-31 15:55:00+00:00,71.585,71.6795,71.525,71.65,279501.595439,2026-08-01,2026-08-01_000919
NFLX,5m,2026-07-31 16:00:00+00:00,71.64,71.665,71.5438,71.665,148651.14148700002,2026-08-01,2026-08-01_000919
NFLX,5m,2026-07-31 16:05:00+00:00,71.665,71.7,71.6201,71.645,196054.316632,2026-08-01,2026-08-01_000919
NFLX,5m,2026-07-31 16:10:00+00:00,71.645,71.72,71.61,71.705,191347.051111,2026-08-01,2026-08-01_000919
NFLX,5m,2026-07-31 16:15:00+00:00,71.7,71.7,71.62,71.695,165939.838107,2026-08-01,2026-08-01_000919
NFLX,5m,2026-07-31 16:20:00+00:00,71.7,71.715,71.64,71.665,209550.896943,2026-08-01,2026-08-01_000919
NFLX,5m,2026-07-31 16:25:00+00:00,71.665,71.7,71.62,71.646,148147.855183,2026-08-01,2026-08-01_000919
NFLX,5m,2026-07-31 16:30:00+00:00,71.64,71.64,71.5,71.53,201969.33616399998,2026-08-01,2026-08-01_000919
NFLX,5m,2026-07-31 16:35:00+00:00,71.53,71.55,71.46,71.485,214488.314287,2026-08-01,2026-08-01_000919
NFLX,5m,2026-07-31 16:40:00+00:00,71.48,71.55,71.47,71.5,189338.166252,2026-08-01,2026-08-01_000919
NFLX,5m,2026-07-31 16:45:00+00:00,71.495,71.53,71.43,71.46,203253.778167,2026-08-01,2026-08-01_000919
NFLX,5m,2026-07-31 16:50:00+00:00,71.4601,71.48,71.4,71.405,192175.306721,2026-08-01,2026-08-01_000919
NFLX,5m,2026-07-31 16:55:00+00:00,71.4151,71.4599,71.35,71.455,159702.44376599998,2026-08-01,2026-08-01_000919
NFLX,5m,2026-07-31 17:00:00+00:00,71.45,71.515,71.43,71.4901,194822.10231999998,2026-08-01,2026-08-01_000919
NFLX,5m,2026-07-31 17:05:00+00:00,71.4901,71.53,71.445,71.47,251844.052016,2026-08-01,2026-08-01_000919
NFLX,5m,2026-07-31 17:10:00+00:00,71.47,71.505,71.4605,71.475,194176.439732,2026-08-01,2026-08-01_000919
NFLX,5m,2026-07-31 17:15:00+00:00,71.475,71.48,71.41,71.475,228710.87781699997,2026-08-01,2026-08-01_000919
NFLX,5m,2026-07-31 17:20:00+00:00,71.475,71.565,71.45,71.55,239624.77071100002,2026-08-01,2026-08-01_000919
NFLX,5m,2026-07-31 17:25:00+00:00,71.55,71.6,71.515,71.545,260358.798937,2026-08-01,2026-08-01_000919
NFLX,5m,2026-07-31 17:30:00+00:00,71.5402,71.555,71.46,71.485,225985.48435800002,2026-08-01,2026-08-01_000919
NFLX,5m,2026-07-31 17:35:00+00:00,71.48,71.495,71.425,71.4701,242115.93877200002,2026-08-01,2026-08-01_000919
NFLX,5m,2026-07-31 17:40:00+00:00,71.47,71.58,71.42,71.575,344365.91219199996,2026-08-01,2026-08-01_000919
NFLX,5m,2026-07-31 17:45:00+00:00,71.57,71.62,71.535,71.585,208824.373063,2026-08-01,2026-08-01_000919
NFLX,5m,2026-07-31 17:50:00+00:00,71.58,71.68,71.58,71.6299,180325.332539,2026-08-01,2026-08-01_000919
NFLX,5m,2026-07-31 17:55:00+00:00,71.62,71.64,71.52,71.525,170862.694655,2026-08-01,2026-08-01_000919
NFLX,5m,2026-07-31 18:00:00+00:00,71.53,71.67,71.525,71.625,200520.43198300002,2026-08-01,2026-08-01_000919
NFLX,5m,2026-07-31 18:05:00+00:00,71.6299,71.72,71.61,71.715,185953.010267,2026-08-01,2026-08-01_000919
NFLX,5m,2026-07-31 18:10:00+00:00,71.71,71.7998,71.67,71.79,266604.462297,2026-08-01,2026-08-01_000919
NFLX,5m,2026-07-31 18:15:00+00:00,71.8,71.83,71.68,71.785,238298.545864,2026-08-01,2026-08-01_000919
NFLX,5m,2026-07-31 18:20:00+00:00,71.785,71.83,71.55,71.74,345505.574926,2026-08-01,2026-08-01_000919
NFLX,5m,2026-07-31 18:25:00+00:00,71.73,71.8,71.66,71.66,230958.797473,2026-08-01,2026-08-01_000919
NFLX,5m,2026-07-31 18:30:00+00:00,71.665,71.71,71.2,71.68,279732.143114,2026-08-01,2026-08-01_000919
NFLX,5m,2026-07-31 18:35:00+00:00,71.689,71.72,71.65,71.68,206460.483213,2026-08-01,2026-08-01_000919
NFLX,5m,2026-07-31 18:40:00+00:00,71.68,71.72,71.66,71.715,158644.001893,2026-08-01,2026-08-01_000919
NFLX,5m,2026-07-31 18:45:00+00:00,71.71,71.74,71.665,71.73,197637.985291,2026-08-01,2026-08-01_000919
NFLX,5m,2026-07-31 18:50:00+00:00,71.72,71.76,71.705,71.735,204427.70944,2026-08-01,2026-08-01_000919
NFLX,5m,2026-07-31 18:55:00+00:00,71.74,71.775,71.69,71.69,193373.25752900002,2026-08-01,2026-08-01_000919
NFLX,5m,2026-07-31 19:00:00+00:00,71.69,71.73,71.65,71.705,262705.115783,2026-08-01,2026-08-01_000919
NFLX,5m,2026-07-31 19:05:00+00:00,71.705,71.75,71.69,71.705,238249.63139,2026-08-01,2026-08-01_000919
NFLX,5m,2026-07-31 19:10:00+00:00,71.7001,71.78,71.7001,71.745,240174.971672,2026-08-01,2026-08-01_000919
NFLX,5m,2026-07-31 19:15:00+00:00,71.745,71.775,71.65,71.65,377380.634816,2026-08-01,2026-08-01_000919
NFLX,5m,2026-07-31 19:20:00+00:00,71.655,71.715,71.63,71.656,393922.23010999995,2026-08-01,2026-08-01_000919
NFLX,5m,2026-07-31 19:25:00+00:00,71.65,71.665,71.58,71.605,545294.3602829999,2026-08-01,2026-08-01_000919
NFLX,5m,2026-07-31 19:30:00+00:00,71.605,71.64,71.51,71.5438,586449.349604,2026-08-01,2026-08-01_000919
NFLX,5m,2026-07-31 19:35:00+00:00,71.545,71.65,71.505,71.63,585265.206457,2026-08-01,2026-08-01_000919
NFLX,5m,2026-07-31 19:40:00+00:00,71.62,71.65,71.53,71.645,800013.6201490001,2026-08-01,2026-08-01_000919
NFLX,5m,2026-07-31 19:45:00+00:00,71.64,71.68,71.605,71.645,408415.67027500004,2026-08-01,2026-08-01_000919
NFLX,5m,2026-07-31 19:50:00+00:00,71.645,71.77,71.59,71.735,794002.193476,2026-08-01,2026-08-01_000919
NFLX,5m,2026-07-31 19:55:00+00:00,71.73,71.81,71.63,71.695,1734539.893469,2026-08-01,2026-08-01_000919
NFLX,5m,2026-07-31 20:00:00+00:00,71.71,72.02,71.7,71.8385,956230.208316,2026-08-01,2026-08-01_000919
NFLX,5m,2026-07-31 20:05:00+00:00,71.8,71.88,71.8,71.88,24159.960129,2026-08-01,2026-08-01_000919
NFLX,5m,2026-07-31 20:10:00+00:00,71.8,71.8479,71.77,71.84,14196.987499,2026-08-01,2026-08-01_000919
NFLX,5m,2026-07-31 20:15:00+00:00,71.83,71.83,71.6593,71.6593,11969.649518,2026-08-01,2026-08-01_000919
NFLX,5m,2026-07-31 20:20:00+00:00,71.72,71.7279,71.7,71.7279,1597.565837,2026-08-01,2026-08-01_000919
NFLX,5m,2026-07-31 20:25:00+00:00,71.76,71.76,71.7227,71.73,8285.914508,2026-08-01,2026-08-01_000919
NFLX,5m,2026-07-31 20:30:00+00:00,71.75,71.84,71.7329,71.84,5078.565984,2026-08-01,2026-08-01_000919
NFLX,5m,2026-07-31 20:35:00+00:00,71.8476,71.8476,71.8476,71.8476,370.0,2026-08-01,2026-08-01_000919
NFLX,5m,2026-07-31 20:40:00+00:00,71.8516,71.88,71.8035,71.88,2480.730969,2026-08-01,2026-08-01_000919
NFLX,5m,2026-07-31 20:45:00+00:00,71.8035,71.85,71.75,71.7701,8436.135231999999,2026-08-01,2026-08-01_000919
NFLX,5m,2026-07-31 20:50:00+00:00,71.84,71.84,71.72,71.72,1254.483037,2026-08-01,2026-08-01_000919
NFLX,5m,2026-07-31 20:55:00+00:00,71.7978,71.7978,71.52,71.52,7979.511612,2026-08-01,2026-08-01_000919
NFLX,5m,2026-07-31 21:00:00+00:00,71.6335,71.6335,71.52,71.55,544.008915,2026-08-01,2026-08-01_000919
NFLX,5m,2026-07-31 21:05:00+00:00,71.64,71.65,71.6,71.6,569.788102,2026-08-01,2026-08-01_000919
NFLX,5m,2026-07-31 21:10:00+00:00,71.6387,71.6387,71.5966,71.5966,759.586831,2026-08-01,2026-08-01_000919
NFLX,5m,2026-07-31 21:15:00+00:00,71.67,71.69,71.597,71.597,5682.811325999999,2026-08-01,2026-08-01_000919
NFLX,5m,2026-07-31 21:20:00+00:00,71.5663,71.625,71.5505,71.5578,4897.734848,2026-08-01,2026-08-01_000919
NFLX,5m,2026-07-31 21:25:00+00:00,71.55,71.55,71.55,71.55,2830.928412,2026-08-01,2026-08-01_000919
NFLX,5m,2026-07-31 21:35:00+00:00,71.6682,71.6682,71.55,71.574,1439.1283429999999,2026-08-01,2026-08-01_000919
NFLX,5m,2026-07-31 21:40:00+00:00,71.6028,71.6139,71.6028,71.6087,1556.198293,2026-08-01,2026-08-01_000919
NFLX,5m,2026-07-31 21:50:00+00:00,71.6152,71.68,71.6152,71.623,2464.70126,2026-08-01,2026-08-01_000919
NFLX,5m,2026-07-31 21:55:00+00:00,71.67,71.67,71.63,71.63,447.139528,2026-08-01,2026-08-01_000919
NFLX,5m,2026-07-31 22:00:00+00:00,71.66,71.66,71.6204,71.6204,386.864955,2026-08-01,2026-08-01_000919
NFLX,5m,2026-07-31 22:05:00+00:00,71.6277,71.67,71.6209,71.67,1985.1541590000002,2026-08-01,2026-08-01_000919
NFLX,5m,2026-07-31 22:10:00+00:00,71.67,71.67,71.67,71.67,127.162727,2026-08-01,2026-08-01_000919
NFLX,5m,2026-07-31 22:15:00+00:00,71.65,71.66,71.65,71.66,851.38126,2026-08-01,2026-08-01_000919
NFLX,5m,2026-07-31 22:20:00+00:00,71.6241,71.66,71.6241,71.66,1421.456296,2026-08-01,2026-08-01_000919
NFLX,5m,2026-07-31 22:25:00+00:00,71.66,71.66,71.6229,71.6229,1171.254219,2026-08-01,2026-08-01_000919
NFLX,5m,2026-07-31 22:30:00+00:00,71.63,71.65,71.62,71.65,3140.0,2026-08-01,2026-08-01_000919
NFLX,5m,2026-07-31 22:35:00+00:00,71.67,71.67,71.67,71.67,128.0,2026-08-01,2026-08-01_000919
NFLX,5m,2026-07-31 22:40:00+00:00,71.64,71.7,71.64,71.7,1056.800481,2026-08-01,2026-08-01_000919
NFLX,5m,2026-07-31 22:45:00+00:00,71.7,71.7,71.64,71.64,639.3488990000001,2026-08-01,2026-08-01_000919
NFLX,5m,2026-07-31 22:55:00+00:00,71.6444,71.696,71.6444,71.696,473.488819,2026-08-01,2026-08-01_000919
NFLX,5m,2026-07-31 23:00:00+00:00,71.6999,71.6999,71.69,71.6998,1605.240442,2026-08-01,2026-08-01_000919
NFLX,5m,2026-07-31 23:05:00+00:00,71.695,71.695,71.69,71.69,1188.394729,2026-08-01,2026-08-01_000919
NFLX,5m,2026-07-31 23:10:00+00:00,71.69,71.69,71.6574,71.6574,1037.9754349999998,2026-08-01,2026-08-01_000919
NFLX,5m,2026-07-31 23:20:00+00:00,71.6521,71.6521,71.6521,71.6521,111.711491,2026-08-01,2026-08-01_000919
NFLX,5m,2026-07-31 23:25:00+00:00,71.7,71.7,71.6991,71.6991,594.831831,2026-08-01,2026-08-01_000919
NFLX,5m,2026-07-31 23:30:00+00:00,71.6513,71.69,71.6513,71.69,796.452653,2026-08-01,2026-08-01_000919
NFLX,5m,2026-07-31 23:35:00+00:00,71.6521,71.6521,71.6521,71.6521,151.111578,2026-08-01,2026-08-01_000919
NFLX,5m,2026-07-31 23:40:00+00:00,71.69,71.6923,71.69,71.6923,710.0,2026-08-01,2026-08-01_000919
NFLX,5m,2026-07-31 23:45:00+00:00,71.65,71.69,71.65,71.69,536.0,2026-08-01,2026-08-01_000919
NFLX,5m,2026-07-31 23:50:00+00:00,71.65,71.65,71.65,71.65,617.013947,2026-08-01,2026-08-01_000919
NFLX,5m,2026-07-31 23:55:00+00:00,71.7,71.7581,71.7,71.7581,2614.0,2026-08-01,2026-08-01_000919
CRWD,5m,2026-07-31 08:00:00+00:00,187.01,187.7,186.86,186.98,910.0723820000001,2026-08-01,2026-08-01_000919
CRWD,5m,2026-07-31 08:05:00+00:00,186.98,186.98,186.98,186.98,226.0,2026-08-01,2026-08-01_000919
CRWD,5m,2026-07-31 08:10:00+00:00,186.98,186.98,186.96,186.98,471.267389,2026-08-01,2026-08-01_000919
CRWD,5m,2026-07-31 08:15:00+00:00,187.28,187.28,187.28,187.28,103.0,2026-08-01,2026-08-01_000919
CRWD,5m,2026-07-31 08:20:00+00:00,187.22,187.432,187.22,187.432,708.0,2026-08-01,2026-08-01_000919
CRWD,5m,2026-07-31 08:25:00+00:00,187.46,187.9,187.46,187.56,1292.0,2026-08-01,2026-08-01_000919
CRWD,5m,2026-07-31 08:30:00+00:00,187.45,187.89,187.44,187.55,488.0,2026-08-01,2026-08-01_000919
CRWD,5m,2026-07-31 08:35:00+00:00,187.27,187.27,187.27,187.27,132.0,2026-08-01,2026-08-01_000919
CRWD,5m,2026-07-31 08:40:00+00:00,187.33,187.33,187.33,187.33,250.0,2026-08-01,2026-08-01_000919
CRWD,5m,2026-07-31 08:45:00+00:00,187.25,187.25,187.25,187.25,110.0,2026-08-01,2026-08-01_000919
CRWD,5m,2026-07-31 09:00:00+00:00,187.31,187.31,187.01,187.07,484.0,2026-08-01,2026-08-01_000919
CRWD,5m,2026-07-31 09:10:00+00:00,187.19,187.25,187.01,187.25,879.80125,2026-08-01,2026-08-01_000919
CRWD,5m,2026-07-31 09:15:00+00:00,187.35,187.52,187.35,187.52,233.0,2026-08-01,2026-08-01_000919
CRWD,5m,2026-07-31 09:20:00+00:00,187.47,187.47,187.47,187.47,407.0,2026-08-01,2026-08-01_000919
CRWD,5m,2026-07-31 09:25:00+00:00,187.47,187.49,187.47,187.49,138.0,2026-08-01,2026-08-01_000919
CRWD,5m,2026-07-31 09:30:00+00:00,187.14,187.14,187.14,187.14,110.0,2026-08-01,2026-08-01_000919
CRWD,5m,2026-07-31 09:35:00+00:00,187.06,187.06,186.72,186.72,1280.0,2026-08-01,2026-08-01_000919
CRWD,5m,2026-07-31 09:40:00+00:00,186.99,186.99,186.6,186.6,279.0,2026-08-01,2026-08-01_000919
CRWD,5m,2026-07-31 09:45:00+00:00,186.88,186.88,186.2,186.2,911.0,2026-08-01,2026-08-01_000919
CRWD,5m,2026-07-31 09:50:00+00:00,186.86,186.86,186.86,186.86,53.0,2026-08-01,2026-08-01_000919
CRWD,5m,2026-07-31 09:55:00+00:00,186.86,186.86,186.72,186.72,313.0,2026-08-01,2026-08-01_000919
CRWD,5m,2026-07-31 10:05:00+00:00,186.9044,186.91,186.68,186.91,997.0,2026-08-01,2026-08-01_000919
CRWD,5m,2026-07-31 10:10:00+00:00,186.99,187.43,186.91,187.43,1033.29815,2026-08-01,2026-08-01_000919
CRWD,5m,2026-07-31 10:15:00+00:00,187.46,187.46,187.46,187.46,148.0,2026-08-01,2026-08-01_000919
CRWD,5m,2026-07-31 10:20:00+00:00,187.36,187.36,187.36,187.36,114.0,2026-08-01,2026-08-01_000919
CRWD,5m,2026-07-31 10:25:00+00:00,187.49,187.49,187.4491,187.4491,538.0,2026-08-01,2026-08-01_000919
CRWD,5m,2026-07-31 10:35:00+00:00,187.4325,187.4325,187.4325,187.4325,51.0,2026-08-01,2026-08-01_000919
CRWD,5m,2026-07-31 10:40:00+00:00,187.47,187.47,187.02,187.02,184.0,2026-08-01,2026-08-01_000919
CRWD,5m,2026-07-31 10:45:00+00:00,187.36,187.36,187.35,187.35,420.0,2026-08-01,2026-08-01_000919
CRWD,5m,2026-07-31 10:50:00+00:00,187.32,187.32,187.31,187.31,107.0,2026-08-01,2026-08-01_000919
CRWD,5m,2026-07-31 10:55:00+00:00,187.17,187.17,187.0503,187.0503,200.0,2026-08-01,2026-08-01_000919
CRWD,5m,2026-07-31 11:00:00+00:00,187.15,187.51,187.15,187.46,3593.0,2026-08-01,2026-08-01_000919
CRWD,5m,2026-07-31 11:05:00+00:00,187.06,187.4908,187.06,187.33,3324.0,2026-08-01,2026-08-01_000919
CRWD,5m,2026-07-31 11:10:00+00:00,187.06,187.5,187.0,187.2783,1273.0,2026-08-01,2026-08-01_000919
CRWD,5m,2026-07-31 11:15:00+00:00,186.8,187.0,186.761,186.761,1196.0,2026-08-01,2026-08-01_000919
CRWD,5m,2026-07-31 11:20:00+00:00,186.75,187.3396,186.75,187.0,1342.0,2026-08-01,2026-08-01_000919
CRWD,5m,2026-07-31 11:25:00+00:00,187.15,187.45,187.07,187.18,2563.0,2026-08-01,2026-08-01_000919
CRWD,5m,2026-07-31 11:30:00+00:00,187.03,187.2,187.0,187.2,2463.0,2026-08-01,2026-08-01_000919
CRWD,5m,2026-07-31 11:35:00+00:00,186.98,186.98,186.71,186.71,500.182103,2026-08-01,2026-08-01_000919
CRWD,5m,2026-07-31 11:40:00+00:00,186.81,186.81,186.6,186.7,873.0,2026-08-01,2026-08-01_000919
CRWD,5m,2026-07-31 11:45:00+00:00,186.83,186.89,186.51,186.51,738.0,2026-08-01,2026-08-01_000919
CRWD,5m,2026-07-31 11:50:00+00:00,186.69,186.69,186.49,186.49,352.89,2026-08-01,2026-08-01_000919
CRWD,5m,2026-07-31 11:55:00+00:00,186.55,186.55,186.36,186.36,139.0,2026-08-01,2026-08-01_000919
CRWD,5m,2026-07-31 12:00:00+00:00,186.5,186.5,186.01,186.01,403.0,2026-08-01,2026-08-01_000919
CRWD,5m,2026-07-31 12:05:00+00:00,186.7,186.7,186.0997,186.0997,280.0,2026-08-01,2026-08-01_000919
CRWD,5m,2026-07-31 12:10:00+00:00,186.24,186.24,186.05,186.05,798.0,2026-08-01,2026-08-01_000919
CRWD,5m,2026-07-31 12:15:00+00:00,186.38,186.4807,186.03,186.4807,1295.0,2026-08-01,2026-08-01_000919
CRWD,5m,2026-07-31 12:20:00+00:00,186.4873,186.5,186.18,186.45,1641.0,2026-08-01,2026-08-01_000919
CRWD,5m,2026-07-31 12:25:00+00:00,186.25,186.75,186.1651,186.75,5518.0,2026-08-01,2026-08-01_000919
CRWD,5m,2026-07-31 12:30:00+00:00,186.5,186.8,186.5,186.8,424.27855,2026-08-01,2026-08-01_000919
CRWD,5m,2026-07-31 12:35:00+00:00,186.42,186.42,186.4,186.4,2407.107066,2026-08-01,2026-08-01_000919
CRWD,5m,2026-07-31 12:40:00+00:00,186.2806,186.5183,186.2806,186.43,1870.0,2026-08-01,2026-08-01_000919
CRWD,5m,2026-07-31 12:45:00+00:00,186.8881,186.8881,186.43,186.45,2067.0,2026-08-01,2026-08-01_000919
CRWD,5m,2026-07-31 12:50:00+00:00,186.4,186.4,186.4,186.4,100.0,2026-08-01,2026-08-01_000919
CRWD,5m,2026-07-31 12:55:00+00:00,186.77,187.0,186.51,186.51,753.009358,2026-08-01,2026-08-01_000919
CRWD,5m,2026-07-31 13:00:00+00:00,186.5605,186.5605,186.3005,186.3005,476.049276,2026-08-01,2026-08-01_000919
CRWD,5m,2026-07-31 13:05:00+00:00,186.5724,186.8755,186.5724,186.65,2179.0,2026-08-01,2026-08-01_000919
CRWD,5m,2026-07-31 13:10:00+00:00,186.65,186.84,186.56,186.79,1664.0,2026-08-01,2026-08-01_000919
CRWD,5m,2026-07-31 13:15:00+00:00,186.7,186.9,186.5,186.89,2211.35,2026-08-01,2026-08-01_000919
CRWD,5m,2026-07-31 13:20:00+00:00,186.45,186.9,186.38,186.9,2557.0,2026-08-01,2026-08-01_000919
CRWD,5m,2026-07-31 13:25:00+00:00,187.0,187.6,186.41,187.0,5315.008368,2026-08-01,2026-08-01_000919
CRWD,5m,2026-07-31 13:30:00+00:00,187.22,190.2,185.86,189.35,451926.07287200005,2026-08-01,2026-08-01_000919
CRWD,5m,2026-07-31 13:35:00+00:00,189.45,191.22,189.08,189.65,208162.91529100004,2026-08-01,2026-08-01_000919
CRWD,5m,2026-07-31 13:40:00+00:00,189.616593,190.35,189.12,189.165,120986.205745,2026-08-01,2026-08-01_000919
CRWD,5m,2026-07-31 13:45:00+00:00,189.25,189.79,187.6,187.945,142565.226945,2026-08-01,2026-08-01_000919
CRWD,5m,2026-07-31 13:50:00+00:00,188.15,188.59,187.5,188.24,80877.166719,2026-08-01,2026-08-01_000919
CRWD,5m,2026-07-31 13:55:00+00:00,188.34,189.2,187.79,187.8301,80740.445657,2026-08-01,2026-08-01_000919
CRWD,5m,2026-07-31 14:00:00+00:00,187.82,188.13,186.4,186.78,97785.499927,2026-08-01,2026-08-01_000919
CRWD,5m,2026-07-31 14:05:00+00:00,186.78,187.36,185.2,185.43,115763.13692699999,2026-08-01,2026-08-01_000919
CRWD,5m,2026-07-31 14:10:00+00:00,185.39,186.76,184.75,186.205,166014.88326899998,2026-08-01,2026-08-01_000919
CRWD,5m,2026-07-31 14:15:00+00:00,186.2,186.345,184.91,185.81,74560.866663,2026-08-01,2026-08-01_000919
CRWD,5m,2026-07-31 14:20:00+00:00,185.53,186.02,184.36,184.52,80148.83516599999,2026-08-01,2026-08-01_000919
CRWD,5m,2026-07-31 14:25:00+00:00,184.515,185.5899,184.16,185.2995,54359.653495,2026-08-01,2026-08-01_000919
CRWD,5m,2026-07-31 14:30:00+00:00,185.21,185.635,184.99,185.15,53371.733914,2026-08-01,2026-08-01_000919
CRWD,5m,2026-07-31 14:35:00+00:00,185.245,186.405,185.205,186.26,91101.541617,2026-08-01,2026-08-01_000919
CRWD,5m,2026-07-31 14:40:00+00:00,186.29,186.75,185.51,186.355,62930.93530899999,2026-08-01,2026-08-01_000919
CRWD,5m,2026-07-31 14:45:00+00:00,186.355,186.83,186.01,186.67,53324.188438,2026-08-01,2026-08-01_000919
CRWD,5m,2026-07-31 14:50:00+00:00,186.63,187.06,186.16,186.845768,51795.402246,2026-08-01,2026-08-01_000919
CRWD,5m,2026-07-31 14:55:00+00:00,186.8125,186.99,186.03,186.14,53850.618178000004,2026-08-01,2026-08-01_000919
CRWD,5m,2026-07-31 15:00:00+00:00,186.13,187.25,185.84,187.25,74098.35597100001,2026-08-01,2026-08-01_000919
CRWD,5m,2026-07-31 15:05:00+00:00,187.31,187.67,186.55,186.8,57289.328881999994,2026-08-01,2026-08-01_000919
CRWD,5m,2026-07-31 15:10:00+00:00,186.8,188.27,186.75,187.92,55845.708193,2026-08-01,2026-08-01_000919
CRWD,5m,2026-07-31 15:15:00+00:00,187.93,188.205,187.3801,187.625,54646.261898,2026-08-01,2026-08-01_000919
CRWD,5m,2026-07-31 15:20:00+00:00,187.62,187.85,187.05,187.64,76368.11652200001,2026-08-01,2026-08-01_000919
CRWD,5m,2026-07-31 15:25:00+00:00,187.665,188.3499,187.51,188.03,66950.216483,2026-08-01,2026-08-01_000919
CRWD,5m,2026-07-31 15:30:00+00:00,188.1,188.19,187.6425,188.0,40329.877256,2026-08-01,2026-08-01_000919
CRWD,5m,2026-07-31 15:35:00+00:00,188.0,189.135,188.0,188.98,56982.082666999995,2026-08-01,2026-08-01_000919
CRWD,5m,2026-07-31 15:40:00+00:00,188.98,189.17,188.16,188.415,37389.050251,2026-08-01,2026-08-01_000919
CRWD,5m,2026-07-31 15:45:00+00:00,188.5,188.74,188.0,188.2,55273.340343,2026-08-01,2026-08-01_000919
CRWD,5m,2026-07-31 15:50:00+00:00,188.175,189.02,188.13,188.92,34774.433430000005,2026-08-01,2026-08-01_000919
CRWD,5m,2026-07-31 15:55:00+00:00,188.96,189.23,188.74,189.0,58903.157879000006,2026-08-01,2026-08-01_000919
CRWD,5m,2026-07-31 16:00:00+00:00,188.84,189.19,188.58,188.725,98902.405296,2026-08-01,2026-08-01_000919
CRWD,5m,2026-07-31 16:05:00+00:00,188.725,188.82,187.5705,187.625,56499.61844199999,2026-08-01,2026-08-01_000919
CRWD,5m,2026-07-31 16:10:00+00:00,187.625,187.79,187.18,187.26,27518.240462,2026-08-01,2026-08-01_000919
CRWD,5m,2026-07-31 16:15:00+00:00,187.34,187.955,187.24,187.86,22411.99602,2026-08-01,2026-08-01_000919
CRWD,5m,2026-07-31 16:20:00+00:00,187.89,187.9199,187.5355,187.725,25595.760192,2026-08-01,2026-08-01_000919
CRWD,5m,2026-07-31 16:25:00+00:00,187.7,188.22,187.5157,187.99,29415.801109999997,2026-08-01,2026-08-01_000919
CRWD,5m,2026-07-31 16:30:00+00:00,188.06,188.44,187.975,188.21,31165.559822,2026-08-01,2026-08-01_000919
CRWD,5m,2026-07-31 16:35:00+00:00,188.18,188.5,188.05,188.305,28576.120898,2026-08-01,2026-08-01_000919
CRWD,5m,2026-07-31 16:40:00+00:00,188.305,188.45,188.15,188.33,47458.361827,2026-08-01,2026-08-01_000919
CRWD,5m,2026-07-31 16:45:00+00:00,188.26,188.56,188.06,188.49,27371.054447,2026-08-01,2026-08-01_000919
CRWD,5m,2026-07-31 16:50:00+00:00,188.5481,189.48,188.45,189.365,177646.01928199996,2026-08-01,2026-08-01_000919
CRWD,5m,2026-07-31 16:55:00+00:00,189.42,189.8,189.38,189.715,90471.012988,2026-08-01,2026-08-01_000919
CRWD,5m,2026-07-31 17:00:00+00:00,189.715,189.89,189.325,189.61,40914.092996,2026-08-01,2026-08-01_000919
CRWD,5m,2026-07-31 17:05:00+00:00,189.59,189.8587,189.53,189.825,25734.254212,2026-08-01,2026-08-01_000919
CRWD,5m,2026-07-31 17:10:00+00:00,189.77,190.98,189.68,190.815,63389.179403,2026-08-01,2026-08-01_000919
CRWD,5m,2026-07-31 17:15:00+00:00,190.815,190.99,190.3101,190.51,57908.506739,2026-08-01,2026-08-01_000919
CRWD,5m,2026-07-31 17:20:00+00:00,190.53,191.34,190.455,191.34,55778.349875,2026-08-01,2026-08-01_000919
CRWD,5m,2026-07-31 17:25:00+00:00,191.28,191.5,190.8,191.21,143159.106157,2026-08-01,2026-08-01_000919
CRWD,5m,2026-07-31 17:30:00+00:00,191.215,191.4,190.75,191.255,217970.372188,2026-08-01,2026-08-01_000919
CRWD,5m,2026-07-31 17:35:00+00:00,191.32,191.645,190.8401,190.985,65002.536565999995,2026-08-01,2026-08-01_000919
CRWD,5m,2026-07-31 17:40:00+00:00,190.92,190.9981,190.5801,190.8,63025.674928,2026-08-01,2026-08-01_000919
CRWD,5m,2026-07-31 17:45:00+00:00,190.78,190.82,189.87,190.005,72500.858109,2026-08-01,2026-08-01_000919
CRWD,5m,2026-07-31 17:50:00+00:00,190.0,190.2295,189.86,190.14,25305.791749,2026-08-01,2026-08-01_000919
CRWD,5m,2026-07-31 17:55:00+00:00,190.15,190.38,190.0,190.06,46499.778487999996,2026-08-01,2026-08-01_000919
CRWD,5m,2026-07-31 18:00:00+00:00,190.06,190.51,189.98,190.1,45435.246039,2026-08-01,2026-08-01_000919
CRWD,5m,2026-07-31 18:05:00+00:00,190.103,190.4,189.97,190.15,97692.743953,2026-08-01,2026-08-01_000919
CRWD,5m,2026-07-31 18:10:00+00:00,190.15,190.25,189.7601,190.09,41073.337171,2026-08-01,2026-08-01_000919
CRWD,5m,2026-07-31 18:15:00+00:00,190.1,190.17,189.54,189.61,41849.117635,2026-08-01,2026-08-01_000919
CRWD,5m,2026-07-31 18:20:00+00:00,189.67,190.2399,189.605,190.14,27639.053213,2026-08-01,2026-08-01_000919
CRWD,5m,2026-07-31 18:25:00+00:00,190.185,190.42,190.13,190.15,40177.475078999996,2026-08-01,2026-08-01_000919
CRWD,5m,2026-07-31 18:30:00+00:00,190.19,190.439,190.12,190.3,35231.321398,2026-08-01,2026-08-01_000919
CRWD,5m,2026-07-31 18:35:00+00:00,190.28,190.665,190.27,190.3,51654.239189,2026-08-01,2026-08-01_000919
CRWD,5m,2026-07-31 18:40:00+00:00,190.28,190.68,190.275,190.53,45574.845506,2026-08-01,2026-08-01_000919
CRWD,5m,2026-07-31 18:45:00+00:00,190.49,190.68,190.47,190.67,28660.281439,2026-08-01,2026-08-01_000919
CRWD,5m,2026-07-31 18:50:00+00:00,190.66,190.805,190.31,190.31,44457.381102,2026-08-01,2026-08-01_000919
CRWD,5m,2026-07-31 18:55:00+00:00,190.3,190.4,190.01,190.2,31671.743174999996,2026-08-01,2026-08-01_000919
CRWD,5m,2026-07-31 19:00:00+00:00,190.165,190.44,190.05,190.0895,29505.788094000003,2026-08-01,2026-08-01_000919
CRWD,5m,2026-07-31 19:05:00+00:00,190.05,190.165,189.66,190.075,38502.162442,2026-08-01,2026-08-01_000919
CRWD,5m,2026-07-31 19:10:00+00:00,190.125,190.44,190.08,190.3495,30726.033434,2026-08-01,2026-08-01_000919
CRWD,5m,2026-07-31 19:15:00+00:00,190.315,191.16,190.24,190.805,100987.60708999999,2026-08-01,2026-08-01_000919
CRWD,5m,2026-07-31 19:20:00+00:00,190.805,191.0,190.61,190.69,74092.33401700002,2026-08-01,2026-08-01_000919
CRWD,5m,2026-07-31 19:25:00+00:00,190.65,190.87,190.58,190.68,45299.871251000004,2026-08-01,2026-08-01_000919
CRWD,5m,2026-07-31 19:30:00+00:00,190.6825,190.72,190.235,190.41,63736.31697299999,2026-08-01,2026-08-01_000919
CRWD,5m,2026-07-31 19:35:00+00:00,190.43,190.645,190.37,190.6,68869.55978400001,2026-08-01,2026-08-01_000919
CRWD,5m,2026-07-31 19:40:00+00:00,190.59,190.77,190.25,190.57,93567.124171,2026-08-01,2026-08-01_000919
CRWD,5m,2026-07-31 19:45:00+00:00,190.6,191.4,190.45,191.345,117243.318991,2026-08-01,2026-08-01_000919
CRWD,5m,2026-07-31 19:50:00+00:00,191.345,191.56,190.965,191.12,235413.970436,2026-08-01,2026-08-01_000919
CRWD,5m,2026-07-31 19:55:00+00:00,191.115,191.48,190.79,190.85,445399.44171199994,2026-08-01,2026-08-01_000919
CRWD,5m,2026-07-31 20:00:00+00:00,190.86,190.86,190.0,190.0,43007.028139999995,2026-08-01,2026-08-01_000919
CRWD,5m,2026-07-31 20:05:00+00:00,190.3,190.44,190.25,190.4059,8564.0,2026-08-01,2026-08-01_000919
CRWD,5m,2026-07-31 20:10:00+00:00,190.49,190.768,190.49,190.64,2390.72842,2026-08-01,2026-08-01_000919
CRWD,5m,2026-07-31 20:15:00+00:00,190.702,190.702,190.66,190.66,182.0,2026-08-01,2026-08-01_000919
CRWD,5m,2026-07-31 20:20:00+00:00,190.5,190.5691,190.01,190.3,1160.0,2026-08-01,2026-08-01_000919
CRWD,5m,2026-07-31 20:25:00+00:00,190.1635,190.36,190.1635,190.3,498.0,2026-08-01,2026-08-01_000919
CRWD,5m,2026-07-31 20:30:00+00:00,190.4,190.4,190.2798,190.2798,363.039391,2026-08-01,2026-08-01_000919
CRWD,5m,2026-07-31 20:35:00+00:00,190.4,190.5,190.4,190.5,1276.0,2026-08-01,2026-08-01_000919
CRWD,5m,2026-07-31 20:40:00+00:00,190.6366,190.7,190.6,190.7,930.0,2026-08-01,2026-08-01_000919
CRWD,5m,2026-07-31 20:45:00+00:00,190.85,190.85,190.85,190.85,70.026199,2026-08-01,2026-08-01_000919
CRWD,5m,2026-07-31 20:50:00+00:00,190.54,190.54,190.54,190.54,272.0,2026-08-01,2026-08-01_000919
CRWD,5m,2026-07-31 20:55:00+00:00,190.3,190.35,190.02,190.02,772.0,2026-08-01,2026-08-01_000919
CRWD,5m,2026-07-31 21:00:00+00:00,190.09,190.09,190.09,190.09,123.447162,2026-08-01,2026-08-01_000919
CRWD,5m,2026-07-31 21:05:00+00:00,190.05,190.08,190.05,190.08,122.0,2026-08-01,2026-08-01_000919
CRWD,5m,2026-07-31 21:10:00+00:00,190.0176,190.0176,190.0176,190.0176,144.0,2026-08-01,2026-08-01_000919
CRWD,5m,2026-07-31 21:15:00+00:00,190.0,190.0,189.96,189.96,450.0,2026-08-01,2026-08-01_000919
CRWD,5m,2026-07-31 21:20:00+00:00,189.9,189.9485,189.9,189.94,543.0,2026-08-01,2026-08-01_000919
CRWD,5m,2026-07-31 21:25:00+00:00,189.95,189.95,189.65,189.65,1073.0,2026-08-01,2026-08-01_000919
CRWD,5m,2026-07-31 21:30:00+00:00,189.51,189.51,189.51,189.51,100.0,2026-08-01,2026-08-01_000919
CRWD,5m,2026-07-31 21:35:00+00:00,189.5806,189.8,189.5806,189.8,203.0,2026-08-01,2026-08-01_000919
CRWD,5m,2026-07-31 21:40:00+00:00,189.63,189.63,189.63,189.63,141.0,2026-08-01,2026-08-01_000919
CRWD,5m,2026-07-31 21:45:00+00:00,189.672,189.672,189.672,189.672,61.0,2026-08-01,2026-08-01_000919
CRWD,5m,2026-07-31 21:50:00+00:00,189.9349,190.0,189.6578,190.0,676.485784,2026-08-01,2026-08-01_000919
CRWD,5m,2026-07-31 21:55:00+00:00,190.01,190.2,190.0,190.01,766.0,2026-08-01,2026-08-01_000919
CRWD,5m,2026-07-31 22:00:00+00:00,189.67,189.94,189.67,189.94,172.005255,2026-08-01,2026-08-01_000919
CRWD,5m,2026-07-31 22:05:00+00:00,190.24,190.26,190.24,190.26,406.0,2026-08-01,2026-08-01_000919
CRWD,5m,2026-07-31 22:10:00+00:00,189.8228,190.22,189.8228,190.22,762.0,2026-08-01,2026-08-01_000919
CRWD,5m,2026-07-31 22:15:00+00:00,189.904,189.904,189.904,189.904,505.0,2026-08-01,2026-08-01_000919
CRWD,5m,2026-07-31 22:25:00+00:00,190.1,190.24,189.8236,190.24,1386.0,2026-08-01,2026-08-01_000919
CRWD,5m,2026-07-31 22:35:00+00:00,190.23,190.23,190.23,190.23,100.0,2026-08-01,2026-08-01_000919
CRWD,5m,2026-07-31 22:40:00+00:00,190.15,190.15,190.15,190.15,205.0,2026-08-01,2026-08-01_000919
CRWD,5m,2026-07-31 22:55:00+00:00,190.3,190.3,190.05,190.15,435.0,2026-08-01,2026-08-01_000919
CRWD,5m,2026-07-31 23:00:00+00:00,190.3,190.3,190.3,190.3,195.0,2026-08-01,2026-08-01_000919
CRWD,5m,2026-07-31 23:05:00+00:00,190.03,190.03,190.01,190.01,201.0,2026-08-01,2026-08-01_000919
CRWD,5m,2026-07-31 23:15:00+00:00,190.185,190.185,190.185,190.185,60.0,2026-08-01,2026-08-01_000919
CRWD,5m,2026-07-31 23:35:00+00:00,190.19,190.5,190.19,190.5,177.0,2026-08-01,2026-08-01_000919
CRWD,5m,2026-07-31 23:40:00+00:00,190.48,190.5,190.48,190.49,437.0,2026-08-01,2026-08-01_000919
CRWD,5m,2026-07-31 23:45:00+00:00,190.5,190.5,190.49,190.49,145.005249,2026-08-01,2026-08-01_000919
CRWD,5m,2026-07-31 23:55:00+00:00,190.292,190.5,190.292,190.5,415.0,2026-08-01,2026-08-01_000919
SMCI,5m,2026-07-31 08:00:00+00:00,28.8,28.8,28.38,28.4,34118.151316,2026-08-01,2026-08-01_000919
SMCI,5m,2026-07-31 08:05:00+00:00,28.41,28.48,28.41,28.41,7151.0,2026-08-01,2026-08-01_000919
SMCI,5m,2026-07-31 08:10:00+00:00,28.4,28.4854,28.35,28.4854,2070.0,2026-08-01,2026-08-01_000919
SMCI,5m,2026-07-31 08:15:00+00:00,28.46,28.5,28.46,28.5,1395.0,2026-08-01,2026-08-01_000919
SMCI,5m,2026-07-31 08:20:00+00:00,28.54,28.62,28.54,28.62,19473.0,2026-08-01,2026-08-01_000919
SMCI,5m,2026-07-31 08:25:00+00:00,28.59,28.64,28.58,28.64,1299.016223,2026-08-01,2026-08-01_000919
SMCI,5m,2026-07-31 08:30:00+00:00,28.66,28.75,28.66,28.7379,15351.310598,2026-08-01,2026-08-01_000919
SMCI,5m,2026-07-31 08:35:00+00:00,28.7,28.74,28.63,28.65,3696.053527,2026-08-01,2026-08-01_000919
SMCI,5m,2026-07-31 08:40:00+00:00,28.62,28.65,28.6,28.62,55398.335664,2026-08-01,2026-08-01_000919
SMCI,5m,2026-07-31 08:45:00+00:00,28.61,28.68,28.61,28.66,3337.0,2026-08-01,2026-08-01_000919
SMCI,5m,2026-07-31 08:50:00+00:00,28.66,28.68,28.63,28.63,5408.49,2026-08-01,2026-08-01_000919
SMCI,5m,2026-07-31 08:55:00+00:00,28.61,28.68,28.61,28.67,6931.0,2026-08-01,2026-08-01_000919
SMCI,5m,2026-07-31 09:00:00+00:00,28.67,28.68,28.67,28.68,1910.0,2026-08-01,2026-08-01_000919
SMCI,5m,2026-07-31 09:05:00+00:00,28.68,28.74,28.675,28.72,3221.0,2026-08-01,2026-08-01_000919
SMCI,5m,2026-07-31 09:10:00+00:00,28.71,28.75,28.71,28.75,3793.0,2026-08-01,2026-08-01_000919
SMCI,5m,2026-07-31 09:15:00+00:00,28.73,28.76,28.69,28.69,37975.816297,2026-08-01,2026-08-01_000919
SMCI,5m,2026-07-31 09:20:00+00:00,28.69,28.73,28.68,28.68,3697.878246,2026-08-01,2026-08-01_000919
SMCI,5m,2026-07-31 09:25:00+00:00,28.68,28.68,28.68,28.68,1789.0,2026-08-01,2026-08-01_000919
SMCI,5m,2026-07-31 09:30:00+00:00,28.61,28.61,28.55,28.55,3415.569813,2026-08-01,2026-08-01_000919
SMCI,5m,2026-07-31 09:40:00+00:00,28.57,28.57,28.55,28.5535,3725.0,2026-08-01,2026-08-01_000919
SMCI,5m,2026-07-31 09:45:00+00:00,28.6,28.6,28.57,28.58,2047.0,2026-08-01,2026-08-01_000919
SMCI,5m,2026-07-31 09:50:00+00:00,28.56,28.57,28.52,28.55,6803.0,2026-08-01,2026-08-01_000919
SMCI,5m,2026-07-31 09:55:00+00:00,28.5,28.52,28.48,28.48,4248.081365,2026-08-01,2026-08-01_000919
SMCI,5m,2026-07-31 10:00:00+00:00,28.46,28.54,28.46,28.54,3912.0,2026-08-01,2026-08-01_000919
SMCI,5m,2026-07-31 10:05:00+00:00,28.54,28.6,28.54,28.6,4567.0,2026-08-01,2026-08-01_000919
SMCI,5m,2026-07-31 10:10:00+00:00,28.6,28.6,28.6,28.6,1127.0,2026-08-01,2026-08-01_000919
SMCI,5m,2026-07-31 10:15:00+00:00,28.59,28.62,28.55,28.62,2169.161439,2026-08-01,2026-08-01_000919
SMCI,5m,2026-07-31 10:20:00+00:00,28.68,28.68,28.62,28.62,5492.0,2026-08-01,2026-08-01_000919
SMCI,5m,2026-07-31 10:25:00+00:00,28.62,28.62,28.62,28.62,111.0,2026-08-01,2026-08-01_000919
SMCI,5m,2026-07-31 10:30:00+00:00,28.6041,28.68,28.6041,28.63,5955.069022,2026-08-01,2026-08-01_000919
SMCI,5m,2026-07-31 10:35:00+00:00,28.69,28.69,28.6,28.6,3796.0,2026-08-01,2026-08-01_000919
SMCI,5m,2026-07-31 10:40:00+00:00,28.6,28.64,28.59,28.62,3162.693952,2026-08-01,2026-08-01_000919
SMCI,5m,2026-07-31 10:45:00+00:00,28.5611,28.615,28.5611,28.61,526.896501,2026-08-01,2026-08-01_000919
SMCI,5m,2026-07-31 10:50:00+00:00,28.59,28.61,28.5724,28.61,2315.0,2026-08-01,2026-08-01_000919
SMCI,5m,2026-07-31 10:55:00+00:00,28.57,28.585,28.5,28.51,15697.20923,2026-08-01,2026-08-01_000919
SMCI,5m,2026-07-31 11:00:00+00:00,28.54,28.75,28.52,28.7,25601.746045,2026-08-01,2026-08-01_000919
SMCI,5m,2026-07-31 11:05:00+00:00,28.73,28.84,28.64,28.76,33976.0,2026-08-01,2026-08-01_000919
SMCI,5m,2026-07-31 11:10:00+00:00,28.72,28.79,28.71,28.79,27681.0,2026-08-01,2026-08-01_000919
SMCI,5m,2026-07-31 11:15:00+00:00,28.7764,28.78,28.56,28.56,8081.172500000001,2026-08-01,2026-08-01_000919
SMCI,5m,2026-07-31 11:20:00+00:00,28.63,28.64,28.56,28.6257,3176.0,2026-08-01,2026-08-01_000919
SMCI,5m,2026-07-31 11:25:00+00:00,28.62,28.7,28.5674,28.61,9479.0,2026-08-01,2026-08-01_000919
SMCI,5m,2026-07-31 11:30:00+00:00,28.61,28.61,28.56,28.5608,32011.0,2026-08-01,2026-08-01_000919
SMCI,5m,2026-07-31 11:35:00+00:00,28.5646,28.61,28.56,28.58,6023.03612,2026-08-01,2026-08-01_000919
SMCI,5m,2026-07-31 11:40:00+00:00,28.6,28.67,28.5762,28.6139,8054.0522,2026-08-01,2026-08-01_000919
SMCI,5m,2026-07-31 11:45:00+00:00,28.62,28.68,28.6051,28.645,19528.0,2026-08-01,2026-08-01_000919
SMCI,5m,2026-07-31 11:50:00+00:00,28.65,28.6721,28.61,28.6166,2191.0,2026-08-01,2026-08-01_000919
SMCI,5m,2026-07-31 11:55:00+00:00,28.66,28.6747,28.6213,28.65,2706.0,2026-08-01,2026-08-01_000919
SMCI,5m,2026-07-31 12:00:00+00:00,28.62,28.62,28.53,28.5592,10949.0,2026-08-01,2026-08-01_000919
SMCI,5m,2026-07-31 12:05:00+00:00,28.55,28.56,28.5,28.5194,12057.0,2026-08-01,2026-08-01_000919
SMCI,5m,2026-07-31 12:10:00+00:00,28.51,28.51,28.4529,28.49,11076.044547000001,2026-08-01,2026-08-01_000919
SMCI,5m,2026-07-31 12:15:00+00:00,28.4503,28.47,28.32,28.36,24343.0,2026-08-01,2026-08-01_000919
SMCI,5m,2026-07-31 12:20:00+00:00,28.4254,28.4299,28.32,28.4,9787.0,2026-08-01,2026-08-01_000919
SMCI,5m,2026-07-31 12:25:00+00:00,28.39,28.4867,28.39,28.4867,4526.0,2026-08-01,2026-08-01_000919
SMCI,5m,2026-07-31 12:30:00+00:00,28.35,28.46,28.3319,28.3319,14065.0,2026-08-01,2026-08-01_000919
SMCI,5m,2026-07-31 12:35:00+00:00,28.35,28.37,28.33,28.35,18679.0,2026-08-01,2026-08-01_000919
SMCI,5m,2026-07-31 12:40:00+00:00,28.35,28.3751,28.28,28.3,34721.62088,2026-08-01,2026-08-01_000919
SMCI,5m,2026-07-31 12:45:00+00:00,28.35,28.35,28.28,28.34,18097.0,2026-08-01,2026-08-01_000919
SMCI,5m,2026-07-31 12:50:00+00:00,28.2947,28.43,28.2947,28.4,5636.869008,2026-08-01,2026-08-01_000919
SMCI,5m,2026-07-31 12:55:00+00:00,28.4016,28.4016,28.3134,28.3134,7513.0,2026-08-01,2026-08-01_000919
SMCI,5m,2026-07-31 13:00:00+00:00,28.36,28.42,28.36,28.42,13150.0,2026-08-01,2026-08-01_000919
SMCI,5m,2026-07-31 13:05:00+00:00,28.3873,28.5,28.3873,28.5,18184.0,2026-08-01,2026-08-01_000919
SMCI,5m,2026-07-31 13:10:00+00:00,28.5002,28.6514,28.5002,28.64,30640.194644,2026-08-01,2026-08-01_000919
SMCI,5m,2026-07-31 13:15:00+00:00,28.62,28.6396,28.58,28.6039,6474.0,2026-08-01,2026-08-01_000919
SMCI,5m,2026-07-31 13:20:00+00:00,28.61,28.61,28.5,28.551,19576.446387,2026-08-01,2026-08-01_000919
SMCI,5m,2026-07-31 13:25:00+00:00,28.59,28.8,28.51,28.68,48436.655891,2026-08-01,2026-08-01_000919
SMCI,5m,2026-07-31 13:30:00+00:00,28.65,29.3,28.5,29.145,2226311.093375,2026-08-01,2026-08-01_000919
SMCI,5m,2026-07-31 13:35:00+00:00,29.14,29.3,28.72,28.76,1067551.0520219998,2026-08-01,2026-08-01_000919
SMCI,5m,2026-07-31 13:40:00+00:00,28.77,28.83,28.47,28.476,786258.760849,2026-08-01,2026-08-01_000919
SMCI,5m,2026-07-31 13:45:00+00:00,28.48,28.698,28.2,28.345,748438.950825,2026-08-01,2026-08-01_000919
SMCI,5m,2026-07-31 13:50:00+00:00,28.33,28.49,28.09,28.2,796001.258352,2026-08-01,2026-08-01_000919
SMCI,5m,2026-07-31 13:55:00+00:00,28.21,28.32,28.1,28.23,524080.588636,2026-08-01,2026-08-01_000919
SMCI,5m,2026-07-31 14:00:00+00:00,28.21,28.33,27.88,27.88,621335.742267,2026-08-01,2026-08-01_000919
SMCI,5m,2026-07-31 14:05:00+00:00,27.87,27.92,27.43,27.54,887496.677843,2026-08-01,2026-08-01_000919
SMCI,5m,2026-07-31 14:10:00+00:00,27.53,27.555,27.21,27.3899,667842.8882040001,2026-08-01,2026-08-01_000919
SMCI,5m,2026-07-31 14:15:00+00:00,27.37,27.59,27.23,27.45,845718.8356949999,2026-08-01,2026-08-01_000919
SMCI,5m,2026-07-31 14:20:00+00:00,27.44,27.72,27.41,27.51,710584.721119,2026-08-01,2026-08-01_000919
SMCI,5m,2026-07-31 14:25:00+00:00,27.5201,27.72,27.44,27.65,422165.901024,2026-08-01,2026-08-01_000919
SMCI,5m,2026-07-31 14:30:00+00:00,27.66,27.77,27.4651,27.61,607900.283312,2026-08-01,2026-08-01_000919
SMCI,5m,2026-07-31 14:35:00+00:00,27.6,27.825,27.59,27.79,537988.425103,2026-08-01,2026-08-01_000919
SMCI,5m,2026-07-31 14:40:00+00:00,27.79,27.9075,27.6,27.64,427026.587321,2026-08-01,2026-08-01_000919
SMCI,5m,2026-07-31 14:45:00+00:00,27.64,27.83,27.5,27.82,441373.621489,2026-08-01,2026-08-01_000919
SMCI,5m,2026-07-31 14:50:00+00:00,27.82,27.96,27.77,27.8,387582.669536,2026-08-01,2026-08-01_000919
SMCI,5m,2026-07-31 14:55:00+00:00,27.8,27.9395,27.75,27.86,356945.100722,2026-08-01,2026-08-01_000919
SMCI,5m,2026-07-31 15:00:00+00:00,27.865,27.92,27.79,27.91,260109.814369,2026-08-01,2026-08-01_000919
SMCI,5m,2026-07-31 15:05:00+00:00,27.91,28.045,27.87,27.965,491900.31922299997,2026-08-01,2026-08-01_000919
SMCI,5m,2026-07-31 15:10:00+00:00,27.965,28.045,27.77,27.818,608119.502087,2026-08-01,2026-08-01_000919
SMCI,5m,2026-07-31 15:15:00+00:00,27.818,28.11,27.818,27.8528,427815.67562500003,2026-08-01,2026-08-01_000919
SMCI,5m,2026-07-31 15:20:00+00:00,27.86,27.89,27.66,27.7182,314480.38929799997,2026-08-01,2026-08-01_000919
SMCI,5m,2026-07-31 15:25:00+00:00,27.72,27.75,27.53,27.665,372352.169425,2026-08-01,2026-08-01_000919
SMCI,5m,2026-07-31 15:30:00+00:00,27.66,27.77,27.53,27.68,301933.73997500003,2026-08-01,2026-08-01_000919
SMCI,5m,2026-07-31 15:35:00+00:00,27.6958,27.84,27.68,27.755,212225.530051,2026-08-01,2026-08-01_000919
SMCI,5m,2026-07-31 15:40:00+00:00,27.755,27.79,27.61,27.69,290433.984869,2026-08-01,2026-08-01_000919
SMCI,5m,2026-07-31 15:45:00+00:00,27.69,27.73,27.55,27.5903,203651.016877,2026-08-01,2026-08-01_000919
SMCI,5m,2026-07-31 15:50:00+00:00,27.61,27.78,27.6,27.76,190250.498036,2026-08-01,2026-08-01_000919
SMCI,5m,2026-07-31 15:55:00+00:00,27.76,27.88,27.71,27.77,235912.746655,2026-08-01,2026-08-01_000919
SMCI,5m,2026-07-31 16:00:00+00:00,27.77,27.84,27.7,27.78,235816.94458900002,2026-08-01,2026-08-01_000919
SMCI,5m,2026-07-31 16:05:00+00:00,27.78,27.82,27.72,27.7601,225320.28395799999,2026-08-01,2026-08-01_000919
SMCI,5m,2026-07-31 16:10:00+00:00,27.765,27.825,27.725,27.805,181846.071732,2026-08-01,2026-08-01_000919
SMCI,5m,2026-07-31 16:15:00+00:00,27.805,27.83,27.665,27.77,1033068.932921,2026-08-01,2026-08-01_000919
SMCI,5m,2026-07-31 16:20:00+00:00,27.76,27.89,27.75,27.88,544971.0477769999,2026-08-01,2026-08-01_000919
SMCI,5m,2026-07-31 16:25:00+00:00,27.875,27.945,27.78,27.935,219200.91710100003,2026-08-01,2026-08-01_000919
SMCI,5m,2026-07-31 16:30:00+00:00,27.94,28.06,27.915,28.0,349632.216054,2026-08-01,2026-08-01_000919
SMCI,5m,2026-07-31 16:35:00+00:00,28.0,28.06,27.964,28.02,150833.325984,2026-08-01,2026-08-01_000919
SMCI,5m,2026-07-31 16:40:00+00:00,28.02,28.0243,27.88,27.8865,212112.82236,2026-08-01,2026-08-01_000919
SMCI,5m,2026-07-31 16:45:00+00:00,27.88,27.94,27.85,27.9367,135761.593955,2026-08-01,2026-08-01_000919
SMCI,5m,2026-07-31 16:50:00+00:00,27.95,28.135,27.94,28.0,256704.906192,2026-08-01,2026-08-01_000919
SMCI,5m,2026-07-31 16:55:00+00:00,27.995,28.07,27.975,27.98,132800.585262,2026-08-01,2026-08-01_000919
SMCI,5m,2026-07-31 17:00:00+00:00,27.97,28.11,27.97,28.025,145441.85640500003,2026-08-01,2026-08-01_000919
SMCI,5m,2026-07-31 17:05:00+00:00,28.02,28.06,27.965,28.045,115670.596904,2026-08-01,2026-08-01_000919
SMCI,5m,2026-07-31 17:10:00+00:00,28.05,28.1,28.025,28.045,132706.019305,2026-08-01,2026-08-01_000919
SMCI,5m,2026-07-31 17:15:00+00:00,28.045,28.127,28.035,28.127,193631.165331,2026-08-01,2026-08-01_000919
SMCI,5m,2026-07-31 17:20:00+00:00,28.125,28.2,28.03,28.185,204668.580228,2026-08-01,2026-08-01_000919
SMCI,5m,2026-07-31 17:25:00+00:00,28.19,28.25,28.175,28.225,189191.55402100002,2026-08-01,2026-08-01_000919
SMCI,5m,2026-07-31 17:30:00+00:00,28.225,28.3599,28.205,28.345,170961.26120200002,2026-08-01,2026-08-01_000919
SMCI,5m,2026-07-31 17:35:00+00:00,28.35,28.49,28.35,28.3953,352168.01763,2026-08-01,2026-08-01_000919
SMCI,5m,2026-07-31 17:40:00+00:00,28.39,28.475,28.3701,28.44,253854.224865,2026-08-01,2026-08-01_000919
SMCI,5m,2026-07-31 17:45:00+00:00,28.44,28.5,28.3026,28.3141,264356.696226,2026-08-01,2026-08-01_000919
SMCI,5m,2026-07-31 17:50:00+00:00,28.31,28.45,28.29,28.39,223960.63573500002,2026-08-01,2026-08-01_000919
SMCI,5m,2026-07-31 17:55:00+00:00,28.385,28.49,28.38,28.38,200364.15980000002,2026-08-01,2026-08-01_000919
SMCI,5m,2026-07-31 18:00:00+00:00,28.39,28.425,28.34,28.375,172528.876573,2026-08-01,2026-08-01_000919
SMCI,5m,2026-07-31 18:05:00+00:00,28.375,28.45,28.35,28.37,172787.30202899998,2026-08-01,2026-08-01_000919
SMCI,5m,2026-07-31 18:10:00+00:00,28.36,28.38,28.2,28.22,163455.72197200003,2026-08-01,2026-08-01_000919
SMCI,5m,2026-07-31 18:15:00+00:00,28.21,28.3,28.18,28.26,162389.58949800002,2026-08-01,2026-08-01_000919
SMCI,5m,2026-07-31 18:20:00+00:00,28.26,28.32,28.21,28.215,210506.067729,2026-08-01,2026-08-01_000919
SMCI,5m,2026-07-31 18:25:00+00:00,28.22,28.28,28.18,28.26,116938.66133499998,2026-08-01,2026-08-01_000919
SMCI,5m,2026-07-31 18:30:00+00:00,28.27,28.36,28.24,28.25,153667.536196,2026-08-01,2026-08-01_000919
SMCI,5m,2026-07-31 18:35:00+00:00,28.25,28.26,28.19,28.225,97999.24630000001,2026-08-01,2026-08-01_000919
SMCI,5m,2026-07-31 18:40:00+00:00,28.225,28.25,28.205,28.215,111400.07367400001,2026-08-01,2026-08-01_000919
SMCI,5m,2026-07-31 18:45:00+00:00,28.215,28.25,28.1701,28.2401,135604.291984,2026-08-01,2026-08-01_000919
SMCI,5m,2026-07-31 18:50:00+00:00,28.25,28.285,28.235,28.265,117235.68737300001,2026-08-01,2026-08-01_000919
SMCI,5m,2026-07-31 18:55:00+00:00,28.25,28.275,28.14,28.2099,185799.720773,2026-08-01,2026-08-01_000919
SMCI,5m,2026-07-31 19:00:00+00:00,28.2,28.32,28.145,28.15,247767.980721,2026-08-01,2026-08-01_000919
SMCI,5m,2026-07-31 19:05:00+00:00,28.15,28.21,28.12,28.19,143655.506211,2026-08-01,2026-08-01_000919
SMCI,5m,2026-07-31 19:10:00+00:00,28.185,28.2299,28.1402,28.195,109326.03380499998,2026-08-01,2026-08-01_000919
SMCI,5m,2026-07-31 19:15:00+00:00,28.2,28.32,28.17,28.29,193553.680392,2026-08-01,2026-08-01_000919
SMCI,5m,2026-07-31 19:20:00+00:00,28.295,28.345,28.28,28.2902,165503.392626,2026-08-01,2026-08-01_000919
SMCI,5m,2026-07-31 19:25:00+00:00,28.29,28.405,28.26,28.395,283759.927288,2026-08-01,2026-08-01_000919
SMCI,5m,2026-07-31 19:30:00+00:00,28.39,28.425,28.31,28.37,898239.3992150001,2026-08-01,2026-08-01_000919
SMCI,5m,2026-07-31 19:35:00+00:00,28.37,28.375,28.235,28.255,218497.24857,2026-08-01,2026-08-01_000919
SMCI,5m,2026-07-31 19:40:00+00:00,28.255,28.35,28.19,28.31,436420.858414,2026-08-01,2026-08-01_000919
SMCI,5m,2026-07-31 19:45:00+00:00,28.315,28.37,28.2901,28.35,380017.839491,2026-08-01,2026-08-01_000919
SMCI,5m,2026-07-31 19:50:00+00:00,28.355,28.56,28.355,28.49,694893.43205,2026-08-01,2026-08-01_000919
SMCI,5m,2026-07-31 19:55:00+00:00,28.49,28.54,28.37,28.395,1587329.7046770002,2026-08-01,2026-08-01_000919
SMCI,5m,2026-07-31 20:00:00+00:00,28.4,28.4,28.3,28.37,411396.31501200004,2026-08-01,2026-08-01_000919
SMCI,5m,2026-07-31 20:05:00+00:00,28.3626,28.3626,28.2953,28.3504,7188.0,2026-08-01,2026-08-01_000919
SMCI,5m,2026-07-31 20:10:00+00:00,28.35,28.39,28.3201,28.39,22004.477639,2026-08-01,2026-08-01_000919
SMCI,5m,2026-07-31 20:15:00+00:00,28.4,28.4,28.305,28.32,9612.277145,2026-08-01,2026-08-01_000919
SMCI,5m,2026-07-31 20:20:00+00:00,28.3,28.31,28.2877,28.2963,10259.0,2026-08-01,2026-08-01_000919
SMCI,5m,2026-07-31 20:25:00+00:00,28.3,28.3,28.28,28.3,1810.0,2026-08-01,2026-08-01_000919
SMCI,5m,2026-07-31 20:30:00+00:00,28.3,28.3,28.3,28.3,1348.0,2026-08-01,2026-08-01_000919
SMCI,5m,2026-07-31 20:35:00+00:00,28.3,28.31,28.3,28.31,3020.0,2026-08-01,2026-08-01_000919
SMCI,5m,2026-07-31 20:40:00+00:00,28.33,28.35,28.3,28.3,2299.0,2026-08-01,2026-08-01_000919
SMCI,5m,2026-07-31 20:45:00+00:00,28.29,28.3361,28.2732,28.2732,3926.353373,2026-08-01,2026-08-01_000919
SMCI,5m,2026-07-31 20:50:00+00:00,28.3036,28.31,28.22,28.23,6515.0,2026-08-01,2026-08-01_000919
SMCI,5m,2026-07-31 20:55:00+00:00,28.2206,28.28,28.2,28.2,3576.0,2026-08-01,2026-08-01_000919
SMCI,5m,2026-07-31 21:00:00+00:00,28.1595,28.2,28.1,28.19,3176.0,2026-08-01,2026-08-01_000919
SMCI,5m,2026-07-31 21:05:00+00:00,28.213,28.3,28.1806,28.23,3578.1160609999997,2026-08-01,2026-08-01_000919
SMCI,5m,2026-07-31 21:10:00+00:00,28.19,28.21,28.16,28.17,3068.0,2026-08-01,2026-08-01_000919
SMCI,5m,2026-07-31 21:15:00+00:00,28.13,28.32,28.13,28.17,9930.0,2026-08-01,2026-08-01_000919
SMCI,5m,2026-07-31 21:20:00+00:00,28.18,28.21,28.1737,28.1737,926.0,2026-08-01,2026-08-01_000919
SMCI,5m,2026-07-31 21:25:00+00:00,28.1751,28.1751,28.1504,28.1597,429.0,2026-08-01,2026-08-01_000919
SMCI,5m,2026-07-31 21:30:00+00:00,28.16,28.17,28.1599,28.1599,3268.0,2026-08-01,2026-08-01_000919
SMCI,5m,2026-07-31 21:35:00+00:00,28.1526,28.1526,28.1526,28.1526,236.0,2026-08-01,2026-08-01_000919
SMCI,5m,2026-07-31 21:40:00+00:00,28.1553,28.1553,28.1553,28.1553,3005.0,2026-08-01,2026-08-01_000919
SMCI,5m,2026-07-31 21:45:00+00:00,28.1572,28.1572,28.1572,28.1572,203.0,2026-08-01,2026-08-01_000919
SMCI,5m,2026-07-31 21:50:00+00:00,28.19,28.19,28.17,28.17,4813.0,2026-08-01,2026-08-01_000919
SMCI,5m,2026-07-31 21:55:00+00:00,28.1884,28.1884,28.15,28.16,1798.0,2026-08-01,2026-08-01_000919
SMCI,5m,2026-07-31 22:00:00+00:00,28.17,28.2,28.17,28.17,2630.0,2026-08-01,2026-08-01_000919
SMCI,5m,2026-07-31 22:05:00+00:00,28.17,28.17,28.1369,28.1369,3157.0,2026-08-01,2026-08-01_000919
SMCI,5m,2026-07-31 22:10:00+00:00,28.1697,28.2,28.13,28.13,6979.0,2026-08-01,2026-08-01_000919
SMCI,5m,2026-07-31 22:15:00+00:00,28.18,28.19,28.1323,28.1898,3678.0,2026-08-01,2026-08-01_000919
SMCI,5m,2026-07-31 22:20:00+00:00,28.17,28.17,28.13,28.13,3147.0,2026-08-01,2026-08-01_000919
SMCI,5m,2026-07-31 22:25:00+00:00,28.119,28.119,28.09,28.09,1514.175382,2026-08-01,2026-08-01_000919
SMCI,5m,2026-07-31 22:30:00+00:00,28.1165,28.1192,28.08,28.1192,1892.0,2026-08-01,2026-08-01_000919
SMCI,5m,2026-07-31 22:35:00+00:00,28.0813,28.13,28.0813,28.13,2045.0,2026-08-01,2026-08-01_000919
SMCI,5m,2026-07-31 22:40:00+00:00,28.14,28.2,28.14,28.2,13164.0,2026-08-01,2026-08-01_000919
SMCI,5m,2026-07-31 22:45:00+00:00,28.18,28.1847,28.1194,28.1194,1486.0,2026-08-01,2026-08-01_000919
SMCI,5m,2026-07-31 22:50:00+00:00,28.1846,28.2,28.1294,28.1294,2801.0,2026-08-01,2026-08-01_000919
SMCI,5m,2026-07-31 22:55:00+00:00,28.16,28.194,28.1,28.15,8491.0,2026-08-01,2026-08-01_000919
SMCI,5m,2026-07-31 23:00:00+00:00,28.14,28.15,28.11,28.116,1304.0,2026-08-01,2026-08-01_000919
SMCI,5m,2026-07-31 23:05:00+00:00,28.12,28.19,28.12,28.14,1840.0,2026-08-01,2026-08-01_000919
SMCI,5m,2026-07-31 23:15:00+00:00,28.12,28.1499,28.12,28.1499,2557.0,2026-08-01,2026-08-01_000919
SMCI,5m,2026-07-31 23:20:00+00:00,28.1499,28.1499,28.12,28.13,668.0,2026-08-01,2026-08-01_000919
SMCI,5m,2026-07-31 23:25:00+00:00,28.13,28.13,28.1104,28.1104,3292.0,2026-08-01,2026-08-01_000919
SMCI,5m,2026-07-31 23:30:00+00:00,28.13,28.15,28.1197,28.15,3367.0,2026-08-01,2026-08-01_000919
SMCI,5m,2026-07-31 23:35:00+00:00,28.15,28.18,28.1438,28.15,2067.0,2026-08-01,2026-08-01_000919
SMCI,5m,2026-07-31 23:40:00+00:00,28.18,28.18,28.13,28.14,4652.0,2026-08-01,2026-08-01_000919
SMCI,5m,2026-07-31 23:45:00+00:00,28.15,28.16,28.14,28.16,6177.094072,2026-08-01,2026-08-01_000919
SMCI,5m,2026-07-31 23:50:00+00:00,28.16,28.16,28.1101,28.1101,4004.0,2026-08-01,2026-08-01_000919
SMCI,5m,2026-07-31 23:55:00+00:00,28.16,28.1629,28.11,28.1629,19022.0,2026-08-01,2026-08-01_000919
SPCX,5m,2026-07-31 08:00:00+00:00,114.0,114.0,113.51,113.7,30476.738441,2026-08-01,2026-08-01_000919
SPCX,5m,2026-07-31 08:05:00+00:00,113.6635,114.01,113.64,113.77,12866.739779999998,2026-08-01,2026-08-01_000919
SPCX,5m,2026-07-31 08:10:00+00:00,113.8,114.0612,113.69,114.0,18769.940105,2026-08-01,2026-08-01_000919
SPCX,5m,2026-07-31 08:15:00+00:00,114.0,114.1,113.94,114.0259,8094.576365000001,2026-08-01,2026-08-01_000919
SPCX,5m,2026-07-31 08:20:00+00:00,114.02,114.15,113.85,113.94,13791.87323,2026-08-01,2026-08-01_000919
SPCX,5m,2026-07-31 08:25:00+00:00,113.99,114.13,113.99,114.08,6745.2446039999995,2026-08-01,2026-08-01_000919
SPCX,5m,2026-07-31 08:30:00+00:00,114.0,114.14,114.0,114.12,10044.248259,2026-08-01,2026-08-01_000919
SPCX,5m,2026-07-31 08:35:00+00:00,114.17,114.17,113.92,113.93,7767.11631,2026-08-01,2026-08-01_000919
SPCX,5m,2026-07-31 08:40:00+00:00,113.91,113.94,113.8,113.94,24576.915757,2026-08-01,2026-08-01_000919
SPCX,5m,2026-07-31 08:45:00+00:00,113.89,114.0,113.89,113.89,6633.348062000001,2026-08-01,2026-08-01_000919
SPCX,5m,2026-07-31 08:50:00+00:00,113.98,114.26,113.98,114.14,19300.602594,2026-08-01,2026-08-01_000919
SPCX,5m,2026-07-31 08:55:00+00:00,114.14,114.26,114.14,114.2325,6131.303855,2026-08-01,2026-08-01_000919
SPCX,5m,2026-07-31 09:00:00+00:00,114.26,114.64,114.14,114.62,39152.364907,2026-08-01,2026-08-01_000919
SPCX,5m,2026-07-31 09:05:00+00:00,114.65,114.94,114.5,114.85,46626.596571999995,2026-08-01,2026-08-01_000919
SPCX,5m,2026-07-31 09:10:00+00:00,114.82,114.87,114.6,114.65,13381.914042,2026-08-01,2026-08-01_000919
SPCX,5m,2026-07-31 09:15:00+00:00,114.67,114.72,114.6,114.7,17585.489126,2026-08-01,2026-08-01_000919
SPCX,5m,2026-07-31 09:20:00+00:00,114.68,114.85,114.68,114.8,11419.740673,2026-08-01,2026-08-01_000919
SPCX,5m,2026-07-31 09:25:00+00:00,114.8,114.95,114.77,114.78,19640.881803999997,2026-08-01,2026-08-01_000919
SPCX,5m,2026-07-31 09:30:00+00:00,114.88,114.88,114.72,114.738,18243.123291,2026-08-01,2026-08-01_000919
SPCX,5m,2026-07-31 09:35:00+00:00,114.73,114.76,114.4,114.41,15249.168923,2026-08-01,2026-08-01_000919
SPCX,5m,2026-07-31 09:40:00+00:00,114.4,114.7,114.37,114.57,6006.242736,2026-08-01,2026-08-01_000919
SPCX,5m,2026-07-31 09:45:00+00:00,114.55,114.6,114.45,114.45,2794.073169,2026-08-01,2026-08-01_000919
SPCX,5m,2026-07-31 09:50:00+00:00,114.4,114.4367,114.2,114.2003,6230.757657,2026-08-01,2026-08-01_000919
SPCX,5m,2026-07-31 09:55:00+00:00,114.3,114.32,114.1,114.17,14575.995573,2026-08-01,2026-08-01_000919
SPCX,5m,2026-07-31 10:00:00+00:00,114.16,114.29,114.14,114.29,4329.6411,2026-08-01,2026-08-01_000919
SPCX,5m,2026-07-31 10:05:00+00:00,114.27,114.27,114.21,114.23,3552.774188,2026-08-01,2026-08-01_000919
SPCX,5m,2026-07-31 10:10:00+00:00,114.21,114.4,114.21,114.35,8224.174340000001,2026-08-01,2026-08-01_000919
SPCX,5m,2026-07-31 10:15:00+00:00,114.4,114.4,114.3536,114.38,3726.023724,2026-08-01,2026-08-01_000919
SPCX,5m,2026-07-31 10:20:00+00:00,114.38,114.485,114.31,114.32,33560.838566,2026-08-01,2026-08-01_000919
SPCX,5m,2026-07-31 10:25:00+00:00,114.38,114.6306,114.35,114.59,14061.798865,2026-08-01,2026-08-01_000919
SPCX,5m,2026-07-31 10:30:00+00:00,114.5,114.81,114.5,114.81,15857.378168,2026-08-01,2026-08-01_000919
SPCX,5m,2026-07-31 10:35:00+00:00,114.8104,114.9214,114.76,114.89,23684.519977999997,2026-08-01,2026-08-01_000919
SPCX,5m,2026-07-31 10:40:00+00:00,114.92,114.95,114.85,114.94,18520.840063,2026-08-01,2026-08-01_000919
SPCX,5m,2026-07-31 10:45:00+00:00,114.96,115.08,114.7,114.76,47825.283155,2026-08-01,2026-08-01_000919
SPCX,5m,2026-07-31 10:50:00+00:00,114.7678,114.82,114.5234,114.56,11301.714152,2026-08-01,2026-08-01_000919
SPCX,5m,2026-07-31 10:55:00+00:00,114.52,114.5853,114.5,114.52,9061.936569,2026-08-01,2026-08-01_000919
SPCX,5m,2026-07-31 11:00:00+00:00,114.49,114.65,114.3,114.435,66497.00369700001,2026-08-01,2026-08-01_000919
SPCX,5m,2026-07-31 11:05:00+00:00,114.47,114.9,114.41,114.4505,69086.836025,2026-08-01,2026-08-01_000919
SPCX,5m,2026-07-31 11:10:00+00:00,114.49,114.49,114.3465,114.3936,17240.450312,2026-08-01,2026-08-01_000919
SPCX,5m,2026-07-31 11:15:00+00:00,114.38,114.48,114.06,114.06,53955.367553,2026-08-01,2026-08-01_000919
SPCX,5m,2026-07-31 11:20:00+00:00,114.1185,114.25,114.02,114.25,19890.38774,2026-08-01,2026-08-01_000919
SPCX,5m,2026-07-31 11:25:00+00:00,114.2999,114.3934,114.1232,114.28,23632.186236999998,2026-08-01,2026-08-01_000919
SPCX,5m,2026-07-31 11:30:00+00:00,114.25,114.3,114.0577,114.09,23504.744016,2026-08-01,2026-08-01_000919
SPCX,5m,2026-07-31 11:35:00+00:00,114.16,114.2,113.8,113.8,50311.434958,2026-08-01,2026-08-01_000919
SPCX,5m,2026-07-31 11:40:00+00:00,113.7792,113.97,113.75,113.9599,32510.478239999997,2026-08-01,2026-08-01_000919
SPCX,5m,2026-07-31 11:45:00+00:00,113.92,114.0,113.75,114.0,22546.088449,2026-08-01,2026-08-01_000919
SPCX,5m,2026-07-31 11:50:00+00:00,113.98,114.0845,113.94,114.0,18046.519262,2026-08-01,2026-08-01_000919
SPCX,5m,2026-07-31 11:55:00+00:00,114.02,114.02,113.71,113.71,16543.269552,2026-08-01,2026-08-01_000919
SPCX,5m,2026-07-31 12:00:00+00:00,113.85,113.85,113.39,113.4,21249.542999999998,2026-08-01,2026-08-01_000919
SPCX,5m,2026-07-31 12:05:00+00:00,113.35,113.43,112.9,112.9525,76745.793884,2026-08-01,2026-08-01_000919
SPCX,5m,2026-07-31 12:10:00+00:00,113.17,113.1768,112.867,113.09,48117.671042999995,2026-08-01,2026-08-01_000919
SPCX,5m,2026-07-31 12:15:00+00:00,113.06,113.1368,112.77,112.87,39490.632637,2026-08-01,2026-08-01_000919
SPCX,5m,2026-07-31 12:20:00+00:00,112.9,113.09,112.7,112.92,40593.016411000004,2026-08-01,2026-08-01_000919
SPCX,5m,2026-07-31 12:25:00+00:00,112.83,113.0,112.6,112.99,26766.405023,2026-08-01,2026-08-01_000919
SPCX,5m,2026-07-31 12:30:00+00:00,112.97,112.97,112.61,112.7892,33519.763199999994,2026-08-01,2026-08-01_000919
SPCX,5m,2026-07-31 12:35:00+00:00,112.74,112.8306,112.6,112.6,24422.300641,2026-08-01,2026-08-01_000919
SPCX,5m,2026-07-31 12:40:00+00:00,112.6895,112.6895,112.36,112.5523,60409.767461,2026-08-01,2026-08-01_000919
SPCX,5m,2026-07-31 12:45:00+00:00,112.5166,112.88,112.49,112.6998,27454.589291,2026-08-01,2026-08-01_000919
SPCX,5m,2026-07-31 12:50:00+00:00,112.7509,112.93,112.67,112.84,36846.703288000004,2026-08-01,2026-08-01_000919
SPCX,5m,2026-07-31 12:55:00+00:00,112.84,112.85,112.62,112.73,19358.122281000004,2026-08-01,2026-08-01_000919
SPCX,5m,2026-07-31 13:00:00+00:00,112.76,113.1064,112.6757,113.0,32450.311273,2026-08-01,2026-08-01_000919
SPCX,5m,2026-07-31 13:05:00+00:00,113.0149,113.1,112.95,113.07,33035.103919,2026-08-01,2026-08-01_000919
SPCX,5m,2026-07-31 13:10:00+00:00,113.07,113.15,112.95,113.05,31563.118086999995,2026-08-01,2026-08-01_000919
SPCX,5m,2026-07-31 13:15:00+00:00,113.1,113.21,113.02,113.21,70216.376398,2026-08-01,2026-08-01_000919
SPCX,5m,2026-07-31 13:20:00+00:00,113.2383,113.2383,112.8224,112.9834,50394.687051,2026-08-01,2026-08-01_000919
SPCX,5m,2026-07-31 13:25:00+00:00,112.99,113.3,112.75,113.04,73940.20447600001,2026-08-01,2026-08-01_000919
SPCX,5m,2026-07-31 13:30:00+00:00,113.096,113.635,111.71,113.41,1795179.347166,2026-08-01,2026-08-01_000919
SPCX,5m,2026-07-31 13:35:00+00:00,113.37,113.54,110.88,111.05,1762338.774704,2026-08-01,2026-08-01_000919
SPCX,5m,2026-07-31 13:40:00+00:00,111.05,111.725,110.7,111.53,1140464.1223799998,2026-08-01,2026-08-01_000919
SPCX,5m,2026-07-31 13:45:00+00:00,111.55,112.0871,110.801,111.0,894153.6455149999,2026-08-01,2026-08-01_000919
SPCX,5m,2026-07-31 13:50:00+00:00,111.0,111.15,109.6492,109.7115,1739239.640064,2026-08-01,2026-08-01_000919
SPCX,5m,2026-07-31 13:55:00+00:00,109.8,110.46,109.12,109.1301,1318454.1142590002,2026-08-01,2026-08-01_000919
SPCX,5m,2026-07-31 14:00:00+00:00,109.2,109.51,108.88,109.375,1257335.574151,2026-08-01,2026-08-01_000919
SPCX,5m,2026-07-31 14:05:00+00:00,109.36,109.4,108.06,108.21,1202459.994502,2026-08-01,2026-08-01_000919
SPCX,5m,2026-07-31 14:10:00+00:00,108.19,108.5865,107.87,107.92,1449277.6865710001,2026-08-01,2026-08-01_000919
SPCX,5m,2026-07-31 14:15:00+00:00,107.9595,108.9899,107.82,108.833,1251508.1365830002,2026-08-01,2026-08-01_000919
SPCX,5m,2026-07-31 14:20:00+00:00,108.8,109.37,108.6759,108.79,843437.877834,2026-08-01,2026-08-01_000919
SPCX,5m,2026-07-31 14:25:00+00:00,108.79,109.73,108.765,109.655,815762.0497439998,2026-08-01,2026-08-01_000919
SPCX,5m,2026-07-31 14:30:00+00:00,109.6401,109.84,109.155,109.244,656537.199983,2026-08-01,2026-08-01_000919
SPCX,5m,2026-07-31 14:35:00+00:00,109.2,109.65,109.135,109.39,494714.873734,2026-08-01,2026-08-01_000919
SPCX,5m,2026-07-31 14:40:00+00:00,109.38,109.68,108.92,109.185,496278.268124,2026-08-01,2026-08-01_000919
SPCX,5m,2026-07-31 14:45:00+00:00,109.21,110.11,109.1,110.07,711978.616994,2026-08-01,2026-08-01_000919
SPCX,5m,2026-07-31 14:50:00+00:00,110.06,110.28,109.3,109.33,765006.4427489999,2026-08-01,2026-08-01_000919
SPCX,5m,2026-07-31 14:55:00+00:00,109.315,109.575,109.03,109.455,502623.744394,2026-08-01,2026-08-01_000919
SPCX,5m,2026-07-31 15:00:00+00:00,109.47,109.6999,109.1,109.52,430853.954397,2026-08-01,2026-08-01_000919
SPCX,5m,2026-07-31 15:05:00+00:00,109.53,109.85,109.3701,109.4869,440770.60107800004,2026-08-01,2026-08-01_000919
SPCX,5m,2026-07-31 15:10:00+00:00,109.48,110.0294,109.28,109.825,541487.006039,2026-08-01,2026-08-01_000919
SPCX,5m,2026-07-31 15:15:00+00:00,109.83,110.243,109.36,109.49,464650.34703199996,2026-08-01,2026-08-01_000919
SPCX,5m,2026-07-31 15:20:00+00:00,109.495,109.6,109.12,109.26,280806.016121,2026-08-01,2026-08-01_000919
SPCX,5m,2026-07-31 15:25:00+00:00,109.26,109.3882,108.52,108.73,744684.691828,2026-08-01,2026-08-01_000919
SPCX,5m,2026-07-31 15:30:00+00:00,108.7,108.765,108.42,108.52,473574.720063,2026-08-01,2026-08-01_000919
SPCX,5m,2026-07-31 15:35:00+00:00,108.57,109.38,108.52,108.9994,564644.553792,2026-08-01,2026-08-01_000919
SPCX,5m,2026-07-31 15:40:00+00:00,108.99,109.05,108.42,108.54,400239.24225700006,2026-08-01,2026-08-01_000919
SPCX,5m,2026-07-31 15:45:00+00:00,108.56,108.62,108.18,108.415,507877.721928,2026-08-01,2026-08-01_000919
SPCX,5m,2026-07-31 15:50:00+00:00,108.42,108.84,108.35,108.77,414395.039992,2026-08-01,2026-08-01_000919
SPCX,5m,2026-07-31 15:55:00+00:00,108.75,108.94,108.54,108.7699,346982.719144,2026-08-01,2026-08-01_000919
SPCX,5m,2026-07-31 16:00:00+00:00,108.77,109.02,108.5273,108.71,458896.38466299995,2026-08-01,2026-08-01_000919
SPCX,5m,2026-07-31 16:05:00+00:00,108.697,108.835,108.37,108.71,359538.77400800004,2026-08-01,2026-08-01_000919
SPCX,5m,2026-07-31 16:10:00+00:00,108.72,108.86,108.48,108.54,371594.229887,2026-08-01,2026-08-01_000919
SPCX,5m,2026-07-31 16:15:00+00:00,108.55,108.62,108.32,108.58,303760.042356,2026-08-01,2026-08-01_000919
SPCX,5m,2026-07-31 16:20:00+00:00,108.58,108.86,108.52,108.785,330202.933516,2026-08-01,2026-08-01_000919
SPCX,5m,2026-07-31 16:25:00+00:00,108.785,108.81,108.55,108.8,288789.789724,2026-08-01,2026-08-01_000919
SPCX,5m,2026-07-31 16:30:00+00:00,108.78,109.09,108.75,108.8428,406821.12152199994,2026-08-01,2026-08-01_000919
SPCX,5m,2026-07-31 16:35:00+00:00,108.865,108.95,108.61,108.77,442317.850873,2026-08-01,2026-08-01_000919
SPCX,5m,2026-07-31 16:40:00+00:00,108.78,108.86,108.2901,108.72,350556.30105999997,2026-08-01,2026-08-01_000919
SPCX,5m,2026-07-31 16:45:00+00:00,108.69,108.9999,108.61,108.795,211674.94581400004,2026-08-01,2026-08-01_000919
SPCX,5m,2026-07-31 16:50:00+00:00,108.8,109.22,108.765,108.895,336411.66245000006,2026-08-01,2026-08-01_000919
SPCX,5m,2026-07-31 16:55:00+00:00,108.89,109.03,108.81,108.84,253863.60371500003,2026-08-01,2026-08-01_000919
SPCX,5m,2026-07-31 17:00:00+00:00,108.81,109.2299,108.8,109.115,305520.838892,2026-08-01,2026-08-01_000919
SPCX,5m,2026-07-31 17:05:00+00:00,109.13,109.24,108.94,109.0801,453388.26475000003,2026-08-01,2026-08-01_000919
SPCX,5m,2026-07-31 17:10:00+00:00,109.09,109.16,108.88,108.935,252192.877717,2026-08-01,2026-08-01_000919
SPCX,5m,2026-07-31 17:15:00+00:00,108.935,109.135,108.83,108.94,296279.953422,2026-08-01,2026-08-01_000919
SPCX,5m,2026-07-31 17:20:00+00:00,108.92,109.04,108.505,109.0001,486799.35449999996,2026-08-01,2026-08-01_000919
SPCX,5m,2026-07-31 17:25:00+00:00,109.01,109.02,108.8409,108.945,285972.965318,2026-08-01,2026-08-01_000919
SPCX,5m,2026-07-31 17:30:00+00:00,108.945,109.21,108.91,109.15,307210.30220100004,2026-08-01,2026-08-01_000919
SPCX,5m,2026-07-31 17:35:00+00:00,109.16,109.32,108.88,108.92,372115.675911,2026-08-01,2026-08-01_000919
SPCX,5m,2026-07-31 17:40:00+00:00,108.93,109.05,108.715,109.02,297530.93154300004,2026-08-01,2026-08-01_000919
SPCX,5m,2026-07-31 17:45:00+00:00,109.02,109.11,108.73,108.92,276190.706359,2026-08-01,2026-08-01_000919
SPCX,5m,2026-07-31 17:50:00+00:00,108.925,108.93,108.8,108.87,211021.232355,2026-08-01,2026-08-01_000919
SPCX,5m,2026-07-31 17:55:00+00:00,108.875,108.95,108.77,108.88,268134.395837,2026-08-01,2026-08-01_000919
SPCX,5m,2026-07-31 18:00:00+00:00,108.87,108.93,108.76,108.8099,235163.41438200002,2026-08-01,2026-08-01_000919
SPCX,5m,2026-07-31 18:05:00+00:00,108.7872,108.87,108.64,108.72,304301.622725,2026-08-01,2026-08-01_000919
SPCX,5m,2026-07-31 18:10:00+00:00,108.725,108.76,108.25,108.28,629793.0635820001,2026-08-01,2026-08-01_000919
SPCX,5m,2026-07-31 18:15:00+00:00,108.275,108.3599,108.21,108.2699,369012.016801,2026-08-01,2026-08-01_000919
SPCX,5m,2026-07-31 18:20:00+00:00,108.2505,108.43,108.25,108.33,310368.95296799997,2026-08-01,2026-08-01_000919
SPCX,5m,2026-07-31 18:25:00+00:00,108.3328,108.3357,108.01,108.06,551717.871774,2026-08-01,2026-08-01_000919
SPCX,5m,2026-07-31 18:30:00+00:00,108.07,108.24,107.87,108.1,796355.663454,2026-08-01,2026-08-01_000919
SPCX,5m,2026-07-31 18:35:00+00:00,108.1,108.19,107.95,108.13,339119.682929,2026-08-01,2026-08-01_000919
SPCX,5m,2026-07-31 18:40:00+00:00,108.13,108.21,107.9,108.06,348558.041598,2026-08-01,2026-08-01_000919
SPCX,5m,2026-07-31 18:45:00+00:00,108.05,108.3099,107.97,108.12,528256.405521,2026-08-01,2026-08-01_000919
SPCX,5m,2026-07-31 18:50:00+00:00,108.125,108.34,108.0844,108.22,344572.10740900005,2026-08-01,2026-08-01_000919
SPCX,5m,2026-07-31 18:55:00+00:00,108.21,108.22,107.5701,107.95,610733.840013,2026-08-01,2026-08-01_000919
SPCX,5m,2026-07-31 19:00:00+00:00,107.95,108.0237,107.855,107.945,419079.595829,2026-08-01,2026-08-01_000919
SPCX,5m,2026-07-31 19:05:00+00:00,107.9401,108.01,107.78,107.915,417132.36083699996,2026-08-01,2026-08-01_000919
SPCX,5m,2026-07-31 19:10:00+00:00,107.915,108.0366,107.71,107.9345,531747.912829,2026-08-01,2026-08-01_000919
SPCX,5m,2026-07-31 19:15:00+00:00,107.94,108.4,107.93,108.196,695132.065618,2026-08-01,2026-08-01_000919
SPCX,5m,2026-07-31 19:20:00+00:00,108.1835,108.57,108.1209,108.445,540851.587535,2026-08-01,2026-08-01_000919
SPCX,5m,2026-07-31 19:25:00+00:00,108.44,108.44,108.08,108.105,426822.602694,2026-08-01,2026-08-01_000919
SPCX,5m,2026-07-31 19:30:00+00:00,108.11,108.4,107.92,108.32,636244.2823750001,2026-08-01,2026-08-01_000919
SPCX,5m,2026-07-31 19:35:00+00:00,108.31,108.39,107.925,108.04,570521.3432860001,2026-08-01,2026-08-01_000919
SPCX,5m,2026-07-31 19:40:00+00:00,108.045,108.63,108.03,108.515,698612.813491,2026-08-01,2026-08-01_000919
SPCX,5m,2026-07-31 19:45:00+00:00,108.53,108.93,108.29,108.9047,854923.03102,2026-08-01,2026-08-01_000919
SPCX,5m,2026-07-31 19:50:00+00:00,108.9,109.035,107.95,108.37,1442203.333499,2026-08-01,2026-08-01_000919
SPCX,5m,2026-07-31 19:55:00+00:00,108.33,108.5,107.73,108.44,2361463.129401,2026-08-01,2026-08-01_000919
SPCX,5m,2026-07-31 20:00:00+00:00,108.37,108.39,107.8814,107.9581,2490498.509478,2026-08-01,2026-08-01_000919
SPCX,5m,2026-07-31 20:05:00+00:00,107.9597,108.24,107.8808,108.24,113450.478962,2026-08-01,2026-08-01_000919
SPCX,5m,2026-07-31 20:10:00+00:00,108.23,108.25,108.03,108.15,22977.164145,2026-08-01,2026-08-01_000919
SPCX,5m,2026-07-31 20:15:00+00:00,108.1227,108.17,108.06,108.1132,19607.031985,2026-08-01,2026-08-01_000919
SPCX,5m,2026-07-31 20:20:00+00:00,108.1198,108.17,108.1,108.1,23566.647495,2026-08-01,2026-08-01_000919
SPCX,5m,2026-07-31 20:25:00+00:00,108.09,108.14,108.06,108.1,17458.211683,2026-08-01,2026-08-01_000919
SPCX,5m,2026-07-31 20:30:00+00:00,108.1,108.16,108.0562,108.1105,19308.495664000002,2026-08-01,2026-08-01_000919
SPCX,5m,2026-07-31 20:35:00+00:00,108.15,108.37,108.1093,108.2,24846.407583,2026-08-01,2026-08-01_000919
SPCX,5m,2026-07-31 20:40:00+00:00,108.14,108.21,108.1,108.2,24071.999723,2026-08-01,2026-08-01_000919
SPCX,5m,2026-07-31 20:45:00+00:00,108.2,108.25,108.13,108.1855,9802.462081000001,2026-08-01,2026-08-01_000919
SPCX,5m,2026-07-31 20:50:00+00:00,108.18,108.2438,108.01,108.06,22452.204275000004,2026-08-01,2026-08-01_000919
SPCX,5m,2026-07-31 20:55:00+00:00,108.07,108.07,107.96,108.02,33568.343152,2026-08-01,2026-08-01_000919
SPCX,5m,2026-07-31 21:00:00+00:00,107.98,108.09,107.9647,108.039,13024.251220000002,2026-08-01,2026-08-01_000919
SPCX,5m,2026-07-31 21:05:00+00:00,108.04,108.08,108.0,108.04,9307.117127,2026-08-01,2026-08-01_000919
SPCX,5m,2026-07-31 21:10:00+00:00,108.04,108.09,108.01,108.08,12947.652194000002,2026-08-01,2026-08-01_000919
SPCX,5m,2026-07-31 21:15:00+00:00,108.0616,108.17,107.98,107.98,32585.932994000003,2026-08-01,2026-08-01_000919
SPCX,5m,2026-07-31 21:20:00+00:00,108.01,108.05,108.0,108.01,12120.113825,2026-08-01,2026-08-01_000919
SPCX,5m,2026-07-31 21:25:00+00:00,108.03,108.04,108.0,108.0161,11852.955721,2026-08-01,2026-08-01_000919
SPCX,5m,2026-07-31 21:30:00+00:00,108.01,108.04,108.0,108.0,11351.565877000001,2026-08-01,2026-08-01_000919
SPCX,5m,2026-07-31 21:35:00+00:00,108.0372,108.0372,107.8648,107.9779,21517.78283,2026-08-01,2026-08-01_000919
SPCX,5m,2026-07-31 21:40:00+00:00,107.9364,107.97,107.91,107.93,16403.767655999996,2026-08-01,2026-08-01_000919
SPCX,5m,2026-07-31 21:45:00+00:00,107.94,107.97,107.84,107.84,19865.025875,2026-08-01,2026-08-01_000919
SPCX,5m,2026-07-31 21:50:00+00:00,107.86,107.9345,107.82,107.91,16854.011753,2026-08-01,2026-08-01_000919
SPCX,5m,2026-07-31 21:55:00+00:00,107.89,107.93,107.8303,107.8501,14962.810697,2026-08-01,2026-08-01_000919
SPCX,5m,2026-07-31 22:00:00+00:00,107.85,107.89,107.82,107.83,17235.793626,2026-08-01,2026-08-01_000919
SPCX,5m,2026-07-31 22:05:00+00:00,107.8532,107.8645,107.81,107.8188,20242.936723,2026-08-01,2026-08-01_000919
SPCX,5m,2026-07-31 22:10:00+00:00,107.8562,107.89,107.82,107.826,22074.431210000002,2026-08-01,2026-08-01_000919
SPCX,5m,2026-07-31 22:15:00+00:00,107.82,107.89,107.82,107.84,6926.369781,2026-08-01,2026-08-01_000919
SPCX,5m,2026-07-31 22:20:00+00:00,107.8454,107.85,107.76,107.81,20259.939604,2026-08-01,2026-08-01_000919
SPCX,5m,2026-07-31 22:25:00+00:00,107.75,107.79,107.67,107.75,23873.735648,2026-08-01,2026-08-01_000919
SPCX,5m,2026-07-31 22:30:00+00:00,107.74,107.85,107.7,107.8197,16720.080931,2026-08-01,2026-08-01_000919
SPCX,5m,2026-07-31 22:35:00+00:00,107.81,107.85,107.74,107.85,15321.305832999999,2026-08-01,2026-08-01_000919
SPCX,5m,2026-07-31 22:40:00+00:00,107.88,107.97,107.83,107.85,15581.664662,2026-08-01,2026-08-01_000919
SPCX,5m,2026-07-31 22:45:00+00:00,107.83,107.83,107.77,107.77,13594.1062,2026-08-01,2026-08-01_000919
SPCX,5m,2026-07-31 22:50:00+00:00,107.77,107.77,107.749,107.749,14911.065934999999,2026-08-01,2026-08-01_000919
SPCX,5m,2026-07-31 22:55:00+00:00,107.7485,107.77,107.73,107.7336,14270.26877,2026-08-01,2026-08-01_000919
SPCX,5m,2026-07-31 23:00:00+00:00,107.7502,107.78,107.7502,107.7746,12227.405844,2026-08-01,2026-08-01_000919
SPCX,5m,2026-07-31 23:05:00+00:00,107.8714,107.98,107.78,107.91,13531.058735,2026-08-01,2026-08-01_000919
SPCX,5m,2026-07-31 23:10:00+00:00,107.85,107.85,107.8,107.81,14341.136877,2026-08-01,2026-08-01_000919
SPCX,5m,2026-07-31 23:15:00+00:00,107.8,107.82,107.7631,107.78,11131.094802,2026-08-01,2026-08-01_000919
SPCX,5m,2026-07-31 23:20:00+00:00,107.79,107.8,107.72,107.72,16152.741304000001,2026-08-01,2026-08-01_000919
SPCX,5m,2026-07-31 23:25:00+00:00,107.74,107.88,107.7,107.879,20939.240054,2026-08-01,2026-08-01_000919
SPCX,5m,2026-07-31 23:30:00+00:00,107.87,107.88,107.82,107.8339,17386.19601,2026-08-01,2026-08-01_000919
SPCX,5m,2026-07-31 23:35:00+00:00,107.8397,107.9,107.82,107.86,13430.702054000001,2026-08-01,2026-08-01_000919
SPCX,5m,2026-07-31 23:40:00+00:00,107.8501,107.8899,107.8501,107.8814,7191.116776999999,2026-08-01,2026-08-01_000919
SPCX,5m,2026-07-31 23:45:00+00:00,107.8934,107.95,107.88,107.88,14169.513805999999,2026-08-01,2026-08-01_000919
SPCX,5m,2026-07-31 23:50:00+00:00,107.88,107.88,107.71,107.71,18181.094388999998,2026-08-01,2026-08-01_000919
SPCX,5m,2026-07-31 23:55:00+00:00,107.7315,107.8,107.7,107.7905,51695.838429,2026-08-01,2026-08-01_000919
SMH,5m,2026-07-31 08:00:00+00:00,556.0,556.0,552.95,554.0,2803.233783,2026-08-01,2026-08-01_000919
SMH,5m,2026-07-31 08:05:00+00:00,553.97,554.0,553.0,553.0,751.0,2026-08-01,2026-08-01_000919
SMH,5m,2026-07-31 08:10:00+00:00,554.9,554.9,552.69,554.7836,1653.258687,2026-08-01,2026-08-01_000919
SMH,5m,2026-07-31 08:15:00+00:00,554.5,555.17,553.7,554.75,4514.4338210000005,2026-08-01,2026-08-01_000919
SMH,5m,2026-07-31 08:20:00+00:00,554.75,554.75,554.75,554.75,253.0,2026-08-01,2026-08-01_000919
SMH,5m,2026-07-31 08:25:00+00:00,554.75,556.4,554.75,556.4,4832.018332,2026-08-01,2026-08-01_000919
SMH,5m,2026-07-31 08:30:00+00:00,556.37,557.0,555.5,555.75,5939.351476,2026-08-01,2026-08-01_000919
SMH,5m,2026-07-31 08:35:00+00:00,556.8612,556.8612,554.39,555.54,1620.0,2026-08-01,2026-08-01_000919
SMH,5m,2026-07-31 08:40:00+00:00,555.4932,555.4932,555.0,555.1671,3209.9877850000003,2026-08-01,2026-08-01_000919
SMH,5m,2026-07-31 08:45:00+00:00,555.1,556.8,554.91,556.8,2317.168553,2026-08-01,2026-08-01_000919
SMH,5m,2026-07-31 08:50:00+00:00,555.6528,555.6528,555.6528,555.6528,550.0,2026-08-01,2026-08-01_000919
SMH,5m,2026-07-31 08:55:00+00:00,555.98,556.1,555.98,556.1,276.0,2026-08-01,2026-08-01_000919
SMH,5m,2026-07-31 09:00:00+00:00,556.1,556.8,556.1,556.5,1284.0,2026-08-01,2026-08-01_000919
SMH,5m,2026-07-31 09:05:00+00:00,556.5,557.06,556.5,557.06,1513.954933,2026-08-01,2026-08-01_000919
SMH,5m,2026-07-31 09:10:00+00:00,557.49,557.79,557.0,557.2,2050.0,2026-08-01,2026-08-01_000919
SMH,5m,2026-07-31 09:15:00+00:00,557.0,557.17,556.65,556.65,246.0,2026-08-01,2026-08-01_000919
SMH,5m,2026-07-31 09:20:00+00:00,556.65,556.72,556.5,556.63,974.04965,2026-08-01,2026-08-01_000919
SMH,5m,2026-07-31 09:25:00+00:00,557.0,557.0,555.0,555.0,839.089921,2026-08-01,2026-08-01_000919
SMH,5m,2026-07-31 09:30:00+00:00,555.01,555.6,555.0,555.29,1194.875648,2026-08-01,2026-08-01_000919
SMH,5m,2026-07-31 09:35:00+00:00,554.4,555.59,553.26,553.26,504.005406,2026-08-01,2026-08-01_000919
SMH,5m,2026-07-31 09:40:00+00:00,553.43,554.0,553.43,554.0,320.0,2026-08-01,2026-08-01_000919
SMH,5m,2026-07-31 09:50:00+00:00,554.0,554.0,554.0,554.0,813.093092,2026-08-01,2026-08-01_000919
SMH,5m,2026-07-31 10:00:00+00:00,552.85,553.19,552.85,553.19,120.0,2026-08-01,2026-08-01_000919
SMH,5m,2026-07-31 10:05:00+00:00,554.75,554.75,553.91,554.5,728.206002,2026-08-01,2026-08-01_000919
SMH,5m,2026-07-31 10:10:00+00:00,554.44,554.44,554.44,554.44,157.0,2026-08-01,2026-08-01_000919
SMH,5m,2026-07-31 10:20:00+00:00,554.8,554.98,554.8,554.98,170.0,2026-08-01,2026-08-01_000919
SMH,5m,2026-07-31 10:25:00+00:00,554.87,555.0,554.5,555.0,1249.0,2026-08-01,2026-08-01_000919
SMH,5m,2026-07-31 10:30:00+00:00,555.0,555.0,554.81,554.84,434.0,2026-08-01,2026-08-01_000919
SMH,5m,2026-07-31 10:35:00+00:00,554.81,555.0,554.81,555.0,202.09664800000002,2026-08-01,2026-08-01_000919
SMH,5m,2026-07-31 10:40:00+00:00,554.86,555.0,554.86,555.0,1246.0,2026-08-01,2026-08-01_000919
SMH,5m,2026-07-31 10:45:00+00:00,555.0,555.0,554.02,554.02,750.840818,2026-08-01,2026-08-01_000919
SMH,5m,2026-07-31 10:50:00+00:00,553.93,554.03,553.93,554.03,128.0,2026-08-01,2026-08-01_000919
SMH,5m,2026-07-31 10:55:00+00:00,555.0,555.0,554.27,554.52,6181.0,2026-08-01,2026-08-01_000919
SMH,5m,2026-07-31 11:00:00+00:00,554.88,557.0,554.74,556.8957,13225.0,2026-08-01,2026-08-01_000919
SMH,5m,2026-07-31 11:05:00+00:00,556.176,557.44,556.176,556.98,1922.1624060000001,2026-08-01,2026-08-01_000919
SMH,5m,2026-07-31 11:10:00+00:00,556.99,557.0,556.12,556.55,2486.002712,2026-08-01,2026-08-01_000919
SMH,5m,2026-07-31 11:15:00+00:00,557.0,557.0,555.0,555.8808,3000.259579,2026-08-01,2026-08-01_000919
SMH,5m,2026-07-31 11:20:00+00:00,555.7584,555.7584,555.09,555.55,1126.0,2026-08-01,2026-08-01_000919
SMH,5m,2026-07-31 11:25:00+00:00,555.36,556.15,555.2,555.76,4439.024616,2026-08-01,2026-08-01_000919
SMH,5m,2026-07-31 11:30:00+00:00,555.5,555.5,553.97,554.16,14219.756912,2026-08-01,2026-08-01_000919
SMH,5m,2026-07-31 11:35:00+00:00,554.27,555.17,553.6,554.9,2822.9629999999997,2026-08-01,2026-08-01_000919
SMH,5m,2026-07-31 11:40:00+00:00,554.05,554.69,554.0,554.3,1538.0049,2026-08-01,2026-08-01_000919
SMH,5m,2026-07-31 11:45:00+00:00,554.4,554.62,554.1,554.3362,2216.0751419999997,2026-08-01,2026-08-01_000919
SMH,5m,2026-07-31 11:50:00+00:00,554.5,555.99,554.5,555.01,2923.2972,2026-08-01,2026-08-01_000919
SMH,5m,2026-07-31 11:55:00+00:00,555.0,555.16,554.4,554.4,1383.023058,2026-08-01,2026-08-01_000919
SMH,5m,2026-07-31 12:00:00+00:00,554.91,555.0,553.1,553.1,4973.977747999999,2026-08-01,2026-08-01_000919
SMH,5m,2026-07-31 12:05:00+00:00,553.1,553.19,552.55,552.8874,5429.299981,2026-08-01,2026-08-01_000919
SMH,5m,2026-07-31 12:10:00+00:00,552.51,552.51,551.97,552.0,2942.811613,2026-08-01,2026-08-01_000919
SMH,5m,2026-07-31 12:15:00+00:00,552.29,552.29,550.5,550.5,4708.067063,2026-08-01,2026-08-01_000919
SMH,5m,2026-07-31 12:20:00+00:00,551.2,552.3,551.0,551.68,2538.717494,2026-08-01,2026-08-01_000919
SMH,5m,2026-07-31 12:25:00+00:00,552.0,553.3,552.0,552.68,2928.0,2026-08-01,2026-08-01_000919
SMH,5m,2026-07-31 12:30:00+00:00,552.1,552.32,551.65,551.65,2591.573965,2026-08-01,2026-08-01_000919
SMH,5m,2026-07-31 12:35:00+00:00,551.0,552.0,550.94,551.0,5836.200465,2026-08-01,2026-08-01_000919
SMH,5m,2026-07-31 12:40:00+00:00,550.94,551.35,550.56,550.6,2143.826978,2026-08-01,2026-08-01_000919
SMH,5m,2026-07-31 12:45:00+00:00,551.22,551.22,550.52,550.98,3078.181383,2026-08-01,2026-08-01_000919
SMH,5m,2026-07-31 12:50:00+00:00,550.93,552.52,550.93,552.18,3466.056395,2026-08-01,2026-08-01_000919
SMH,5m,2026-07-31 12:55:00+00:00,552.18,552.43,551.88,551.88,5130.0,2026-08-01,2026-08-01_000919
SMH,5m,2026-07-31 13:00:00+00:00,551.9,552.46,551.9,552.46,651.145292,2026-08-01,2026-08-01_000919
SMH,5m,2026-07-31 13:05:00+00:00,552.27,553.35,552.13,553.35,3808.0,2026-08-01,2026-08-01_000919
SMH,5m,2026-07-31 13:10:00+00:00,553.38,554.2556,553.0,553.86,12630.159632,2026-08-01,2026-08-01_000919
SMH,5m,2026-07-31 13:15:00+00:00,553.74,555.28,553.4226,555.0,9988.0,2026-08-01,2026-08-01_000919
SMH,5m,2026-07-31 13:20:00+00:00,555.14,555.47,554.73,555.27,9865.0,2026-08-01,2026-08-01_000919
SMH,5m,2026-07-31 13:25:00+00:00,555.3,558.03,555.27,558.03,22563.4503,2026-08-01,2026-08-01_000919
SMH,5m,2026-07-31 13:30:00+00:00,557.5,561.44,555.45,560.03,734450.195492,2026-08-01,2026-08-01_000919
SMH,5m,2026-07-31 13:35:00+00:00,559.98,561.275,553.27,553.43,499183.05399100005,2026-08-01,2026-08-01_000919
SMH,5m,2026-07-31 13:40:00+00:00,553.55,554.37,545.56,545.7129,701640.4251600001,2026-08-01,2026-08-01_000919
SMH,5m,2026-07-31 13:45:00+00:00,545.74,548.8059,542.08,544.37,535800.553388,2026-08-01,2026-08-01_000919
SMH,5m,2026-07-31 13:50:00+00:00,544.275,547.2065,541.83,543.35,415207.836974,2026-08-01,2026-08-01_000919
SMH,5m,2026-07-31 13:55:00+00:00,543.57,547.03,542.53,545.99,316474.60413,2026-08-01,2026-08-01_000919
SMH,5m,2026-07-31 14:00:00+00:00,545.95,546.88,540.89,540.89,293115.368324,2026-08-01,2026-08-01_000919
SMH,5m,2026-07-31 14:05:00+00:00,540.89,542.92,536.88,537.26,332394.540838,2026-08-01,2026-08-01_000919
SMH,5m,2026-07-31 14:10:00+00:00,537.26,540.0,535.24,538.355,418347.144559,2026-08-01,2026-08-01_000919
SMH,5m,2026-07-31 14:15:00+00:00,538.43,542.74,535.9,541.42,727206.8494250001,2026-08-01,2026-08-01_000919
SMH,5m,2026-07-31 14:20:00+00:00,541.47,544.36,540.37,541.9,402309.23542800004,2026-08-01,2026-08-01_000919
SMH,5m,2026-07-31 14:25:00+00:00,541.78,544.375,540.07,544.215,169776.39963300002,2026-08-01,2026-08-01_000919
SMH,5m,2026-07-31 14:30:00+00:00,544.055,545.7099,542.7305,544.27,298571.496612,2026-08-01,2026-08-01_000919
SMH,5m,2026-07-31 14:35:00+00:00,544.52,546.78,544.17,545.31,352326.43746499997,2026-08-01,2026-08-01_000919
SMH,5m,2026-07-31 14:40:00+00:00,545.22,546.44,542.56,543.82,237676.861143,2026-08-01,2026-08-01_000919
SMH,5m,2026-07-31 14:45:00+00:00,544.0,546.38,541.81,546.09,235207.084736,2026-08-01,2026-08-01_000919
SMH,5m,2026-07-31 14:50:00+00:00,546.25,546.94,544.55,544.9,170716.046895,2026-08-01,2026-08-01_000919
SMH,5m,2026-07-31 14:55:00+00:00,544.92,546.4,543.48,544.89,94562.764209,2026-08-01,2026-08-01_000919
SMH,5m,2026-07-31 15:00:00+00:00,544.865,545.98,543.985,545.89,70196.699932,2026-08-01,2026-08-01_000919
SMH,5m,2026-07-31 15:05:00+00:00,546.0,546.61,543.41,543.95,99825.054068,2026-08-01,2026-08-01_000919
SMH,5m,2026-07-31 15:10:00+00:00,543.81,544.1099,541.03,542.82,96932.915682,2026-08-01,2026-08-01_000919
SMH,5m,2026-07-31 15:15:00+00:00,542.855,545.65,541.89,542.89,105104.12173299999,2026-08-01,2026-08-01_000919
SMH,5m,2026-07-31 15:20:00+00:00,542.57,542.96,539.91,540.21,119832.46274399999,2026-08-01,2026-08-01_000919
SMH,5m,2026-07-31 15:25:00+00:00,539.94,540.38,536.94,539.205,232584.372655,2026-08-01,2026-08-01_000919
SMH,5m,2026-07-31 15:30:00+00:00,539.25,540.82,537.64,540.24,139439.918187,2026-08-01,2026-08-01_000919
SMH,5m,2026-07-31 15:35:00+00:00,540.19,543.0,540.111,541.975,116729.1859,2026-08-01,2026-08-01_000919
SMH,5m,2026-07-31 15:40:00+00:00,541.97,542.17,539.0,540.51,137299.42947499998,2026-08-01,2026-08-01_000919
SMH,5m,2026-07-31 15:45:00+00:00,540.6041,541.17,538.54,540.11,103507.36559999999,2026-08-01,2026-08-01_000919
SMH,5m,2026-07-31 15:50:00+00:00,540.16,542.5299,539.91,542.23,128759.949088,2026-08-01,2026-08-01_000919
SMH,5m,2026-07-31 15:55:00+00:00,542.225,542.915,540.41,541.405,124804.371561,2026-08-01,2026-08-01_000919
SMH,5m,2026-07-31 16:00:00+00:00,541.4,542.73,540.84,541.795,174495.923859,2026-08-01,2026-08-01_000919
SMH,5m,2026-07-31 16:05:00+00:00,541.91,541.92,540.315,541.55,82168.803843,2026-08-01,2026-08-01_000919
SMH,5m,2026-07-31 16:10:00+00:00,541.41,542.41,540.74,541.655,61902.13568,2026-08-01,2026-08-01_000919
SMH,5m,2026-07-31 16:15:00+00:00,541.69,541.94,539.95,541.34,49735.563328000004,2026-08-01,2026-08-01_000919
SMH,5m,2026-07-31 16:20:00+00:00,541.26,542.91,541.11,542.48,82121.91557900001,2026-08-01,2026-08-01_000919
SMH,5m,2026-07-31 16:25:00+00:00,542.5156,544.29,541.49,544.245,64305.953852000006,2026-08-01,2026-08-01_000919
SMH,5m,2026-07-31 16:30:00+00:00,544.43,545.31,543.805,544.65,102069.888382,2026-08-01,2026-08-01_000919
SMH,5m,2026-07-31 16:35:00+00:00,544.665,545.37,544.12,544.645,71828.110455,2026-08-01,2026-08-01_000919
SMH,5m,2026-07-31 16:40:00+00:00,544.565,544.6,541.87,542.24,82880.330838,2026-08-01,2026-08-01_000919
SMH,5m,2026-07-31 16:45:00+00:00,542.14,542.905,541.7,542.86,111858.735976,2026-08-01,2026-08-01_000919
SMH,5m,2026-07-31 16:50:00+00:00,542.84,544.69,542.84,543.375,63247.030859,2026-08-01,2026-08-01_000919
SMH,5m,2026-07-31 16:55:00+00:00,543.355,545.125,543.355,544.015,36909.033476,2026-08-01,2026-08-01_000919
SMH,5m,2026-07-31 17:00:00+00:00,543.985,545.38,543.8,544.975,51695.754544,2026-08-01,2026-08-01_000919
SMH,5m,2026-07-31 17:05:00+00:00,544.85,544.97,543.56,544.11,58232.899586,2026-08-01,2026-08-01_000919
SMH,5m,2026-07-31 17:10:00+00:00,544.05,545.43,543.79,545.105,94134.422575,2026-08-01,2026-08-01_000919
SMH,5m,2026-07-31 17:15:00+00:00,545.01,545.79,544.9,545.78,28846.414414,2026-08-01,2026-08-01_000919
SMH,5m,2026-07-31 17:20:00+00:00,545.65,546.21,544.3795,546.21,54123.646265,2026-08-01,2026-08-01_000919
SMH,5m,2026-07-31 17:25:00+00:00,546.18,547.24,546.06,546.585,83434.332274,2026-08-01,2026-08-01_000919
SMH,5m,2026-07-31 17:30:00+00:00,546.54,547.71,546.26,547.6277,99831.324237,2026-08-01,2026-08-01_000919
SMH,5m,2026-07-31 17:35:00+00:00,547.63,548.61,546.48,546.675,80974.591996,2026-08-01,2026-08-01_000919
SMH,5m,2026-07-31 17:40:00+00:00,546.565,547.28,545.93,546.69,60176.167118,2026-08-01,2026-08-01_000919
SMH,5m,2026-07-31 17:45:00+00:00,546.7,547.31,545.15,545.37,261231.11033599998,2026-08-01,2026-08-01_000919
SMH,5m,2026-07-31 17:50:00+00:00,545.23,546.95,545.1,546.19,54258.936401,2026-08-01,2026-08-01_000919
SMH,5m,2026-07-31 17:55:00+00:00,546.13,546.7685,545.66,545.815,65027.299006999994,2026-08-01,2026-08-01_000919
SMH,5m,2026-07-31 18:00:00+00:00,545.82,546.56,545.4,545.535,63421.989886,2026-08-01,2026-08-01_000919
SMH,5m,2026-07-31 18:05:00+00:00,545.66,546.31,545.01,545.26,60125.377341,2026-08-01,2026-08-01_000919
SMH,5m,2026-07-31 18:10:00+00:00,545.16,545.27,543.05,543.4,133163.60581,2026-08-01,2026-08-01_000919
SMH,5m,2026-07-31 18:15:00+00:00,543.275,545.01,543.15,544.24,91099.443646,2026-08-01,2026-08-01_000919
SMH,5m,2026-07-31 18:20:00+00:00,544.3,544.78,543.92,544.151,40625.421615,2026-08-01,2026-08-01_000919
SMH,5m,2026-07-31 18:25:00+00:00,544.26,544.3,543.495,544.165,28756.279014999996,2026-08-01,2026-08-01_000919
SMH,5m,2026-07-31 18:30:00+00:00,544.205,545.095,544.205,544.79,41745.289271,2026-08-01,2026-08-01_000919
SMH,5m,2026-07-31 18:35:00+00:00,544.72,544.95,543.92,544.68,40082.959367999996,2026-08-01,2026-08-01_000919
SMH,5m,2026-07-31 18:40:00+00:00,544.675,544.93,544.25,544.64,34598.943934999996,2026-08-01,2026-08-01_000919
SMH,5m,2026-07-31 18:45:00+00:00,544.58,545.05,544.23,545.04,46888.138539,2026-08-01,2026-08-01_000919
SMH,5m,2026-07-31 18:50:00+00:00,545.05,545.59,544.93,545.13,60082.940784,2026-08-01,2026-08-01_000919
SMH,5m,2026-07-31 18:55:00+00:00,545.13,545.34,543.8,544.65,154496.56916,2026-08-01,2026-08-01_000919
SMH,5m,2026-07-31 19:00:00+00:00,544.55,545.4,543.3001,543.48,104821.191897,2026-08-01,2026-08-01_000919
SMH,5m,2026-07-31 19:05:00+00:00,543.53,543.855,542.62,543.41,106187.78005,2026-08-01,2026-08-01_000919
SMH,5m,2026-07-31 19:10:00+00:00,543.41,544.01,542.94,543.73,68780.96237,2026-08-01,2026-08-01_000919
SMH,5m,2026-07-31 19:15:00+00:00,543.73,545.6,543.325,545.53,124146.71239100001,2026-08-01,2026-08-01_000919
SMH,5m,2026-07-31 19:20:00+00:00,545.54,546.09,544.82,544.89,91467.02132600002,2026-08-01,2026-08-01_000919
SMH,5m,2026-07-31 19:25:00+00:00,544.78,545.33,544.33,545.07,72902.329804,2026-08-01,2026-08-01_000919
SMH,5m,2026-07-31 19:30:00+00:00,545.07,545.33,544.01,544.74,83305.91635300001,2026-08-01,2026-08-01_000919
SMH,5m,2026-07-31 19:35:00+00:00,544.75,544.88,543.74,544.16,114107.64553100002,2026-08-01,2026-08-01_000919
SMH,5m,2026-07-31 19:40:00+00:00,544.09,544.8399,543.2,544.735,252165.44844599997,2026-08-01,2026-08-01_000919
SMH,5m,2026-07-31 19:45:00+00:00,544.82,545.93,544.645,545.79,276868.74870899995,2026-08-01,2026-08-01_000919
SMH,5m,2026-07-31 19:50:00+00:00,545.77,545.83,543.93,544.4,487236.66238700005,2026-08-01,2026-08-01_000919
SMH,5m,2026-07-31 19:55:00+00:00,544.46,544.59,540.16,540.16,918871.987713,2026-08-01,2026-08-01_000919
SMH,5m,2026-07-31 20:00:00+00:00,540.53,541.0,539.9,540.5,24421.731671,2026-08-01,2026-08-01_000919
SMH,5m,2026-07-31 20:05:00+00:00,540.0,540.75,539.53,540.57,47658.0,2026-08-01,2026-08-01_000919
SMH,5m,2026-07-31 20:10:00+00:00,540.73,541.0,539.82,540.05,26750.755395,2026-08-01,2026-08-01_000919
SMH,5m,2026-07-31 20:15:00+00:00,540.05,540.4,540.05,540.26,1519.0,2026-08-01,2026-08-01_000919
SMH,5m,2026-07-31 20:20:00+00:00,539.78,540.53,539.78,540.44,47939.608972,2026-08-01,2026-08-01_000919
SMH,5m,2026-07-31 20:25:00+00:00,539.85,539.86,539.65,539.65,2588.926062,2026-08-01,2026-08-01_000919
SMH,5m,2026-07-31 20:30:00+00:00,539.75,539.99,539.75,539.99,1205.0,2026-08-01,2026-08-01_000919
SMH,5m,2026-07-31 20:35:00+00:00,539.99,540.437,539.99,540.0,12663.294914999999,2026-08-01,2026-08-01_000919
SMH,5m,2026-07-31 20:40:00+00:00,539.94,540.0,539.86,540.0,5706.0,2026-08-01,2026-08-01_000919
SMH,5m,2026-07-31 20:45:00+00:00,539.95,540.54,539.9,540.48,3456.0,2026-08-01,2026-08-01_000919
SMH,5m,2026-07-31 20:50:00+00:00,540.34,540.35,539.4,539.5,14891.0,2026-08-01,2026-08-01_000919
SMH,5m,2026-07-31 20:55:00+00:00,539.85,539.98,539.31,539.31,12440.0,2026-08-01,2026-08-01_000919
SMH,5m,2026-07-31 21:00:00+00:00,539.26,539.59,539.04,539.56,4195.147503,2026-08-01,2026-08-01_000919
SMH,5m,2026-07-31 21:05:00+00:00,539.75,539.97,539.75,539.97,1984.017518,2026-08-01,2026-08-01_000919
SMH,5m,2026-07-31 21:10:00+00:00,539.76,540.0,539.76,540.0,292.109055,2026-08-01,2026-08-01_000919
SMH,5m,2026-07-31 21:15:00+00:00,539.58,539.97,539.06,539.34,4696.0,2026-08-01,2026-08-01_000919
SMH,5m,2026-07-31 21:20:00+00:00,539.9293,539.9293,539.35,539.72,12290.810000000001,2026-08-01,2026-08-01_000919
SMH,5m,2026-07-31 21:25:00+00:00,539.69,539.69,538.4284,538.4284,2585.017276,2026-08-01,2026-08-01_000919
SMH,5m,2026-07-31 21:30:00+00:00,538.45,540.0,538.45,539.0,5181.305646,2026-08-01,2026-08-01_000919
SMH,5m,2026-07-31 21:35:00+00:00,538.81,539.0,538.0107,538.0107,4621.0,2026-08-01,2026-08-01_000919
SMH,5m,2026-07-31 21:40:00+00:00,538.0,538.31,538.0,538.27,466.0,2026-08-01,2026-08-01_000919
SMH,5m,2026-07-31 21:45:00+00:00,538.0,538.06,538.0,538.02,1006.0,2026-08-01,2026-08-01_000919
SMH,5m,2026-07-31 21:50:00+00:00,538.08,538.08,538.0,538.0,333.0,2026-08-01,2026-08-01_000919
SMH,5m,2026-07-31 21:55:00+00:00,538.12,538.12,538.12,538.12,104.0,2026-08-01,2026-08-01_000919
SMH,5m,2026-07-31 22:05:00+00:00,538.27,538.27,538.27,538.27,55.0,2026-08-01,2026-08-01_000919
SMH,5m,2026-07-31 22:10:00+00:00,538.22,538.22,538.22,538.22,85.0,2026-08-01,2026-08-01_000919
SMH,5m,2026-07-31 22:15:00+00:00,538.25,538.25,538.14,538.14,126.0,2026-08-01,2026-08-01_000919
SMH,5m,2026-07-31 22:20:00+00:00,538.2,538.2,538.12,538.12,270.0,2026-08-01,2026-08-01_000919
SMH,5m,2026-07-31 22:25:00+00:00,537.3,537.3,537.23,537.23,363.0,2026-08-01,2026-08-01_000919
SMH,5m,2026-07-31 22:30:00+00:00,538.15,538.15,538.15,538.15,306.0,2026-08-01,2026-08-01_000919
SMH,5m,2026-07-31 22:35:00+00:00,537.5194,538.96,537.5194,538.96,163.0,2026-08-01,2026-08-01_000919
SMH,5m,2026-07-31 22:45:00+00:00,538.38,539.41,538.26,539.37,1075.0,2026-08-01,2026-08-01_000919
SMH,5m,2026-07-31 22:50:00+00:00,539.0,539.0,539.0,539.0,1010.0,2026-08-01,2026-08-01_000919
SMH,5m,2026-07-31 22:55:00+00:00,538.7,538.7,538.61,538.61,152.0,2026-08-01,2026-08-01_000919
SMH,5m,2026-07-31 23:00:00+00:00,537.5,537.5,537.5,537.5,107.0,2026-08-01,2026-08-01_000919
SMH,5m,2026-07-31 23:05:00+00:00,537.5,537.5,537.5,537.5,103.0,2026-08-01,2026-08-01_000919
SMH,5m,2026-07-31 23:15:00+00:00,538.45,538.45,538.45,538.45,59.0,2026-08-01,2026-08-01_000919
SMH,5m,2026-07-31 23:25:00+00:00,537.5,537.5,537.5,537.5,101.025165,2026-08-01,2026-08-01_000919
SMH,5m,2026-07-31 23:40:00+00:00,538.83,538.93,538.83,538.93,233.0,2026-08-01,2026-08-01_000919
SMH,5m,2026-07-31 23:45:00+00:00,538.45,539.4,538.45,538.6,800.0,2026-08-01,2026-08-01_000919
SMH,5m,2026-07-31 23:50:00+00:00,539.07,539.07,539.0,539.01,648.001837,2026-08-01,2026-08-01_000919
SMH,5m,2026-07-31 23:55:00+00:00,539.0,539.0,538.79,539.0,902.0,2026-08-01,2026-08-01_000919
ARM,5m,2026-07-31 08:00:00+00:00,250.8,250.8,250.8,250.8,164.0,2026-08-01,2026-08-01_000919
ARM,5m,2026-07-31 08:10:00+00:00,250.24,252.0,250.24,252.0,994.0,2026-08-01,2026-08-01_000919
ARM,5m,2026-07-31 08:15:00+00:00,253.0,253.48,253.0,253.48,343.0,2026-08-01,2026-08-01_000919
ARM,5m,2026-07-31 08:20:00+00:00,253.94,253.94,252.37,252.37,13271.0,2026-08-01,2026-08-01_000919
ARM,5m,2026-07-31 08:25:00+00:00,252.85,254.55,252.85,253.78,3143.0,2026-08-01,2026-08-01_000919
ARM,5m,2026-07-31 08:30:00+00:00,253.81,256.0,253.81,255.11,7157.685919,2026-08-01,2026-08-01_000919
ARM,5m,2026-07-31 08:35:00+00:00,255.73,255.73,255.73,255.73,380.0,2026-08-01,2026-08-01_000919
ARM,5m,2026-07-31 08:40:00+00:00,255.34,255.83,255.01,255.04,1266.104123,2026-08-01,2026-08-01_000919
ARM,5m,2026-07-31 08:45:00+00:00,255.87,255.87,255.87,255.87,889.0,2026-08-01,2026-08-01_000919
ARM,5m,2026-07-31 08:50:00+00:00,256.17,256.17,256.17,256.17,126.0,2026-08-01,2026-08-01_000919
ARM,5m,2026-07-31 08:55:00+00:00,256.4,256.74,255.93,255.93,1183.602699,2026-08-01,2026-08-01_000919
ARM,5m,2026-07-31 09:00:00+00:00,256.1,257.06,256.1,257.05,3934.766582,2026-08-01,2026-08-01_000919
ARM,5m,2026-07-31 09:05:00+00:00,257.41,257.84,257.09,257.14,2287.0,2026-08-01,2026-08-01_000919
ARM,5m,2026-07-31 09:10:00+00:00,257.0,258.99,257.0,258.23,6421.416636,2026-08-01,2026-08-01_000919
ARM,5m,2026-07-31 09:15:00+00:00,258.21,259.0,257.0,257.86,5894.0,2026-08-01,2026-08-01_000919
ARM,5m,2026-07-31 09:20:00+00:00,257.0,257.06,256.72,256.72,1827.432099,2026-08-01,2026-08-01_000919
ARM,5m,2026-07-31 09:25:00+00:00,256.05,256.05,256.05,256.05,362.0,2026-08-01,2026-08-01_000919
ARM,5m,2026-07-31 09:30:00+00:00,255.43,255.43,255.0,255.0,4913.288997,2026-08-01,2026-08-01_000919
ARM,5m,2026-07-31 09:35:00+00:00,253.95,256.06,253.56,256.06,1538.68747,2026-08-01,2026-08-01_000919
ARM,5m,2026-07-31 09:45:00+00:00,254.94,254.97,254.0,254.0,941.0,2026-08-01,2026-08-01_000919
ARM,5m,2026-07-31 09:50:00+00:00,254.5,257.0,254.24,256.54,7637.584725,2026-08-01,2026-08-01_000919
ARM,5m,2026-07-31 09:55:00+00:00,254.44,254.44,253.4,254.0,4082.0,2026-08-01,2026-08-01_000919
ARM,5m,2026-07-31 10:00:00+00:00,254.02,254.02,254.02,254.02,175.0,2026-08-01,2026-08-01_000919
ARM,5m,2026-07-31 10:05:00+00:00,253.97,255.2536,253.97,254.94,690.0553,2026-08-01,2026-08-01_000919
ARM,5m,2026-07-31 10:15:00+00:00,256.0,256.0,256.0,256.0,306.0,2026-08-01,2026-08-01_000919
ARM,5m,2026-07-31 10:20:00+00:00,256.46,256.46,255.7,255.7,2351.231852,2026-08-01,2026-08-01_000919
ARM,5m,2026-07-31 10:35:00+00:00,254.6776,255.47,254.41,255.4,2006.0,2026-08-01,2026-08-01_000919
ARM,5m,2026-07-31 10:40:00+00:00,255.95,255.95,255.67,255.67,819.012287,2026-08-01,2026-08-01_000919
ARM,5m,2026-07-31 10:45:00+00:00,255.68,255.68,255.0,255.0,2279.0,2026-08-01,2026-08-01_000919
ARM,5m,2026-07-31 10:50:00+00:00,255.72,256.0,255.72,255.9,1035.0,2026-08-01,2026-08-01_000919
ARM,5m,2026-07-31 10:55:00+00:00,255.85,256.65,255.75,256.65,3571.097835,2026-08-01,2026-08-01_000919
ARM,5m,2026-07-31 11:00:00+00:00,257.27,258.99,256.49,258.5,5715.012155,2026-08-01,2026-08-01_000919
ARM,5m,2026-07-31 11:05:00+00:00,258.5,261.0,258.5,259.35,13110.220176,2026-08-01,2026-08-01_000919
ARM,5m,2026-07-31 11:10:00+00:00,259.96,260.65,259.5,259.98,3296.4629910000003,2026-08-01,2026-08-01_000919
ARM,5m,2026-07-31 11:15:00+00:00,259.39,260.0,258.05,258.05,10837.43508,2026-08-01,2026-08-01_000919
ARM,5m,2026-07-31 11:20:00+00:00,258.13,258.98,258.0,258.5,2455.798773,2026-08-01,2026-08-01_000919
ARM,5m,2026-07-31 11:25:00+00:00,259.28,259.698,258.5,258.5,1785.0,2026-08-01,2026-08-01_000919
ARM,5m,2026-07-31 11:30:00+00:00,259.5971,259.7597,258.0,258.98,3662.0,2026-08-01,2026-08-01_000919
ARM,5m,2026-07-31 11:35:00+00:00,259.1537,259.1537,258.0,258.5,2107.0,2026-08-01,2026-08-01_000919
ARM,5m,2026-07-31 11:40:00+00:00,258.764,259.85,257.92,258.95,6533.021575,2026-08-01,2026-08-01_000919
ARM,5m,2026-07-31 11:45:00+00:00,258.25,258.6,258.25,258.6,1210.832327,2026-08-01,2026-08-01_000919
ARM,5m,2026-07-31 11:50:00+00:00,258.5,259.05,258.1354,258.273,1777.0,2026-08-01,2026-08-01_000919
ARM,5m,2026-07-31 11:55:00+00:00,258.9,259.0,258.9,259.0,1060.0,2026-08-01,2026-08-01_000919
ARM,5m,2026-07-31 12:00:00+00:00,258.5,258.83,257.0,257.0,4476.0,2026-08-01,2026-08-01_000919
ARM,5m,2026-07-31 12:05:00+00:00,256.5,257.37,256.0,256.0,4724.943627000001,2026-08-01,2026-08-01_000919
ARM,5m,2026-07-31 12:10:00+00:00,255.91,255.91,255.0,255.3,15631.45,2026-08-01,2026-08-01_000919
ARM,5m,2026-07-31 12:15:00+00:00,255.33,255.33,253.75,253.75,13636.320302,2026-08-01,2026-08-01_000919
ARM,5m,2026-07-31 12:20:00+00:00,254.44,255.29,253.6832,255.29,5785.15438,2026-08-01,2026-08-01_000919
ARM,5m,2026-07-31 12:25:00+00:00,255.2,256.0,255.2,256.0,5929.146744000001,2026-08-01,2026-08-01_000919
ARM,5m,2026-07-31 12:30:00+00:00,254.69,255.01,254.26,254.26,1945.087,2026-08-01,2026-08-01_000919
ARM,5m,2026-07-31 12:35:00+00:00,254.55,254.55,254.0,254.0,4016.331972,2026-08-01,2026-08-01_000919
ARM,5m,2026-07-31 12:40:00+00:00,254.04,254.56,254.0,254.03,2377.15438,2026-08-01,2026-08-01_000919
ARM,5m,2026-07-31 12:45:00+00:00,254.1997,254.5,253.4,253.67,9128.202169,2026-08-01,2026-08-01_000919
ARM,5m,2026-07-31 12:50:00+00:00,253.96,255.33,253.3746,253.6459,10725.769,2026-08-01,2026-08-01_000919
ARM,5m,2026-07-31 12:55:00+00:00,254.29,254.29,253.0001,253.0001,1762.0,2026-08-01,2026-08-01_000919
ARM,5m,2026-07-31 13:00:00+00:00,253.06,254.64,253.0,254.64,7905.0,2026-08-01,2026-08-01_000919
ARM,5m,2026-07-31 13:05:00+00:00,254.6,256.0,254.6,256.0,6323.8214849999995,2026-08-01,2026-08-01_000919
ARM,5m,2026-07-31 13:10:00+00:00,256.7727,257.0282,256.0,256.0,3174.0,2026-08-01,2026-08-01_000919
ARM,5m,2026-07-31 13:15:00+00:00,255.93,256.5,255.7,256.5,3264.0,2026-08-01,2026-08-01_000919
ARM,5m,2026-07-31 13:20:00+00:00,256.99,256.99,256.51,256.51,1940.0,2026-08-01,2026-08-01_000919
ARM,5m,2026-07-31 13:25:00+00:00,257.0,260.41,257.0,259.48,23974.502894,2026-08-01,2026-08-01_000919
ARM,5m,2026-07-31 13:30:00+00:00,258.95,261.905,257.49,258.32,456906.519383,2026-08-01,2026-08-01_000919
ARM,5m,2026-07-31 13:35:00+00:00,258.315,259.83,255.81,259.06,299417.44332900003,2026-08-01,2026-08-01_000919
ARM,5m,2026-07-31 13:40:00+00:00,259.22,260.75,253.51,254.3392,250204.838265,2026-08-01,2026-08-01_000919
ARM,5m,2026-07-31 13:45:00+00:00,253.0001,256.5278,250.11,252.38,140250.89006,2026-08-01,2026-08-01_000919
ARM,5m,2026-07-31 13:50:00+00:00,252.415,254.67,250.75,251.7536,125631.07861800001,2026-08-01,2026-08-01_000919
ARM,5m,2026-07-31 13:55:00+00:00,252.11,258.25,251.56,258.16,223285.68523,2026-08-01,2026-08-01_000919
ARM,5m,2026-07-31 14:00:00+00:00,257.98,258.43,253.36,253.415,143551.198127,2026-08-01,2026-08-01_000919
ARM,5m,2026-07-31 14:05:00+00:00,253.425,255.245,250.05,250.535,158859.121797,2026-08-01,2026-08-01_000919
ARM,5m,2026-07-31 14:10:00+00:00,250.7,250.8045,247.71,248.8,201507.457848,2026-08-01,2026-08-01_000919
ARM,5m,2026-07-31 14:15:00+00:00,248.805,250.76,246.16,250.07,168701.438448,2026-08-01,2026-08-01_000919
ARM,5m,2026-07-31 14:20:00+00:00,249.67,253.5099,248.96,250.29,117898.00218600001,2026-08-01,2026-08-01_000919
ARM,5m,2026-07-31 14:25:00+00:00,250.43,251.03,248.2,249.325,79683.387462,2026-08-01,2026-08-01_000919
ARM,5m,2026-07-31 14:30:00+00:00,249.325,250.7849,247.49,248.8975,86433.45871400001,2026-08-01,2026-08-01_000919
ARM,5m,2026-07-31 14:35:00+00:00,249.02,250.155,248.425,249.61,83697.120273,2026-08-01,2026-08-01_000919
ARM,5m,2026-07-31 14:40:00+00:00,249.61,250.51,247.5101,249.1182,82344.675782,2026-08-01,2026-08-01_000919
ARM,5m,2026-07-31 14:45:00+00:00,248.8,249.33,247.13,249.33,44075.935719,2026-08-01,2026-08-01_000919
ARM,5m,2026-07-31 14:50:00+00:00,249.56,250.2995,247.8,248.53,77096.294615,2026-08-01,2026-08-01_000919
ARM,5m,2026-07-31 14:55:00+00:00,248.27,249.37,247.96,248.44,26828.742056,2026-08-01,2026-08-01_000919
ARM,5m,2026-07-31 15:00:00+00:00,248.335,250.1,247.67,250.015,49026.120474999996,2026-08-01,2026-08-01_000919
ARM,5m,2026-07-31 15:05:00+00:00,250.04,251.525,249.2,249.2,48332.705639,2026-08-01,2026-08-01_000919
ARM,5m,2026-07-31 15:10:00+00:00,248.865,250.12,247.8,248.91,38797.21346,2026-08-01,2026-08-01_000919
ARM,5m,2026-07-31 15:15:00+00:00,248.96,250.65,248.0,248.52,54579.210972,2026-08-01,2026-08-01_000919
ARM,5m,2026-07-31 15:20:00+00:00,248.45,248.57,246.45,247.03,43512.880247999994,2026-08-01,2026-08-01_000919
ARM,5m,2026-07-31 15:25:00+00:00,247.28,247.47,245.149,246.355,56176.67507800001,2026-08-01,2026-08-01_000919
ARM,5m,2026-07-31 15:30:00+00:00,246.74,247.6,245.55,247.5,44968.670486999996,2026-08-01,2026-08-01_000919
ARM,5m,2026-07-31 15:35:00+00:00,247.49,249.1999,247.29,248.29,56555.27196699999,2026-08-01,2026-08-01_000919
ARM,5m,2026-07-31 15:40:00+00:00,248.06,248.71,245.475,246.295,241050.793473,2026-08-01,2026-08-01_000919
ARM,5m,2026-07-31 15:45:00+00:00,246.01,246.53,244.68,245.45,37405.088573,2026-08-01,2026-08-01_000919
ARM,5m,2026-07-31 15:50:00+00:00,245.37,246.16,244.68,245.85,37524.167390999995,2026-08-01,2026-08-01_000919
ARM,5m,2026-07-31 15:55:00+00:00,245.85,246.4141,244.5501,245.54,35437.701394,2026-08-01,2026-08-01_000919
ARM,5m,2026-07-31 16:00:00+00:00,245.8,246.92,245.58,245.975,34919.77671,2026-08-01,2026-08-01_000919
ARM,5m,2026-07-31 16:05:00+00:00,245.975,246.0581,244.6,244.69,45996.412824,2026-08-01,2026-08-01_000919
ARM,5m,2026-07-31 16:10:00+00:00,244.53,245.235,243.7064,244.345,68001.813245,2026-08-01,2026-08-01_000919
ARM,5m,2026-07-31 16:15:00+00:00,244.345,245.7085,243.985,244.905,84743.24299299999,2026-08-01,2026-08-01_000919
ARM,5m,2026-07-31 16:20:00+00:00,244.82,245.1,243.68,244.43,51369.59935,2026-08-01,2026-08-01_000919
ARM,5m,2026-07-31 16:25:00+00:00,244.43,245.42,243.5,245.42,51256.587746,2026-08-01,2026-08-01_000919
ARM,5m,2026-07-31 16:30:00+00:00,245.35,246.21,244.79,244.9686,38906.663427,2026-08-01,2026-08-01_000919
ARM,5m,2026-07-31 16:35:00+00:00,244.785,245.38,244.2,244.79,42192.44680799999,2026-08-01,2026-08-01_000919
ARM,5m,2026-07-31 16:40:00+00:00,244.72,244.72,242.94,243.175,45802.76445,2026-08-01,2026-08-01_000919
ARM,5m,2026-07-31 16:45:00+00:00,243.0,243.53,242.3,243.435,65289.471261000006,2026-08-01,2026-08-01_000919
ARM,5m,2026-07-31 16:50:00+00:00,243.46,244.65,243.445,243.895,61609.578002,2026-08-01,2026-08-01_000919
ARM,5m,2026-07-31 16:55:00+00:00,243.875,244.9999,243.77,244.0,58394.09613600001,2026-08-01,2026-08-01_000919
ARM,5m,2026-07-31 17:00:00+00:00,243.67,244.5,243.5001,244.135,46898.794589,2026-08-01,2026-08-01_000919
ARM,5m,2026-07-31 17:05:00+00:00,243.99,244.4775,243.16,243.515,38197.876338999995,2026-08-01,2026-08-01_000919
ARM,5m,2026-07-31 17:10:00+00:00,243.52,244.9,243.35,244.865,45516.737399000005,2026-08-01,2026-08-01_000919
ARM,5m,2026-07-31 17:15:00+00:00,244.865,245.8758,244.6256,245.11,41530.459332,2026-08-01,2026-08-01_000919
ARM,5m,2026-07-31 17:20:00+00:00,245.1,245.18,243.665,244.71,49978.102450000006,2026-08-01,2026-08-01_000919
ARM,5m,2026-07-31 17:25:00+00:00,244.82,245.9,244.82,245.54,43553.84748,2026-08-01,2026-08-01_000919
ARM,5m,2026-07-31 17:30:00+00:00,245.54,247.19,245.14,247.19,92563.253805,2026-08-01,2026-08-01_000919
ARM,5m,2026-07-31 17:35:00+00:00,246.925,247.9353,246.62,246.62,44133.637387999996,2026-08-01,2026-08-01_000919
ARM,5m,2026-07-31 17:40:00+00:00,246.62,247.7,246.615,247.26,29393.916747,2026-08-01,2026-08-01_000919
ARM,5m,2026-07-31 17:45:00+00:00,247.0,247.47,244.52,245.09,40967.36597600001,2026-08-01,2026-08-01_000919
ARM,5m,2026-07-31 17:50:00+00:00,245.09,245.88,244.6305,245.005,44015.493916,2026-08-01,2026-08-01_000919
ARM,5m,2026-07-31 17:55:00+00:00,245.0,245.53,244.32,244.71,30700.312011999995,2026-08-01,2026-08-01_000919
ARM,5m,2026-07-31 18:00:00+00:00,244.71,245.6769,244.4001,245.27,36420.760471,2026-08-01,2026-08-01_000919
ARM,5m,2026-07-31 18:05:00+00:00,245.26,246.305,244.99,245.265,22132.966552,2026-08-01,2026-08-01_000919
ARM,5m,2026-07-31 18:10:00+00:00,245.265,245.48,243.815,244.065,43135.866961,2026-08-01,2026-08-01_000919
ARM,5m,2026-07-31 18:15:00+00:00,243.995,245.32,243.8675,244.955,31911.052372,2026-08-01,2026-08-01_000919
ARM,5m,2026-07-31 18:20:00+00:00,244.9575,245.6476,244.795,244.92,27160.907156999998,2026-08-01,2026-08-01_000919
ARM,5m,2026-07-31 18:25:00+00:00,244.9264,244.9264,244.12,244.54,23863.000516,2026-08-01,2026-08-01_000919
ARM,5m,2026-07-31 18:30:00+00:00,244.74,244.9145,244.3,244.73,24917.050952999998,2026-08-01,2026-08-01_000919
ARM,5m,2026-07-31 18:35:00+00:00,244.73,245.095,244.11,244.82,33144.033396,2026-08-01,2026-08-01_000919
ARM,5m,2026-07-31 18:40:00+00:00,244.72,245.0,244.485,244.805,22908.936554,2026-08-01,2026-08-01_000919
ARM,5m,2026-07-31 18:45:00+00:00,244.81,245.122,244.5,245.015,19047.521933999997,2026-08-01,2026-08-01_000919
ARM,5m,2026-07-31 18:50:00+00:00,245.12,245.145,244.574,244.68,26207.827022000005,2026-08-01,2026-08-01_000919
ARM,5m,2026-07-31 18:55:00+00:00,244.68,244.81,243.85,244.46,41000.525087,2026-08-01,2026-08-01_000919
ARM,5m,2026-07-31 19:00:00+00:00,244.46,244.79,243.72,243.85,32074.507344,2026-08-01,2026-08-01_000919
ARM,5m,2026-07-31 19:05:00+00:00,243.69,243.955,242.92,243.315,45105.257545,2026-08-01,2026-08-01_000919
ARM,5m,2026-07-31 19:10:00+00:00,243.315,243.575,242.72,242.82,37756.540925,2026-08-01,2026-08-01_000919
ARM,5m,2026-07-31 19:15:00+00:00,242.92,243.839,242.7371,243.57,61074.372244,2026-08-01,2026-08-01_000919
ARM,5m,2026-07-31 19:20:00+00:00,243.57,244.39,243.41,244.02,83582.02665300001,2026-08-01,2026-08-01_000919
ARM,5m,2026-07-31 19:25:00+00:00,244.02,244.13,243.18,243.18,75080.496695,2026-08-01,2026-08-01_000919
ARM,5m,2026-07-31 19:30:00+00:00,243.18,243.5829,242.59,243.485,78067.849973,2026-08-01,2026-08-01_000919
ARM,5m,2026-07-31 19:35:00+00:00,243.475,243.58,241.61,242.28,80770.29409099999,2026-08-01,2026-08-01_000919
ARM,5m,2026-07-31 19:40:00+00:00,242.17,243.0799,241.11,242.4,104181.632601,2026-08-01,2026-08-01_000919
ARM,5m,2026-07-31 19:45:00+00:00,242.4,243.4,242.19,242.415,115928.85690700001,2026-08-01,2026-08-01_000919
ARM,5m,2026-07-31 19:50:00+00:00,242.44,242.44,240.657,241.46,133436.540862,2026-08-01,2026-08-01_000919
ARM,5m,2026-07-31 19:55:00+00:00,241.46,241.54,239.272,239.34,502027.546568,2026-08-01,2026-08-01_000919
ARM,5m,2026-07-31 20:00:00+00:00,239.34,239.91,239.0,239.0,9220.101348,2026-08-01,2026-08-01_000919
ARM,5m,2026-07-31 20:05:00+00:00,238.6,238.6,236.8923,238.38,22785.137931999998,2026-08-01,2026-08-01_000919
ARM,5m,2026-07-31 20:10:00+00:00,238.17,238.17,238.17,238.17,455.0,2026-08-01,2026-08-01_000919
ARM,5m,2026-07-31 20:15:00+00:00,238.01,239.5,237.03,237.88,2846.1926,2026-08-01,2026-08-01_000919
ARM,5m,2026-07-31 20:20:00+00:00,238.3,238.3855,238.0,238.0,743.0,2026-08-01,2026-08-01_000919
ARM,5m,2026-07-31 20:25:00+00:00,237.9,237.9,237.5,237.5,681.0,2026-08-01,2026-08-01_000919
ARM,5m,2026-07-31 20:30:00+00:00,238.0,238.0,238.0,238.0,281.0,2026-08-01,2026-08-01_000919
ARM,5m,2026-07-31 20:35:00+00:00,238.0,239.69,238.0,239.69,5873.0,2026-08-01,2026-08-01_000919
ARM,5m,2026-07-31 20:40:00+00:00,238.5,238.5,238.5,238.5,567.0,2026-08-01,2026-08-01_000919
ARM,5m,2026-07-31 20:45:00+00:00,238.1043,238.1043,238.1043,238.1043,615.0,2026-08-01,2026-08-01_000919
ARM,5m,2026-07-31 20:50:00+00:00,238.0,238.0,237.52,237.52,1838.0,2026-08-01,2026-08-01_000919
ARM,5m,2026-07-31 20:55:00+00:00,237.65,237.65,237.03,237.03,1892.0,2026-08-01,2026-08-01_000919
ARM,5m,2026-07-31 21:00:00+00:00,237.8,237.8,237.8,237.8,2083.0,2026-08-01,2026-08-01_000919
ARM,5m,2026-07-31 21:05:00+00:00,237.11,237.11,237.11,237.11,280.0,2026-08-01,2026-08-01_000919
ARM,5m,2026-07-31 21:10:00+00:00,237.5,237.5,237.5,237.5,207.486776,2026-08-01,2026-08-01_000919
ARM,5m,2026-07-31 21:25:00+00:00,237.11,237.17,237.05,237.05,1651.0,2026-08-01,2026-08-01_000919
ARM,5m,2026-07-31 21:30:00+00:00,237.12,237.35,237.12,237.35,409.0,2026-08-01,2026-08-01_000919
ARM,5m,2026-07-31 21:45:00+00:00,236.61,236.61,236.61,236.61,284.118945,2026-08-01,2026-08-01_000919
ARM,5m,2026-07-31 21:50:00+00:00,236.9,236.9,236.9,236.9,334.0,2026-08-01,2026-08-01_000919
ARM,5m,2026-07-31 22:00:00+00:00,237.23,237.25,236.94,236.97,916.0,2026-08-01,2026-08-01_000919
ARM,5m,2026-07-31 22:05:00+00:00,236.3897,236.3897,236.3897,236.3897,130.0,2026-08-01,2026-08-01_000919
ARM,5m,2026-07-31 22:15:00+00:00,236.49,236.49,236.42,236.42,474.492575,2026-08-01,2026-08-01_000919
ARM,5m,2026-07-31 22:20:00+00:00,236.65,236.65,236.11,236.11,3248.007604,2026-08-01,2026-08-01_000919
ARM,5m,2026-07-31 22:25:00+00:00,236.0,236.0,236.0,236.0,353.0,2026-08-01,2026-08-01_000919
ARM,5m,2026-07-31 22:30:00+00:00,236.0,236.0,236.0,236.0,221.0,2026-08-01,2026-08-01_000919
ARM,5m,2026-07-31 22:40:00+00:00,236.75,237.19,236.75,237.19,1239.0,2026-08-01,2026-08-01_000919
ARM,5m,2026-07-31 22:50:00+00:00,237.25,237.25,236.28,236.28,842.0,2026-08-01,2026-08-01_000919
ARM,5m,2026-07-31 23:00:00+00:00,236.38,236.38,236.15,236.15,3025.0,2026-08-01,2026-08-01_000919
ARM,5m,2026-07-31 23:10:00+00:00,236.45,236.45,236.0,236.0,1594.0,2026-08-01,2026-08-01_000919
ARM,5m,2026-07-31 23:15:00+00:00,235.87,236.95,235.87,236.95,523.0,2026-08-01,2026-08-01_000919
ARM,5m,2026-07-31 23:25:00+00:00,236.22,236.42,236.006,236.006,766.0,2026-08-01,2026-08-01_000919
ARM,5m,2026-07-31 23:30:00+00:00,236.02,236.03,236.0,236.0,419.0,2026-08-01,2026-08-01_000919
ARM,5m,2026-07-31 23:40:00+00:00,236.03,236.03,235.6176,235.6176,787.422746,2026-08-01,2026-08-01_000919
ARM,5m,2026-07-31 23:50:00+00:00,235.9,235.9,235.9,235.9,1052.0,2026-08-01,2026-08-01_000919
ARM,5m,2026-07-31 23:55:00+00:00,235.59,235.59,234.92,234.92,5017.01,2026-08-01,2026-08-01_000919
TSM,5m,2026-07-31 08:00:00+00:00,416.0,418.29,415.9,416.54,19223.592032,2026-08-01,2026-08-01_000919
TSM,5m,2026-07-31 08:05:00+00:00,416.38,418.606,416.37,418.1,16741.028193,2026-08-01,2026-08-01_000919
TSM,5m,2026-07-31 08:10:00+00:00,418.0,418.0,416.79,418.0,4990.661998,2026-08-01,2026-08-01_000919
TSM,5m,2026-07-31 08:15:00+00:00,418.0,419.31,418.0,419.31,11646.159451,2026-08-01,2026-08-01_000919
TSM,5m,2026-07-31 08:20:00+00:00,419.41,419.99,419.14,419.36,21699.170014,2026-08-01,2026-08-01_000919
TSM,5m,2026-07-31 08:25:00+00:00,419.53,421.78,419.14,421.78,16733.277872,2026-08-01,2026-08-01_000919
TSM,5m,2026-07-31 08:30:00+00:00,421.68,422.44,421.0,421.6,14126.432354,2026-08-01,2026-08-01_000919
TSM,5m,2026-07-31 08:35:00+00:00,421.6,421.9,420.0,421.3,6171.207243999999,2026-08-01,2026-08-01_000919
TSM,5m,2026-07-31 08:40:00+00:00,420.49,420.8,419.14,419.6,3600.405184,2026-08-01,2026-08-01_000919
TSM,5m,2026-07-31 08:45:00+00:00,419.71,420.14,419.7,419.7,3691.185375,2026-08-01,2026-08-01_000919
TSM,5m,2026-07-31 08:50:00+00:00,419.48,419.8796,419.48,419.8796,957.090569,2026-08-01,2026-08-01_000919
TSM,5m,2026-07-31 08:55:00+00:00,419.539,420.25,419.5,420.05,7681.779193,2026-08-01,2026-08-01_000919
TSM,5m,2026-07-31 09:00:00+00:00,420.16,420.938,420.03,420.48,8610.431707,2026-08-01,2026-08-01_000919
TSM,5m,2026-07-31 09:05:00+00:00,420.32,421.3,420.32,421.3,2420.657946,2026-08-01,2026-08-01_000919
TSM,5m,2026-07-31 09:10:00+00:00,421.58,421.81,420.03,420.27,17994.387318,2026-08-01,2026-08-01_000919
TSM,5m,2026-07-31 09:15:00+00:00,420.2,420.5,419.14,420.44,6711.265147,2026-08-01,2026-08-01_000919
TSM,5m,2026-07-31 09:20:00+00:00,419.98,420.05,419.5,419.68,3709.2576209999997,2026-08-01,2026-08-01_000919
TSM,5m,2026-07-31 09:25:00+00:00,419.73,420.25,419.14,419.14,7062.151571,2026-08-01,2026-08-01_000919
TSM,5m,2026-07-31 09:30:00+00:00,419.14,419.53,418.01,418.01,9369.585041999999,2026-08-01,2026-08-01_000919
TSM,5m,2026-07-31 09:35:00+00:00,418.32,418.38,417.87,417.89,6942.509266,2026-08-01,2026-08-01_000919
TSM,5m,2026-07-31 09:40:00+00:00,417.99,418.31,417.99,418.31,1035.670964,2026-08-01,2026-08-01_000919
TSM,5m,2026-07-31 09:45:00+00:00,418.44,419.3452,418.44,418.8,2315.240516,2026-08-01,2026-08-01_000919
TSM,5m,2026-07-31 09:50:00+00:00,418.61,418.93,418.5,418.74,2709.003221,2026-08-01,2026-08-01_000919
TSM,5m,2026-07-31 09:55:00+00:00,418.55,418.8763,418.31,418.41,3790.45521,2026-08-01,2026-08-01_000919
TSM,5m,2026-07-31 10:00:00+00:00,418.31,419.0,418.16,418.5,4526.0,2026-08-01,2026-08-01_000919
TSM,5m,2026-07-31 10:05:00+00:00,418.98,418.98,418.2,418.2,1841.407125,2026-08-01,2026-08-01_000919
TSM,5m,2026-07-31 10:10:00+00:00,418.64,419.0,418.6,419.0,8633.330014,2026-08-01,2026-08-01_000919
TSM,5m,2026-07-31 10:15:00+00:00,418.86,418.86,417.6,418.0,12510.354113000001,2026-08-01,2026-08-01_000919
TSM,5m,2026-07-31 10:20:00+00:00,418.47,418.47,418.37,418.37,1044.28024,2026-08-01,2026-08-01_000919
TSM,5m,2026-07-31 10:25:00+00:00,418.18,418.82,418.18,418.82,1323.0,2026-08-01,2026-08-01_000919
TSM,5m,2026-07-31 10:30:00+00:00,418.73,418.88,418.25,418.25,5059.0,2026-08-01,2026-08-01_000919
TSM,5m,2026-07-31 10:35:00+00:00,418.61,418.61,418.28,418.4065,1195.0,2026-08-01,2026-08-01_000919
TSM,5m,2026-07-31 10:40:00+00:00,418.42,418.76,418.42,418.75,1006.242663,2026-08-01,2026-08-01_000919
TSM,5m,2026-07-31 10:45:00+00:00,418.53,418.53,417.76,417.76,3490.663834,2026-08-01,2026-08-01_000919
TSM,5m,2026-07-31 10:50:00+00:00,417.77,418.0,417.74,418.0,1367.287717,2026-08-01,2026-08-01_000919
TSM,5m,2026-07-31 10:55:00+00:00,417.82,417.82,417.5,417.5,2645.222292,2026-08-01,2026-08-01_000919
TSM,5m,2026-07-31 11:00:00+00:00,417.5,419.6323,417.5,419.6028,7638.415783,2026-08-01,2026-08-01_000919
TSM,5m,2026-07-31 11:05:00+00:00,419.5997,419.61,419.12,419.5,3403.9008049999998,2026-08-01,2026-08-01_000919
TSM,5m,2026-07-31 11:10:00+00:00,419.4673,419.5,418.96,419.5,5773.366839,2026-08-01,2026-08-01_000919
TSM,5m,2026-07-31 11:15:00+00:00,419.5,419.6,418.94,419.0,6012.062677,2026-08-01,2026-08-01_000919
TSM,5m,2026-07-31 11:20:00+00:00,418.83,419.0,418.2,419.0,4246.283217,2026-08-01,2026-08-01_000919
TSM,5m,2026-07-31 11:25:00+00:00,419.2256,420.57,418.79,419.97,12084.648786,2026-08-01,2026-08-01_000919
TSM,5m,2026-07-31 11:30:00+00:00,419.44,420.0,419.02,419.27,4144.0517,2026-08-01,2026-08-01_000919
TSM,5m,2026-07-31 11:35:00+00:00,419.1,419.49,418.69,418.69,6700.147329999999,2026-08-01,2026-08-01_000919
TSM,5m,2026-07-31 11:40:00+00:00,418.71,419.4,418.67,419.15,4482.265536,2026-08-01,2026-08-01_000919
TSM,5m,2026-07-31 11:45:00+00:00,419.15,419.26,419.0,419.1242,3379.8487990000003,2026-08-01,2026-08-01_000919
TSM,5m,2026-07-31 11:50:00+00:00,419.4,420.11,419.1085,420.11,5472.676046,2026-08-01,2026-08-01_000919
TSM,5m,2026-07-31 11:55:00+00:00,420.0,420.43,419.8209,420.0,5219.011746,2026-08-01,2026-08-01_000919
TSM,5m,2026-07-31 12:00:00+00:00,420.01,420.01,418.2,418.65,6551.344609,2026-08-01,2026-08-01_000919
TSM,5m,2026-07-31 12:05:00+00:00,418.33,418.8,417.8,417.8,9152.581039,2026-08-01,2026-08-01_000919
TSM,5m,2026-07-31 12:10:00+00:00,417.81,417.81,417.12,417.12,5402.481637,2026-08-01,2026-08-01_000919
TSM,5m,2026-07-31 12:15:00+00:00,417.45,417.45,416.27,416.5,10942.002139,2026-08-01,2026-08-01_000919
TSM,5m,2026-07-31 12:20:00+00:00,416.8,417.75,416.52,417.3,7314.919168,2026-08-01,2026-08-01_000919
TSM,5m,2026-07-31 12:25:00+00:00,417.91,418.1627,417.44,418.15,9414.932265,2026-08-01,2026-08-01_000919
TSM,5m,2026-07-31 12:30:00+00:00,418.0,418.0,416.54,416.74,6521.385434,2026-08-01,2026-08-01_000919
TSM,5m,2026-07-31 12:35:00+00:00,416.86,416.86,416.19,416.5,5484.303272,2026-08-01,2026-08-01_000919
TSM,5m,2026-07-31 12:40:00+00:00,416.5775,417.05,416.4,416.41,6349.110906,2026-08-01,2026-08-01_000919
TSM,5m,2026-07-31 12:45:00+00:00,416.41,416.45,416.03,416.28,5483.364172,2026-08-01,2026-08-01_000919
TSM,5m,2026-07-31 12:50:00+00:00,416.27,417.52,416.04,417.52,3235.364744,2026-08-01,2026-08-01_000919
TSM,5m,2026-07-31 12:55:00+00:00,417.3,417.3,416.5,416.5628,3378.446707,2026-08-01,2026-08-01_000919
TSM,5m,2026-07-31 13:00:00+00:00,416.5628,417.2,416.48,417.04,3159.3135389999998,2026-08-01,2026-08-01_000919
TSM,5m,2026-07-31 13:05:00+00:00,416.6661,417.8,416.6661,417.1557,5198.144876,2026-08-01,2026-08-01_000919
TSM,5m,2026-07-31 13:10:00+00:00,417.8,418.3,416.16,417.26,20711.727787,2026-08-01,2026-08-01_000919
TSM,5m,2026-07-31 13:15:00+00:00,417.25,419.55,417.08,419.26,19485.170578,2026-08-01,2026-08-01_000919
TSM,5m,2026-07-31 13:20:00+00:00,419.38,420.86,418.8535,420.5527,33277.748073,2026-08-01,2026-08-01_000919
TSM,5m,2026-07-31 13:25:00+00:00,420.73,425.0,419.0,420.03,24220.371654000002,2026-08-01,2026-08-01_000919
TSM,5m,2026-07-31 13:30:00+00:00,419.5,420.35,415.85,417.73,968389.001322,2026-08-01,2026-08-01_000919
TSM,5m,2026-07-31 13:35:00+00:00,417.53,418.11,410.71,410.71,635574.5956330001,2026-08-01,2026-08-01_000919
TSM,5m,2026-07-31 13:40:00+00:00,410.85,411.36,405.33,405.5499,537755.275928,2026-08-01,2026-08-01_000919
TSM,5m,2026-07-31 13:45:00+00:00,405.55,408.27,404.66,406.39,463695.06561199995,2026-08-01,2026-08-01_000919
TSM,5m,2026-07-31 13:50:00+00:00,406.31,407.8,404.12,405.44,312316.867649,2026-08-01,2026-08-01_000919
TSM,5m,2026-07-31 13:55:00+00:00,405.5,407.78,404.91,406.1,172019.177184,2026-08-01,2026-08-01_000919
TSM,5m,2026-07-31 14:00:00+00:00,406.28,406.665,402.77,402.81,244653.18203899998,2026-08-01,2026-08-01_000919
TSM,5m,2026-07-31 14:05:00+00:00,402.99,403.92,399.78,400.07,344306.907688,2026-08-01,2026-08-01_000919
TSM,5m,2026-07-31 14:10:00+00:00,400.31,401.88,398.8,401.02,354340.926549,2026-08-01,2026-08-01_000919
TSM,5m,2026-07-31 14:15:00+00:00,401.08,404.58,399.77,403.27,222548.584454,2026-08-01,2026-08-01_000919
TSM,5m,2026-07-31 14:20:00+00:00,403.37,404.95,402.22,403.16,211860.324037,2026-08-01,2026-08-01_000919
TSM,5m,2026-07-31 14:25:00+00:00,403.155,404.9699,402.21,404.77,160807.36000299998,2026-08-01,2026-08-01_000919
TSM,5m,2026-07-31 14:30:00+00:00,404.75,406.19,404.44,405.36,186067.491842,2026-08-01,2026-08-01_000919
TSM,5m,2026-07-31 14:35:00+00:00,405.31,407.8599,405.31,406.9793,211312.639511,2026-08-01,2026-08-01_000919
TSM,5m,2026-07-31 14:40:00+00:00,406.89,407.385,404.55,405.73,99380.191281,2026-08-01,2026-08-01_000919
TSM,5m,2026-07-31 14:45:00+00:00,405.71,407.83,404.11,407.5789,130246.671707,2026-08-01,2026-08-01_000919
TSM,5m,2026-07-31 14:50:00+00:00,407.64,408.36,405.81,405.94,170413.197757,2026-08-01,2026-08-01_000919
TSM,5m,2026-07-31 14:55:00+00:00,405.95,407.7512,405.68,407.3,89390.618978,2026-08-01,2026-08-01_000919
TSM,5m,2026-07-31 15:00:00+00:00,407.29,408.36,406.65,408.165,92809.949687,2026-08-01,2026-08-01_000919
TSM,5m,2026-07-31 15:05:00+00:00,408.27,408.7779,406.35,406.66,79491.741561,2026-08-01,2026-08-01_000919
TSM,5m,2026-07-31 15:10:00+00:00,406.76,406.87,404.6001,406.08,126283.087778,2026-08-01,2026-08-01_000919
TSM,5m,2026-07-31 15:15:00+00:00,406.0,408.01,405.82,406.77,113614.697044,2026-08-01,2026-08-01_000919
TSM,5m,2026-07-31 15:20:00+00:00,406.77,406.93,405.125,405.57,75859.233494,2026-08-01,2026-08-01_000919
TSM,5m,2026-07-31 15:25:00+00:00,405.47,405.7,403.31,404.85,123319.05481200002,2026-08-01,2026-08-01_000919
TSM,5m,2026-07-31 15:30:00+00:00,404.695,406.135,404.1,405.71,89592.071172,2026-08-01,2026-08-01_000919
TSM,5m,2026-07-31 15:35:00+00:00,405.71,407.48,405.71,406.595,94760.098894,2026-08-01,2026-08-01_000919
TSM,5m,2026-07-31 15:40:00+00:00,406.62,406.815,404.77,405.51,69547.661764,2026-08-01,2026-08-01_000919
TSM,5m,2026-07-31 15:45:00+00:00,405.61,405.83,404.35,405.115,53818.469825,2026-08-01,2026-08-01_000919
TSM,5m,2026-07-31 15:50:00+00:00,405.11,406.345,405.11,406.27,77449.80473999999,2026-08-01,2026-08-01_000919
TSM,5m,2026-07-31 15:55:00+00:00,406.32,406.64,404.92,405.565,48797.900082,2026-08-01,2026-08-01_000919
TSM,5m,2026-07-31 16:00:00+00:00,405.64,406.49,405.2125,405.55,53109.259874,2026-08-01,2026-08-01_000919
TSM,5m,2026-07-31 16:05:00+00:00,405.51,405.6542,404.74,405.345,47188.447587,2026-08-01,2026-08-01_000919
TSM,5m,2026-07-31 16:10:00+00:00,405.31,405.695,404.76,405.25,65981.220161,2026-08-01,2026-08-01_000919
TSM,5m,2026-07-31 16:15:00+00:00,405.47,405.5,404.31,405.225,40521.795874,2026-08-01,2026-08-01_000919
TSM,5m,2026-07-31 16:20:00+00:00,405.165,405.88,404.87,405.67,65934.473186,2026-08-01,2026-08-01_000919
TSM,5m,2026-07-31 16:25:00+00:00,405.67,406.425,404.51,406.4,67587.501332,2026-08-01,2026-08-01_000919
TSM,5m,2026-07-31 16:30:00+00:00,406.44,407.439,406.175,406.8801,108020.47700400001,2026-08-01,2026-08-01_000919
TSM,5m,2026-07-31 16:35:00+00:00,407.045,407.92,407.045,407.6,151521.817728,2026-08-01,2026-08-01_000919
TSM,5m,2026-07-31 16:40:00+00:00,407.605,407.625,405.851,406.04,60586.969139,2026-08-01,2026-08-01_000919
TSM,5m,2026-07-31 16:45:00+00:00,405.91,406.8,405.6,406.47,45810.808409,2026-08-01,2026-08-01_000919
TSM,5m,2026-07-31 16:50:00+00:00,406.555,407.515,406.26,406.55,61396.543875999996,2026-08-01,2026-08-01_000919
TSM,5m,2026-07-31 16:55:00+00:00,406.545,407.685,406.47,406.715,102470.740705,2026-08-01,2026-08-01_000919
TSM,5m,2026-07-31 17:00:00+00:00,406.715,407.6247,406.31,407.39,77142.951946,2026-08-01,2026-08-01_000919
TSM,5m,2026-07-31 17:05:00+00:00,407.37,407.645,406.41,406.855,120528.64529799999,2026-08-01,2026-08-01_000919
TSM,5m,2026-07-31 17:10:00+00:00,406.855,407.72,406.54,407.5206,59198.79746400001,2026-08-01,2026-08-01_000919
TSM,5m,2026-07-31 17:15:00+00:00,407.465,407.93,407.11,407.37,40154.92532,2026-08-01,2026-08-01_000919
TSM,5m,2026-07-31 17:20:00+00:00,407.425,408.13,406.53,407.93,43293.610497,2026-08-01,2026-08-01_000919
TSM,5m,2026-07-31 17:25:00+00:00,407.93,408.695,407.67,408.36,54383.39545,2026-08-01,2026-08-01_000919
TSM,5m,2026-07-31 17:30:00+00:00,408.3725,408.98,407.9701,408.79,53722.481725,2026-08-01,2026-08-01_000919
TSM,5m,2026-07-31 17:35:00+00:00,408.75,409.0887,407.76,407.76,52829.669712,2026-08-01,2026-08-01_000919
TSM,5m,2026-07-31 17:40:00+00:00,407.95,408.42,407.57,407.9,62351.323374,2026-08-01,2026-08-01_000919
TSM,5m,2026-07-31 17:45:00+00:00,407.975,408.13,406.47,406.76,54161.764261000004,2026-08-01,2026-08-01_000919
TSM,5m,2026-07-31 17:50:00+00:00,406.76,407.76,406.54,407.14,39099.59901300001,2026-08-01,2026-08-01_000919
TSM,5m,2026-07-31 17:55:00+00:00,407.121,407.59,406.42,406.61,40351.222630000004,2026-08-01,2026-08-01_000919
TSM,5m,2026-07-31 18:00:00+00:00,406.62,407.225,406.32,406.67,55298.48773,2026-08-01,2026-08-01_000919
TSM,5m,2026-07-31 18:05:00+00:00,406.67,407.195,406.3,406.3,39926.465076,2026-08-01,2026-08-01_000919
TSM,5m,2026-07-31 18:10:00+00:00,406.33,406.37,404.82,404.96,76574.840308,2026-08-01,2026-08-01_000919
TSM,5m,2026-07-31 18:15:00+00:00,404.96,406.4439,404.89,405.94,74867.335532,2026-08-01,2026-08-01_000919
TSM,5m,2026-07-31 18:20:00+00:00,405.95,406.3599,405.72,405.88,43673.289661,2026-08-01,2026-08-01_000919
TSM,5m,2026-07-31 18:25:00+00:00,405.965,406.08,405.44,405.99,39901.476986,2026-08-01,2026-08-01_000919
TSM,5m,2026-07-31 18:30:00+00:00,406.005,406.45,405.92,406.27,53393.282389,2026-08-01,2026-08-01_000919
TSM,5m,2026-07-31 18:35:00+00:00,406.23,406.55,405.68,406.295,51138.000714,2026-08-01,2026-08-01_000919
TSM,5m,2026-07-31 18:40:00+00:00,406.3,406.32,405.76,405.91,43133.136564,2026-08-01,2026-08-01_000919
TSM,5m,2026-07-31 18:45:00+00:00,405.8,406.05,405.44,405.99,30806.469620999997,2026-08-01,2026-08-01_000919
TSM,5m,2026-07-31 18:50:00+00:00,406.05,406.4,405.7601,405.82,31536.609335,2026-08-01,2026-08-01_000919
TSM,5m,2026-07-31 18:55:00+00:00,405.81,405.98,404.94,405.4,51512.540399000005,2026-08-01,2026-08-01_000919
TSM,5m,2026-07-31 19:00:00+00:00,405.41,406.25,405.02,405.02,64541.916397,2026-08-01,2026-08-01_000919
TSM,5m,2026-07-31 19:05:00+00:00,405.145,405.5,404.6604,405.4486,67708.723596,2026-08-01,2026-08-01_000919
TSM,5m,2026-07-31 19:10:00+00:00,405.42,405.68,404.7701,405.22,51766.626419,2026-08-01,2026-08-01_000919
TSM,5m,2026-07-31 19:15:00+00:00,405.2758,406.2254,404.89,406.21,59861.51091599999,2026-08-01,2026-08-01_000919
TSM,5m,2026-07-31 19:20:00+00:00,406.21,406.43,405.6,405.7,45532.720093,2026-08-01,2026-08-01_000919
TSM,5m,2026-07-31 19:25:00+00:00,405.64,405.7799,405.16,405.52,55771.589678000004,2026-08-01,2026-08-01_000919
TSM,5m,2026-07-31 19:30:00+00:00,405.44,405.72,404.88,405.565,88069.43717,2026-08-01,2026-08-01_000919
TSM,5m,2026-07-31 19:35:00+00:00,405.58,405.77,405.04,405.275,67921.827127,2026-08-01,2026-08-01_000919
TSM,5m,2026-07-31 19:40:00+00:00,405.28,405.74,404.6,405.675,104075.645023,2026-08-01,2026-08-01_000919
TSM,5m,2026-07-31 19:45:00+00:00,405.675,406.1,405.2,405.7,109007.52478500002,2026-08-01,2026-08-01_000919
TSM,5m,2026-07-31 19:50:00+00:00,405.71,405.95,404.69,405.53,154406.82576799998,2026-08-01,2026-08-01_000919
TSM,5m,2026-07-31 19:55:00+00:00,405.66,405.69,403.82,404.27,854908.424043,2026-08-01,2026-08-01_000919
TSM,5m,2026-07-31 20:00:00+00:00,404.17,406.98,403.8,404.7834,18337.221246,2026-08-01,2026-08-01_000919
TSM,5m,2026-07-31 20:05:00+00:00,404.7486,404.84,403.25,404.77,12514.376294,2026-08-01,2026-08-01_000919
TSM,5m,2026-07-31 20:10:00+00:00,404.54,404.7554,404.3,404.568,2323.458689,2026-08-01,2026-08-01_000919
TSM,5m,2026-07-31 20:15:00+00:00,404.6,404.84,404.6,404.6345,1013.2092279999999,2026-08-01,2026-08-01_000919
TSM,5m,2026-07-31 20:20:00+00:00,404.75,404.84,404.65,404.84,578.012301,2026-08-01,2026-08-01_000919
TSM,5m,2026-07-31 20:25:00+00:00,404.72,404.8055,404.25,404.75,4718.1083419999995,2026-08-01,2026-08-01_000919
TSM,5m,2026-07-31 20:30:00+00:00,405.0,405.1,404.75,404.75,1517.059093,2026-08-01,2026-08-01_000919
TSM,5m,2026-07-31 20:35:00+00:00,405.02,405.18,405.02,405.05,1040.0,2026-08-01,2026-08-01_000919
TSM,5m,2026-07-31 20:40:00+00:00,405.08,405.18,405.0,405.03,2271.256425,2026-08-01,2026-08-01_000919
TSM,5m,2026-07-31 20:45:00+00:00,404.7327,405.04,404.7327,405.0,6024.077078,2026-08-01,2026-08-01_000919
TSM,5m,2026-07-31 20:50:00+00:00,405.04,405.04,404.41,404.695,9806.004842999999,2026-08-01,2026-08-01_000919
TSM,5m,2026-07-31 20:55:00+00:00,404.53,404.685,404.07,404.07,6621.0,2026-08-01,2026-08-01_000919
TSM,5m,2026-07-31 21:00:00+00:00,404.1656,404.55,404.05,404.55,611.5,2026-08-01,2026-08-01_000919
TSM,5m,2026-07-31 21:05:00+00:00,404.48,404.64,404.09,404.64,777.007755,2026-08-01,2026-08-01_000919
TSM,5m,2026-07-31 21:10:00+00:00,404.65,404.7999,404.6,404.6,789.0,2026-08-01,2026-08-01_000919
TSM,5m,2026-07-31 21:15:00+00:00,404.52,404.7425,404.3033,404.52,767.0,2026-08-01,2026-08-01_000919
TSM,5m,2026-07-31 21:20:00+00:00,404.54,404.74,404.2833,404.2833,945.0,2026-08-01,2026-08-01_000919
TSM,5m,2026-07-31 21:25:00+00:00,404.3288,404.7,404.3288,404.7,457.0,2026-08-01,2026-08-01_000919
TSM,5m,2026-07-31 21:30:00+00:00,404.42,404.42,404.2,404.31,767.0,2026-08-01,2026-08-01_000919
TSM,5m,2026-07-31 21:35:00+00:00,404.31,404.37,404.2,404.2,1240.445162,2026-08-01,2026-08-01_000919
TSM,5m,2026-07-31 21:40:00+00:00,404.25,404.5,404.25,404.5,3086.4,2026-08-01,2026-08-01_000919
TSM,5m,2026-07-31 21:45:00+00:00,404.41,404.48,404.0,404.25,3497.65214,2026-08-01,2026-08-01_000919
TSM,5m,2026-07-31 21:50:00+00:00,404.0,404.4,403.97,404.18,2849.1064539999998,2026-08-01,2026-08-01_000919
TSM,5m,2026-07-31 21:55:00+00:00,404.27,404.35,404.27,404.35,1029.0,2026-08-01,2026-08-01_000919
TSM,5m,2026-07-31 22:00:00+00:00,404.5,404.59,404.5,404.5,1658.0,2026-08-01,2026-08-01_000919
TSM,5m,2026-07-31 22:05:00+00:00,404.68,404.68,403.6875,403.6875,880.285486,2026-08-01,2026-08-01_000919
TSM,5m,2026-07-31 22:10:00+00:00,404.2,404.2,403.6,404.0,409.26475400000004,2026-08-01,2026-08-01_000919
TSM,5m,2026-07-31 22:15:00+00:00,403.9426,403.9941,403.63,403.9426,1072.689188,2026-08-01,2026-08-01_000919
TSM,5m,2026-07-31 22:20:00+00:00,403.6,403.6,403.6,403.6,681.6700000000001,2026-08-01,2026-08-01_000919
TSM,5m,2026-07-31 22:25:00+00:00,403.62,403.62,403.15,403.27,4135.070314,2026-08-01,2026-08-01_000919
TSM,5m,2026-07-31 22:30:00+00:00,403.15,403.25,403.12,403.15,1224.3605710000002,2026-08-01,2026-08-01_000919
TSM,5m,2026-07-31 22:35:00+00:00,403.4269,403.868,403.4269,403.868,1181.070898,2026-08-01,2026-08-01_000919
TSM,5m,2026-07-31 22:40:00+00:00,403.7,403.81,403.5,403.65,673.200554,2026-08-01,2026-08-01_000919
TSM,5m,2026-07-31 22:45:00+00:00,403.65,403.8764,403.51,403.51,596.915933,2026-08-01,2026-08-01_000919
TSM,5m,2026-07-31 22:50:00+00:00,403.56,403.98,403.5,403.98,1380.685531,2026-08-01,2026-08-01_000919
TSM,5m,2026-07-31 22:55:00+00:00,403.8981,403.8981,403.8981,403.8981,203.0,2026-08-01,2026-08-01_000919
TSM,5m,2026-07-31 23:00:00+00:00,403.75,403.75,403.75,403.75,102.0,2026-08-01,2026-08-01_000919
TSM,5m,2026-07-31 23:05:00+00:00,403.8,403.8,403.8,403.8,168.0,2026-08-01,2026-08-01_000919
TSM,5m,2026-07-31 23:10:00+00:00,403.62,403.74,403.52,403.52,469.247759,2026-08-01,2026-08-01_000919
TSM,5m,2026-07-31 23:15:00+00:00,403.62,403.62,403.62,403.62,76.0,2026-08-01,2026-08-01_000919
TSM,5m,2026-07-31 23:20:00+00:00,403.6001,403.6001,403.6001,403.6001,137.0,2026-08-01,2026-08-01_000919
TSM,5m,2026-07-31 23:25:00+00:00,403.67,404.0,403.67,404.0,673.104339,2026-08-01,2026-08-01_000919
TSM,5m,2026-07-31 23:30:00+00:00,404.02,404.4063,403.95,404.4063,624.015005,2026-08-01,2026-08-01_000919
TSM,5m,2026-07-31 23:35:00+00:00,404.27,404.482,404.27,404.482,1285.0,2026-08-01,2026-08-01_000919
TSM,5m,2026-07-31 23:40:00+00:00,404.26,404.3,404.0,404.02,1182.321717,2026-08-01,2026-08-01_000919
TSM,5m,2026-07-31 23:45:00+00:00,404.04,404.04,403.6933,403.6998,2479.257419,2026-08-01,2026-08-01_000919
TSM,5m,2026-07-31 23:50:00+00:00,403.84,404.0,403.58,403.8,1350.0,2026-08-01,2026-08-01_000919
TSM,5m,2026-07-31 23:55:00+00:00,404.0,404.1,403.73,404.0,8527.0,2026-08-01,2026-08-01_000919
INTC,5m,2026-07-31 08:00:00+00:00,95.5,95.78,94.95,95.01,74994.939503,2026-08-01,2026-08-01_000919
INTC,5m,2026-07-31 08:05:00+00:00,94.92,95.34,94.83,94.83,33373.342604,2026-08-01,2026-08-01_000919
INTC,5m,2026-07-31 08:10:00+00:00,94.82,95.55,94.71,95.48,41255.780398999996,2026-08-01,2026-08-01_000919
INTC,5m,2026-07-31 08:15:00+00:00,95.49,95.7,95.34,95.7,23200.739345,2026-08-01,2026-08-01_000919
INTC,5m,2026-07-31 08:20:00+00:00,95.71,95.72,95.488,95.5,18972.160209,2026-08-01,2026-08-01_000919
INTC,5m,2026-07-31 08:25:00+00:00,95.6,96.07,95.5503,96.007,32188.193428,2026-08-01,2026-08-01_000919
INTC,5m,2026-07-31 08:30:00+00:00,96.0,96.09,95.88,96.0,19033.325642,2026-08-01,2026-08-01_000919
INTC,5m,2026-07-31 08:35:00+00:00,95.95,96.0,95.72,95.87,29151.785248,2026-08-01,2026-08-01_000919
INTC,5m,2026-07-31 08:40:00+00:00,95.87,95.88,95.68,95.68,57029.219186,2026-08-01,2026-08-01_000919
INTC,5m,2026-07-31 08:45:00+00:00,95.704,96.19,95.68,96.03,28316.923235000002,2026-08-01,2026-08-01_000919
INTC,5m,2026-07-31 08:50:00+00:00,96.12,96.15,95.9,95.912,13357.826343,2026-08-01,2026-08-01_000919
INTC,5m,2026-07-31 08:55:00+00:00,95.91,96.16,95.9,96.06,12863.029038,2026-08-01,2026-08-01_000919
INTC,5m,2026-07-31 09:00:00+00:00,96.09,96.5,96.0133,96.465,43378.20915699999,2026-08-01,2026-08-01_000919
INTC,5m,2026-07-31 09:05:00+00:00,96.39,96.66,96.39,96.57,31058.747864000004,2026-08-01,2026-08-01_000919
INTC,5m,2026-07-31 09:10:00+00:00,96.615,97.07,96.59,96.86,99919.511679,2026-08-01,2026-08-01_000919
INTC,5m,2026-07-31 09:15:00+00:00,96.85,96.905,96.65,96.8,38902.536795,2026-08-01,2026-08-01_000919
INTC,5m,2026-07-31 09:20:00+00:00,96.89,97.0,96.71,96.8,36035.903871,2026-08-01,2026-08-01_000919
INTC,5m,2026-07-31 09:25:00+00:00,96.72,96.84,96.3787,96.3788,29351.847223,2026-08-01,2026-08-01_000919
INTC,5m,2026-07-31 09:30:00+00:00,96.4102,96.5,96.2,96.2,23668.19972,2026-08-01,2026-08-01_000919
INTC,5m,2026-07-31 09:35:00+00:00,96.2,96.3,95.9,96.0,52611.382296,2026-08-01,2026-08-01_000919
INTC,5m,2026-07-31 09:40:00+00:00,96.1,96.35,96.08,96.23,23446.393775,2026-08-01,2026-08-01_000919
INTC,5m,2026-07-31 09:45:00+00:00,96.15,96.2948,96.1425,96.22,12867.717595,2026-08-01,2026-08-01_000919
INTC,5m,2026-07-31 09:50:00+00:00,96.3,96.3,95.82,95.912,17055.173931999998,2026-08-01,2026-08-01_000919
INTC,5m,2026-07-31 09:55:00+00:00,95.9,96.0,95.73,95.8,29032.137164000003,2026-08-01,2026-08-01_000919
INTC,5m,2026-07-31 10:00:00+00:00,95.76,95.9617,95.65,95.8934,10868.934776,2026-08-01,2026-08-01_000919
INTC,5m,2026-07-31 10:05:00+00:00,95.85,96.1,95.7,95.97,22340.434498000002,2026-08-01,2026-08-01_000919
INTC,5m,2026-07-31 10:10:00+00:00,96.09,96.32,96.09,96.1725,22212.591247,2026-08-01,2026-08-01_000919
INTC,5m,2026-07-31 10:15:00+00:00,96.1,96.14,96.0,96.1,13707.0,2026-08-01,2026-08-01_000919
INTC,5m,2026-07-31 10:20:00+00:00,96.14,96.3018,96.14,96.24,11390.514218999999,2026-08-01,2026-08-01_000919
INTC,5m,2026-07-31 10:25:00+00:00,96.15,96.3699,96.11,96.29,13877.969828000001,2026-08-01,2026-08-01_000919
INTC,5m,2026-07-31 10:30:00+00:00,96.33,96.39,96.1,96.1826,10001.539281000001,2026-08-01,2026-08-01_000919
INTC,5m,2026-07-31 10:35:00+00:00,96.13,96.14,95.96,96.09,11400.151131999999,2026-08-01,2026-08-01_000919
INTC,5m,2026-07-31 10:40:00+00:00,96.08,96.3,96.0,96.09,23428.885521,2026-08-01,2026-08-01_000919
INTC,5m,2026-07-31 10:45:00+00:00,96.128,96.14,95.72,95.8,17605.208542,2026-08-01,2026-08-01_000919
INTC,5m,2026-07-31 10:50:00+00:00,95.87,96.0,95.76,95.92,9310.43878,2026-08-01,2026-08-01_000919
INTC,5m,2026-07-31 10:55:00+00:00,95.99,95.99,95.61,95.75,35551.822756,2026-08-01,2026-08-01_000919
INTC,5m,2026-07-31 11:00:00+00:00,95.84,96.6382,95.66,96.45,157930.176983,2026-08-01,2026-08-01_000919
INTC,5m,2026-07-31 11:05:00+00:00,96.5387,96.7,96.3739,96.49,72422.633357,2026-08-01,2026-08-01_000919
INTC,5m,2026-07-31 11:10:00+00:00,96.54,96.62,96.4,96.53,70702.625039,2026-08-01,2026-08-01_000919
INTC,5m,2026-07-31 11:15:00+00:00,96.52,96.62,96.05,96.1783,59122.616048,2026-08-01,2026-08-01_000919
INTC,5m,2026-07-31 11:20:00+00:00,96.0922,96.35,96.06,96.3416,38080.034993,2026-08-01,2026-08-01_000919
INTC,5m,2026-07-31 11:25:00+00:00,96.35,96.51,96.22,96.22,58371.621305,2026-08-01,2026-08-01_000919
INTC,5m,2026-07-31 11:30:00+00:00,96.22,96.2914,95.92,96.1,68335.48002,2026-08-01,2026-08-01_000919
INTC,5m,2026-07-31 11:35:00+00:00,96.0735,96.21,95.81,95.9146,48556.904232,2026-08-01,2026-08-01_000919
INTC,5m,2026-07-31 11:40:00+00:00,95.8961,96.17,95.79,96.0,39623.143578,2026-08-01,2026-08-01_000919
INTC,5m,2026-07-31 11:45:00+00:00,95.99,96.16,95.93,96.16,30126.596342,2026-08-01,2026-08-01_000919
INTC,5m,2026-07-31 11:50:00+00:00,96.0919,96.25,96.07,96.1972,30483.775497999995,2026-08-01,2026-08-01_000919
INTC,5m,2026-07-31 11:55:00+00:00,96.17,96.21,95.87,95.93,66738.021081,2026-08-01,2026-08-01_000919
INTC,5m,2026-07-31 12:00:00+00:00,95.98,95.98,95.41,95.4287,78360.978357,2026-08-01,2026-08-01_000919
INTC,5m,2026-07-31 12:05:00+00:00,95.46,95.53,95.34,95.4156,49978.049856,2026-08-01,2026-08-01_000919
INTC,5m,2026-07-31 12:10:00+00:00,95.3997,95.3997,95.02,95.2,61804.416251,2026-08-01,2026-08-01_000919
INTC,5m,2026-07-31 12:15:00+00:00,95.2614,95.28,94.84,94.89,82292.684449,2026-08-01,2026-08-01_000919
INTC,5m,2026-07-31 12:20:00+00:00,94.89,95.35,94.8209,95.206,94817.041496,2026-08-01,2026-08-01_000919
INTC,5m,2026-07-31 12:25:00+00:00,95.2492,95.45,95.19,95.31,51526.07184,2026-08-01,2026-08-01_000919
INTC,5m,2026-07-31 12:30:00+00:00,95.25,95.25,94.67,94.69,101077.369484,2026-08-01,2026-08-01_000919
INTC,5m,2026-07-31 12:35:00+00:00,94.7,94.75,94.51,94.5946,63828.398512,2026-08-01,2026-08-01_000919
INTC,5m,2026-07-31 12:40:00+00:00,94.65,94.77,94.4,94.68,94429.82658000001,2026-08-01,2026-08-01_000919
INTC,5m,2026-07-31 12:45:00+00:00,94.62,95.1,94.47,94.8721,81402.970296,2026-08-01,2026-08-01_000919
INTC,5m,2026-07-31 12:50:00+00:00,94.86,95.17,94.72,95.0918,39610.90139399999,2026-08-01,2026-08-01_000919
INTC,5m,2026-07-31 12:55:00+00:00,95.04,95.12,94.77,94.77,63508.88464999999,2026-08-01,2026-08-01_000919
INTC,5m,2026-07-31 13:00:00+00:00,94.75,95.2502,94.6,95.212,60737.296879,2026-08-01,2026-08-01_000919
INTC,5m,2026-07-31 13:05:00+00:00,95.24,95.57,95.11,95.57,68908.990515,2026-08-01,2026-08-01_000919
INTC,5m,2026-07-31 13:10:00+00:00,95.6,95.75,95.4723,95.7055,84882.527571,2026-08-01,2026-08-01_000919
INTC,5m,2026-07-31 13:15:00+00:00,95.75,96.05,95.6739,95.9,96280.622145,2026-08-01,2026-08-01_000919
INTC,5m,2026-07-31 13:20:00+00:00,95.88,96.0,95.71,95.94,78087.28010100001,2026-08-01,2026-08-01_000919
INTC,5m,2026-07-31 13:25:00+00:00,96.0,97.25,95.66,96.81,300706.97708,2026-08-01,2026-08-01_000919
INTC,5m,2026-07-31 13:30:00+00:00,96.72,97.9,95.5,97.34,6422490.829016,2026-08-01,2026-08-01_000919
INTC,5m,2026-07-31 13:35:00+00:00,97.3,97.75,96.135,96.5,3858326.0154410005,2026-08-01,2026-08-01_000919
INTC,5m,2026-07-31 13:40:00+00:00,96.48,96.575,93.625,93.63,3933216.233433,2026-08-01,2026-08-01_000919
INTC,5m,2026-07-31 13:45:00+00:00,93.65,94.24,92.69,93.4056,3017310.806869,2026-08-01,2026-08-01_000919
INTC,5m,2026-07-31 13:50:00+00:00,93.3861,94.19,92.74,92.965,3087326.7545689996,2026-08-01,2026-08-01_000919
INTC,5m,2026-07-31 13:55:00+00:00,92.97,93.97,92.75,93.74,1875204.9972460002,2026-08-01,2026-08-01_000919
INTC,5m,2026-07-31 14:00:00+00:00,93.71,94.03,92.71,93.29,2309423.557283,2026-08-01,2026-08-01_000919
INTC,5m,2026-07-31 14:05:00+00:00,93.29,93.77,92.25,92.41,2629370.91683,2026-08-01,2026-08-01_000919
INTC,5m,2026-07-31 14:10:00+00:00,92.41,93.45,91.94,92.79,2457349.0237869998,2026-08-01,2026-08-01_000919
INTC,5m,2026-07-31 14:15:00+00:00,92.8099,93.7,92.26,93.3222,1715146.253599,2026-08-01,2026-08-01_000919
INTC,5m,2026-07-31 14:20:00+00:00,93.3,93.75,92.56,92.885,1737675.972141,2026-08-01,2026-08-01_000919
INTC,5m,2026-07-31 14:25:00+00:00,92.9,93.41,92.4503,93.26,1338534.9033370002,2026-08-01,2026-08-01_000919
INTC,5m,2026-07-31 14:30:00+00:00,93.28,93.635,92.83,93.17,1215143.4829749998,2026-08-01,2026-08-01_000919
INTC,5m,2026-07-31 14:35:00+00:00,93.2,93.64,93.08,93.195,933963.9992889999,2026-08-01,2026-08-01_000919
INTC,5m,2026-07-31 14:40:00+00:00,93.18,93.36,92.4245,92.62,1254661.2252740003,2026-08-01,2026-08-01_000919
INTC,5m,2026-07-31 14:45:00+00:00,92.625,93.54,92.28,93.5201,1312903.1160880001,2026-08-01,2026-08-01_000919
INTC,5m,2026-07-31 14:50:00+00:00,93.54,93.73,92.9507,93.035,1058987.0386080001,2026-08-01,2026-08-01_000919
INTC,5m,2026-07-31 14:55:00+00:00,93.045,93.4299,92.7747,93.105,801183.218814,2026-08-01,2026-08-01_000919
INTC,5m,2026-07-31 15:00:00+00:00,93.12,93.45,92.84,93.42,775505.9894889999,2026-08-01,2026-08-01_000919
INTC,5m,2026-07-31 15:05:00+00:00,93.4125,93.6299,92.86,92.92,674370.0846239999,2026-08-01,2026-08-01_000919
INTC,5m,2026-07-31 15:10:00+00:00,92.9299,92.9753,92.27,92.7,1195880.363921,2026-08-01,2026-08-01_000919
INTC,5m,2026-07-31 15:15:00+00:00,92.72,93.37,92.56,92.67,786399.311297,2026-08-01,2026-08-01_000919
INTC,5m,2026-07-31 15:20:00+00:00,92.66,92.77,92.08,92.0999,788416.357205,2026-08-01,2026-08-01_000919
INTC,5m,2026-07-31 15:25:00+00:00,92.08,92.19,91.335,91.935,1654655.1537120002,2026-08-01,2026-08-01_000919
INTC,5m,2026-07-31 15:30:00+00:00,91.92,92.286,91.51,92.07,1142006.459151,2026-08-01,2026-08-01_000919
INTC,5m,2026-07-31 15:35:00+00:00,92.06,92.7145,92.041,92.38,886349.152379,2026-08-01,2026-08-01_000919
INTC,5m,2026-07-31 15:40:00+00:00,92.37,92.4,91.8,92.0379,694144.154265,2026-08-01,2026-08-01_000919
INTC,5m,2026-07-31 15:45:00+00:00,92.04,92.1246,91.7,91.94,641572.1089609999,2026-08-01,2026-08-01_000919
INTC,5m,2026-07-31 15:50:00+00:00,91.935,92.29,91.9101,92.18,509667.582426,2026-08-01,2026-08-01_000919
INTC,5m,2026-07-31 15:55:00+00:00,92.17,92.31,91.65,91.8992,784804.934107,2026-08-01,2026-08-01_000919
INTC,5m,2026-07-31 16:00:00+00:00,91.86,92.19,91.725,91.9,635443.910758,2026-08-01,2026-08-01_000919
INTC,5m,2026-07-31 16:05:00+00:00,91.9016,91.9199,91.61,91.82,526999.285105,2026-08-01,2026-08-01_000919
INTC,5m,2026-07-31 16:10:00+00:00,91.815,91.95,91.66,91.817434,488198.98387500003,2026-08-01,2026-08-01_000919
INTC,5m,2026-07-31 16:15:00+00:00,91.845,91.95,91.5901,91.84,523700.707045,2026-08-01,2026-08-01_000919
INTC,5m,2026-07-31 16:20:00+00:00,91.84,92.1799,91.72,92.045,532599.773643,2026-08-01,2026-08-01_000919
INTC,5m,2026-07-31 16:25:00+00:00,92.04,92.45,91.805,92.445,673567.5977950001,2026-08-01,2026-08-01_000919
INTC,5m,2026-07-31 16:30:00+00:00,92.4401,92.7199,92.32,92.48,974517.5148840001,2026-08-01,2026-08-01_000919
INTC,5m,2026-07-31 16:35:00+00:00,92.49,92.64,92.4301,92.47,676039.533426,2026-08-01,2026-08-01_000919
INTC,5m,2026-07-31 16:40:00+00:00,92.44,92.4601,91.76,91.815,802157.337515,2026-08-01,2026-08-01_000919
INTC,5m,2026-07-31 16:45:00+00:00,91.81,92.06,91.692,92.04,620564.0729,2026-08-01,2026-08-01_000919
INTC,5m,2026-07-31 16:50:00+00:00,92.07,92.4,92.04,92.125,587515.7109419999,2026-08-01,2026-08-01_000919
INTC,5m,2026-07-31 16:55:00+00:00,92.12,92.41,92.1,92.16,464370.890709,2026-08-01,2026-08-01_000919
INTC,5m,2026-07-31 17:00:00+00:00,92.15,92.45,92.1201,92.21,630487.732526,2026-08-01,2026-08-01_000919
INTC,5m,2026-07-31 17:05:00+00:00,92.2,92.21,91.9,91.97,498900.129659,2026-08-01,2026-08-01_000919
INTC,5m,2026-07-31 17:10:00+00:00,91.98,92.1679,91.85,92.08,491427.88267900003,2026-08-01,2026-08-01_000919
INTC,5m,2026-07-31 17:15:00+00:00,92.08,92.18,91.9705,92.06,374220.484869,2026-08-01,2026-08-01_000919
INTC,5m,2026-07-31 17:20:00+00:00,92.05,92.29,91.8101,92.2583,625644.927209,2026-08-01,2026-08-01_000919
INTC,5m,2026-07-31 17:25:00+00:00,92.26,92.5397,92.22,92.375,622030.127693,2026-08-01,2026-08-01_000919
INTC,5m,2026-07-31 17:30:00+00:00,92.37,92.82,92.25,92.82,665333.746159,2026-08-01,2026-08-01_000919
INTC,5m,2026-07-31 17:35:00+00:00,92.82,93.3299,92.7582,92.97,1210801.62985,2026-08-01,2026-08-01_000919
INTC,5m,2026-07-31 17:40:00+00:00,92.98,93.18,92.81,92.8787,867377.9703490001,2026-08-01,2026-08-01_000919
INTC,5m,2026-07-31 17:45:00+00:00,92.885,92.96,92.35,92.46,681798.272759,2026-08-01,2026-08-01_000919
INTC,5m,2026-07-31 17:50:00+00:00,92.43,92.77,92.36,92.6,621607.900202,2026-08-01,2026-08-01_000919
INTC,5m,2026-07-31 17:55:00+00:00,92.58,92.6699,92.38,92.434,417804.27638,2026-08-01,2026-08-01_000919
INTC,5m,2026-07-31 18:00:00+00:00,92.435,92.62,92.34,92.44,491173.48371,2026-08-01,2026-08-01_000919
INTC,5m,2026-07-31 18:05:00+00:00,92.435,92.73,92.36,92.525,460683.89900800004,2026-08-01,2026-08-01_000919
INTC,5m,2026-07-31 18:10:00+00:00,92.51,92.5787,92.06,92.17,648719.581499,2026-08-01,2026-08-01_000919
INTC,5m,2026-07-31 18:15:00+00:00,92.17,92.78,92.12,92.54,645707.632385,2026-08-01,2026-08-01_000919
INTC,5m,2026-07-31 18:20:00+00:00,92.5547,92.77,92.47,92.62,712502.6871140001,2026-08-01,2026-08-01_000919
INTC,5m,2026-07-31 18:25:00+00:00,92.6,92.7499,92.38,92.6799,576865.001243,2026-08-01,2026-08-01_000919
INTC,5m,2026-07-31 18:30:00+00:00,92.665,92.89,92.665,92.765,480606.669713,2026-08-01,2026-08-01_000919
INTC,5m,2026-07-31 18:35:00+00:00,92.76,92.78,92.5548,92.68,518057.435644,2026-08-01,2026-08-01_000919
INTC,5m,2026-07-31 18:40:00+00:00,92.6683,92.73,92.57,92.62,323994.678565,2026-08-01,2026-08-01_000919
INTC,5m,2026-07-31 18:45:00+00:00,92.61,92.73,92.49,92.6585,379366.114448,2026-08-01,2026-08-01_000919
INTC,5m,2026-07-31 18:50:00+00:00,92.64,92.8,92.61,92.67,360999.275999,2026-08-01,2026-08-01_000919
INTC,5m,2026-07-31 18:55:00+00:00,92.66,92.75,92.37,92.59,462105.40408,2026-08-01,2026-08-01_000919
INTC,5m,2026-07-31 19:00:00+00:00,92.59,92.81,92.38,92.39,542046.7217410001,2026-08-01,2026-08-01_000919
INTC,5m,2026-07-31 19:05:00+00:00,92.3995,92.55,92.23,92.4879,709769.7442099999,2026-08-01,2026-08-01_000919
INTC,5m,2026-07-31 19:10:00+00:00,92.4794,92.499,92.28,92.41,417749.70864200004,2026-08-01,2026-08-01_000919
INTC,5m,2026-07-31 19:15:00+00:00,92.42,92.4765,92.17,92.435,2639632.340014,2026-08-01,2026-08-01_000919
INTC,5m,2026-07-31 19:20:00+00:00,92.43,92.76,92.3507,92.65,913329.66288,2026-08-01,2026-08-01_000919
INTC,5m,2026-07-31 19:25:00+00:00,92.64,92.748,92.45,92.745,907001.5524340001,2026-08-01,2026-08-01_000919
INTC,5m,2026-07-31 19:30:00+00:00,92.7401,92.79,92.33,92.57,885922.489087,2026-08-01,2026-08-01_000919
INTC,5m,2026-07-31 19:35:00+00:00,92.56,92.59,91.951,92.04,914695.849179,2026-08-01,2026-08-01_000919
INTC,5m,2026-07-31 19:40:00+00:00,92.03,92.0479,91.75,91.88,1062523.290304,2026-08-01,2026-08-01_000919
INTC,5m,2026-07-31 19:45:00+00:00,91.88,92.06,91.68,91.97,1243273.169498,2026-08-01,2026-08-01_000919
INTC,5m,2026-07-31 19:50:00+00:00,91.96,91.96,91.3,91.33,2273605.971517,2026-08-01,2026-08-01_000919
INTC,5m,2026-07-31 19:55:00+00:00,91.35,91.37,90.13,90.205,6244587.484835001,2026-08-01,2026-08-01_000919
INTC,5m,2026-07-31 20:00:00+00:00,90.2,90.44,89.718,89.98,323501.425241,2026-08-01,2026-08-01_000919
INTC,5m,2026-07-31 20:05:00+00:00,90.0023,90.1799,89.82,90.08,181976.83296499998,2026-08-01,2026-08-01_000919
INTC,5m,2026-07-31 20:10:00+00:00,90.0201,90.19,89.98,90.18,103880.78374,2026-08-01,2026-08-01_000919
INTC,5m,2026-07-31 20:15:00+00:00,90.1969,90.2,90.05,90.198,81957.152365,2026-08-01,2026-08-01_000919
INTC,5m,2026-07-31 20:20:00+00:00,90.1966,90.2,90.06,90.06,38471.252733,2026-08-01,2026-08-01_000919
INTC,5m,2026-07-31 20:25:00+00:00,90.07,90.1,89.95,90.0,42673.029773,2026-08-01,2026-08-01_000919
INTC,5m,2026-07-31 20:30:00+00:00,90.03,90.12,89.89,90.0746,33136.093333,2026-08-01,2026-08-01_000919
INTC,5m,2026-07-31 20:35:00+00:00,90.19,90.19,90.03,90.1785,25177.982046,2026-08-01,2026-08-01_000919
INTC,5m,2026-07-31 20:40:00+00:00,90.18,90.2,90.05,90.06,41742.702273,2026-08-01,2026-08-01_000919
INTC,5m,2026-07-31 20:45:00+00:00,90.0682,90.19,90.02,90.1446,33962.268519,2026-08-01,2026-08-01_000919
INTC,5m,2026-07-31 20:50:00+00:00,90.15,90.2,89.82,89.8884,46585.914575,2026-08-01,2026-08-01_000919
INTC,5m,2026-07-31 20:55:00+00:00,89.9,89.95,89.77,89.9,59581.971324,2026-08-01,2026-08-01_000919
INTC,5m,2026-07-31 21:00:00+00:00,89.9087,90.04,89.8,89.94,25761.433466000002,2026-08-01,2026-08-01_000919
INTC,5m,2026-07-31 21:05:00+00:00,89.93,90.05,89.93,90.0441,36460.001072,2026-08-01,2026-08-01_000919
INTC,5m,2026-07-31 21:10:00+00:00,90.09,90.11,90.0,90.1,21603.784131,2026-08-01,2026-08-01_000919
INTC,5m,2026-07-31 21:15:00+00:00,90.0831,90.0831,90.0,90.0,25892.654807,2026-08-01,2026-08-01_000919
INTC,5m,2026-07-31 21:20:00+00:00,89.98,90.0,89.97,89.9724,11231.116462,2026-08-01,2026-08-01_000919
INTC,5m,2026-07-31 21:25:00+00:00,90.0,90.0,89.73,89.73,34984.699452999994,2026-08-01,2026-08-01_000919
INTC,5m,2026-07-31 21:30:00+00:00,89.7493,89.75,89.67,89.72,25423.465530999998,2026-08-01,2026-08-01_000919
INTC,5m,2026-07-31 21:35:00+00:00,89.68,89.71,89.57,89.6609,34714.444304,2026-08-01,2026-08-01_000919
INTC,5m,2026-07-31 21:40:00+00:00,89.72,89.772,89.64,89.71,7311.352792,2026-08-01,2026-08-01_000919
INTC,5m,2026-07-31 21:45:00+00:00,89.75,89.762,89.53,89.54,15552.338738999999,2026-08-01,2026-08-01_000919
INTC,5m,2026-07-31 21:50:00+00:00,89.5305,89.69,89.5305,89.6768,12229.238060000001,2026-08-01,2026-08-01_000919
INTC,5m,2026-07-31 21:55:00+00:00,89.75,89.75,89.57,89.6419,18586.089490000002,2026-08-01,2026-08-01_000919
INTC,5m,2026-07-31 22:00:00+00:00,89.6423,89.6423,89.45,89.4892,33765.52934,2026-08-01,2026-08-01_000919
INTC,5m,2026-07-31 22:05:00+00:00,89.45,89.45,89.21,89.3,39493.437741,2026-08-01,2026-08-01_000919
INTC,5m,2026-07-31 22:10:00+00:00,89.3,89.31,89.05,89.1297,48325.56103800001,2026-08-01,2026-08-01_000919
INTC,5m,2026-07-31 22:15:00+00:00,89.144,89.2802,89.13,89.15,16159.917258,2026-08-01,2026-08-01_000919
INTC,5m,2026-07-31 22:20:00+00:00,89.1409,89.2,89.07,89.1,17795.74898,2026-08-01,2026-08-01_000919
INTC,5m,2026-07-31 22:25:00+00:00,89.0274,89.17,89.01,89.1606,19159.972526,2026-08-01,2026-08-01_000919
INTC,5m,2026-07-31 22:30:00+00:00,89.16,89.4,89.1578,89.3646,27166.055936999997,2026-08-01,2026-08-01_000919
INTC,5m,2026-07-31 22:35:00+00:00,89.366,89.5019,89.35,89.5019,19579.873497,2026-08-01,2026-08-01_000919
INTC,5m,2026-07-31 22:40:00+00:00,89.45,89.51,89.45,89.5,11291.272364999999,2026-08-01,2026-08-01_000919
INTC,5m,2026-07-31 22:45:00+00:00,89.5,89.545,89.3562,89.3695,15168.824181,2026-08-01,2026-08-01_000919
INTC,5m,2026-07-31 22:50:00+00:00,89.43,89.5,89.376,89.44,12210.297542,2026-08-01,2026-08-01_000919
INTC,5m,2026-07-31 22:55:00+00:00,89.44,89.4786,89.37,89.38,11148.269503,2026-08-01,2026-08-01_000919
INTC,5m,2026-07-31 23:00:00+00:00,89.41,89.472,89.3,89.411,14026.224825999998,2026-08-01,2026-08-01_000919
INTC,5m,2026-07-31 23:05:00+00:00,89.45,89.4897,89.35,89.47,6676.990231,2026-08-01,2026-08-01_000919
INTC,5m,2026-07-31 23:10:00+00:00,89.4784,89.48,89.41,89.4393,3284.866092,2026-08-01,2026-08-01_000919
INTC,5m,2026-07-31 23:15:00+00:00,89.42,89.49,89.4,89.42,8969.058089999999,2026-08-01,2026-08-01_000919
INTC,5m,2026-07-31 23:20:00+00:00,89.45,89.5,89.42,89.5,5499.375583,2026-08-01,2026-08-01_000919
INTC,5m,2026-07-31 23:25:00+00:00,89.5306,89.59,89.46,89.57,19240.852808,2026-08-01,2026-08-01_000919
INTC,5m,2026-07-31 23:30:00+00:00,89.542,89.5486,89.4112,89.44,15719.679689999999,2026-08-01,2026-08-01_000919
INTC,5m,2026-07-31 23:35:00+00:00,89.48,89.4901,89.3577,89.4,12293.05446,2026-08-01,2026-08-01_000919
INTC,5m,2026-07-31 23:40:00+00:00,89.4399,89.48,89.35,89.35,13355.026939000001,2026-08-01,2026-08-01_000919
INTC,5m,2026-07-31 23:45:00+00:00,89.35,89.4,89.3,89.4,19413.63766,2026-08-01,2026-08-01_000919
INTC,5m,2026-07-31 23:50:00+00:00,89.42,89.46,89.37,89.3815,28018.346400000002,2026-08-01,2026-08-01_000919
INTC,5m,2026-07-31 23:55:00+00:00,89.39,89.39,89.2102,89.2102,64808.7404,2026-08-01,2026-08-01_000919
AMAT,5m,2026-07-31 08:00:00+00:00,523.11,525.71,522.55,522.55,4728.614778,2026-08-01,2026-08-01_000919
AMAT,5m,2026-07-31 08:05:00+00:00,523.12,524.99,522.56,523.25,2291.0189179999998,2026-08-01,2026-08-01_000919
AMAT,5m,2026-07-31 08:10:00+00:00,522.97,523.85,522.57,523.85,799.0,2026-08-01,2026-08-01_000919
AMAT,5m,2026-07-31 08:15:00+00:00,524.43,525.09,524.43,525.0,1645.753178,2026-08-01,2026-08-01_000919
AMAT,5m,2026-07-31 08:20:00+00:00,525.17,525.52,525.17,525.52,421.0,2026-08-01,2026-08-01_000919
AMAT,5m,2026-07-31 08:25:00+00:00,525.0,527.0,525.0,525.57,2660.004331,2026-08-01,2026-08-01_000919
AMAT,5m,2026-07-31 08:30:00+00:00,525.6,526.27,525.06,525.06,1454.207507,2026-08-01,2026-08-01_000919
AMAT,5m,2026-07-31 08:35:00+00:00,524.21,525.0,524.21,525.0,967.139492,2026-08-01,2026-08-01_000919
AMAT,5m,2026-07-31 08:40:00+00:00,525.0,525.0,523.6,523.72,1669.0,2026-08-01,2026-08-01_000919
AMAT,5m,2026-07-31 08:45:00+00:00,524.9383,524.9383,524.93,524.93,1332.009658,2026-08-01,2026-08-01_000919
AMAT,5m,2026-07-31 08:50:00+00:00,524.04,524.04,524.04,524.04,135.0,2026-08-01,2026-08-01_000919
AMAT,5m,2026-07-31 08:55:00+00:00,523.08,524.92,523.08,524.92,696.0,2026-08-01,2026-08-01_000919
AMAT,5m,2026-07-31 09:05:00+00:00,524.35,524.86,524.35,524.86,777.070894,2026-08-01,2026-08-01_000919
AMAT,5m,2026-07-31 09:10:00+00:00,525.14,525.14,525.14,525.14,76.006671,2026-08-01,2026-08-01_000919
AMAT,5m,2026-07-31 09:15:00+00:00,524.42,525.3,524.42,525.3,185.0,2026-08-01,2026-08-01_000919
AMAT,5m,2026-07-31 09:20:00+00:00,523.81,523.81,523.38,523.38,359.0,2026-08-01,2026-08-01_000919
AMAT,5m,2026-07-31 09:25:00+00:00,524.36,524.93,522.51,522.51,1214.627222,2026-08-01,2026-08-01_000919
AMAT,5m,2026-07-31 09:30:00+00:00,523.29,523.29,522.0,522.0,873.287338,2026-08-01,2026-08-01_000919
AMAT,5m,2026-07-31 09:35:00+00:00,522.0,522.0,521.0,521.06,821.287357,2026-08-01,2026-08-01_000919
AMAT,5m,2026-07-31 09:40:00+00:00,522.47,522.54,522.47,522.54,210.0,2026-08-01,2026-08-01_000919
AMAT,5m,2026-07-31 09:50:00+00:00,522.34,522.56,521.0,521.0,1511.04534,2026-08-01,2026-08-01_000919
AMAT,5m,2026-07-31 09:55:00+00:00,521.17,521.17,520.0,520.0,1181.0,2026-08-01,2026-08-01_000919
AMAT,5m,2026-07-31 10:00:00+00:00,520.62,520.66,519.83,520.3938,898.0,2026-08-01,2026-08-01_000919
AMAT,5m,2026-07-31 10:05:00+00:00,520.54,521.0,520.54,521.0,402.0,2026-08-01,2026-08-01_000919
AMAT,5m,2026-07-31 10:35:00+00:00,521.91,521.91,521.25,521.36,657.0,2026-08-01,2026-08-01_000919
AMAT,5m,2026-07-31 10:40:00+00:00,521.91,522.01,521.91,522.01,416.039438,2026-08-01,2026-08-01_000919
AMAT,5m,2026-07-31 10:45:00+00:00,523.0,523.0,521.93,521.93,2052.3822870000004,2026-08-01,2026-08-01_000919
AMAT,5m,2026-07-31 10:55:00+00:00,522.0766,522.0766,522.0766,522.0766,48.0,2026-08-01,2026-08-01_000919
AMAT,5m,2026-07-31 11:00:00+00:00,522.54,527.0064,522.0,526.0,6198.092783,2026-08-01,2026-08-01_000919
AMAT,5m,2026-07-31 11:05:00+00:00,526.29,526.29,526.0,526.0,788.0,2026-08-01,2026-08-01_000919
AMAT,5m,2026-07-31 11:10:00+00:00,525.13,527.24,525.1,527.24,2377.0,2026-08-01,2026-08-01_000919
AMAT,5m,2026-07-31 11:15:00+00:00,526.28,526.75,523.67,523.67,2214.3,2026-08-01,2026-08-01_000919
AMAT,5m,2026-07-31 11:20:00+00:00,523.0,524.0,523.0,524.0,553.940593,2026-08-01,2026-08-01_000919
AMAT,5m,2026-07-31 11:25:00+00:00,523.8,525.4,523.2,524.27,635.2862680000001,2026-08-01,2026-08-01_000919
AMAT,5m,2026-07-31 11:30:00+00:00,522.7376,525.0,522.7376,523.9,603.0318,2026-08-01,2026-08-01_000919
AMAT,5m,2026-07-31 11:35:00+00:00,525.0,525.0,520.4255,524.68,1265.742677,2026-08-01,2026-08-01_000919
AMAT,5m,2026-07-31 11:40:00+00:00,521.5,521.5,521.5,521.5,314.0,2026-08-01,2026-08-01_000919
AMAT,5m,2026-07-31 11:45:00+00:00,522.5,524.0,522.0,523.0,1730.005192,2026-08-01,2026-08-01_000919
AMAT,5m,2026-07-31 11:50:00+00:00,523.0,524.0,523.0,524.0,670.0,2026-08-01,2026-08-01_000919
AMAT,5m,2026-07-31 11:55:00+00:00,523.5271,523.5271,522.0,522.0,2371.0,2026-08-01,2026-08-01_000919
AMAT,5m,2026-07-31 12:00:00+00:00,522.23,522.23,519.9,519.9,5034.171,2026-08-01,2026-08-01_000919
AMAT,5m,2026-07-31 12:05:00+00:00,518.29,519.7096,518.28,518.34,1630.0,2026-08-01,2026-08-01_000919
AMAT,5m,2026-07-31 12:10:00+00:00,518.0,518.0,516.0,517.89,2609.170643,2026-08-01,2026-08-01_000919
AMAT,5m,2026-07-31 12:15:00+00:00,516.0,516.1336,514.6,514.6,1864.314563,2026-08-01,2026-08-01_000919
AMAT,5m,2026-07-31 12:20:00+00:00,514.5,516.89,514.08,515.292,6642.034059,2026-08-01,2026-08-01_000919
AMAT,5m,2026-07-31 12:25:00+00:00,516.0,517.91,514.18,517.91,2834.0,2026-08-01,2026-08-01_000919
AMAT,5m,2026-07-31 12:30:00+00:00,514.81,514.81,511.775,512.1754,2584.1283780000003,2026-08-01,2026-08-01_000919
AMAT,5m,2026-07-31 12:35:00+00:00,514.15,516.89,514.15,516.25,8311.0,2026-08-01,2026-08-01_000919
AMAT,5m,2026-07-31 12:40:00+00:00,515.94,518.61,515.8,517.27,575.0,2026-08-01,2026-08-01_000919
AMAT,5m,2026-07-31 12:45:00+00:00,516.3,517.4,514.6,515.0206,2290.0,2026-08-01,2026-08-01_000919
AMAT,5m,2026-07-31 12:50:00+00:00,517.99,518.02,517.33,517.81,741.0024450000001,2026-08-01,2026-08-01_000919
AMAT,5m,2026-07-31 12:55:00+00:00,517.9,518.99,517.72,518.0,3352.007099,2026-08-01,2026-08-01_000919
AMAT,5m,2026-07-31 13:00:00+00:00,517.96,518.411,517.96,518.411,182.0,2026-08-01,2026-08-01_000919
AMAT,5m,2026-07-31 13:05:00+00:00,518.78,519.6,518.54,518.54,1076.0,2026-08-01,2026-08-01_000919
AMAT,5m,2026-07-31 13:10:00+00:00,519.8,521.5928,519.8,521.5928,2548.002805,2026-08-01,2026-08-01_000919
AMAT,5m,2026-07-31 13:15:00+00:00,521.92,522.93,521.58,522.93,1518.0,2026-08-01,2026-08-01_000919
AMAT,5m,2026-07-31 13:20:00+00:00,523.0,523.83,521.1083,521.4387,3764.581233,2026-08-01,2026-08-01_000919
AMAT,5m,2026-07-31 13:25:00+00:00,525.0,534.0,523.91,529.34,23838.150755000002,2026-08-01,2026-08-01_000919
AMAT,5m,2026-07-31 13:30:00+00:00,531.69,536.54,525.83,530.78,468667.42577800003,2026-08-01,2026-08-01_000919
AMAT,5m,2026-07-31 13:35:00+00:00,530.8125,532.95,523.31,523.635,224324.227372,2026-08-01,2026-08-01_000919
AMAT,5m,2026-07-31 13:40:00+00:00,523.63,526.8,514.57,514.93,250294.48869700002,2026-08-01,2026-08-01_000919
AMAT,5m,2026-07-31 13:45:00+00:00,514.93,520.26,508.0,509.91,189357.630269,2026-08-01,2026-08-01_000919
AMAT,5m,2026-07-31 13:50:00+00:00,509.78,514.18,507.32,509.86,171408.373773,2026-08-01,2026-08-01_000919
AMAT,5m,2026-07-31 13:55:00+00:00,510.48,514.8,509.34,513.28,117382.24210099998,2026-08-01,2026-08-01_000919
AMAT,5m,2026-07-31 14:00:00+00:00,513.8,514.94,509.45,509.45,88152.306955,2026-08-01,2026-08-01_000919
AMAT,5m,2026-07-31 14:05:00+00:00,509.3,512.09,505.03,505.18,105207.826597,2026-08-01,2026-08-01_000919
AMAT,5m,2026-07-31 14:10:00+00:00,505.17,510.0,502.91,508.485,109598.38338700001,2026-08-01,2026-08-01_000919
AMAT,5m,2026-07-31 14:15:00+00:00,508.0,513.76,503.42,513.115,126847.706638,2026-08-01,2026-08-01_000919
AMAT,5m,2026-07-31 14:20:00+00:00,513.14,518.36,511.205,513.74,98111.92409799999,2026-08-01,2026-08-01_000919
AMAT,5m,2026-07-31 14:25:00+00:00,513.85,518.0,511.69,518.0,68519.77634099999,2026-08-01,2026-08-01_000919
AMAT,5m,2026-07-31 14:30:00+00:00,518.11,520.075,515.545,517.64,72385.38031200001,2026-08-01,2026-08-01_000919
AMAT,5m,2026-07-31 14:35:00+00:00,517.11,519.6099,515.53,517.31,55141.399215,2026-08-01,2026-08-01_000919
AMAT,5m,2026-07-31 14:40:00+00:00,516.87,518.12,512.68,514.38,96529.23386,2026-08-01,2026-08-01_000919
AMAT,5m,2026-07-31 14:45:00+00:00,514.52,516.59,511.065,516.03,82012.49748199999,2026-08-01,2026-08-01_000919
AMAT,5m,2026-07-31 14:50:00+00:00,516.24,516.98,512.91,513.595,50664.18522,2026-08-01,2026-08-01_000919
AMAT,5m,2026-07-31 14:55:00+00:00,513.81,516.56,512.605,513.78,46973.944623999996,2026-08-01,2026-08-01_000919
AMAT,5m,2026-07-31 15:00:00+00:00,513.99,516.19,513.09,516.19,62503.653502,2026-08-01,2026-08-01_000919
AMAT,5m,2026-07-31 15:05:00+00:00,516.5,517.43,512.36,512.486,37912.473857000005,2026-08-01,2026-08-01_000919
AMAT,5m,2026-07-31 15:10:00+00:00,512.835,513.375,509.72,512.36,38473.648174,2026-08-01,2026-08-01_000919
AMAT,5m,2026-07-31 15:15:00+00:00,512.12,515.405,511.365,513.185,33555.101220000004,2026-08-01,2026-08-01_000919
AMAT,5m,2026-07-31 15:20:00+00:00,513.16,513.57,509.89,510.05,38461.150514,2026-08-01,2026-08-01_000919
AMAT,5m,2026-07-31 15:25:00+00:00,510.1,511.02,506.03,509.05,52829.94031,2026-08-01,2026-08-01_000919
AMAT,5m,2026-07-31 15:30:00+00:00,509.26,511.437,507.13,511.11,44563.550972,2026-08-01,2026-08-01_000919
AMAT,5m,2026-07-31 15:35:00+00:00,510.6484,514.52,510.6484,512.84,29789.190761,2026-08-01,2026-08-01_000919
AMAT,5m,2026-07-31 15:40:00+00:00,512.855,513.56,508.75,511.22,30576.961577,2026-08-01,2026-08-01_000919
AMAT,5m,2026-07-31 15:45:00+00:00,511.21,511.6284,509.03,511.19,38328.233349,2026-08-01,2026-08-01_000919
AMAT,5m,2026-07-31 15:50:00+00:00,511.455,514.24,511.14,514.23,36764.4637,2026-08-01,2026-08-01_000919
AMAT,5m,2026-07-31 15:55:00+00:00,514.3,515.245,512.075,512.8,34026.397767,2026-08-01,2026-08-01_000919
AMAT,5m,2026-07-31 16:00:00+00:00,513.065,514.9,512.05,513.63,39831.886394999994,2026-08-01,2026-08-01_000919
AMAT,5m,2026-07-31 16:05:00+00:00,513.17,514.065,511.47,513.82,46137.00752,2026-08-01,2026-08-01_000919
AMAT,5m,2026-07-31 16:10:00+00:00,513.87,515.2795,513.29,513.96,36366.046135,2026-08-01,2026-08-01_000919
AMAT,5m,2026-07-31 16:15:00+00:00,514.08,514.85,512.57,514.3825,47901.342881000004,2026-08-01,2026-08-01_000919
AMAT,5m,2026-07-31 16:20:00+00:00,514.19,515.36,513.8,515.0,24607.859643,2026-08-01,2026-08-01_000919
AMAT,5m,2026-07-31 16:25:00+00:00,514.87,517.535,514.04,517.535,32945.102689,2026-08-01,2026-08-01_000919
AMAT,5m,2026-07-31 16:30:00+00:00,517.46,519.19,516.74,518.435,58801.171902,2026-08-01,2026-08-01_000919
AMAT,5m,2026-07-31 16:35:00+00:00,518.3825,519.71,517.5,517.745,39073.918966,2026-08-01,2026-08-01_000919
AMAT,5m,2026-07-31 16:40:00+00:00,517.76,517.805,514.75,515.34,47190.34802800001,2026-08-01,2026-08-01_000919
AMAT,5m,2026-07-31 16:45:00+00:00,515.36,516.135,514.41,514.97,59511.520092,2026-08-01,2026-08-01_000919
AMAT,5m,2026-07-31 16:50:00+00:00,515.125,517.055,515.125,516.075,56334.672996,2026-08-01,2026-08-01_000919
AMAT,5m,2026-07-31 16:55:00+00:00,515.875,519.365,515.875,518.75,66671.42715999999,2026-08-01,2026-08-01_000919
AMAT,5m,2026-07-31 17:00:00+00:00,518.885,520.56,518.46,519.316342,85349.516177,2026-08-01,2026-08-01_000919
AMAT,5m,2026-07-31 17:05:00+00:00,519.23,519.33,517.1132,517.87,55194.628934,2026-08-01,2026-08-01_000919
AMAT,5m,2026-07-31 17:10:00+00:00,518.07,519.31,517.09,518.765,46200.149191,2026-08-01,2026-08-01_000919
AMAT,5m,2026-07-31 17:15:00+00:00,518.9,520.15,518.51,519.905,39549.733457999995,2026-08-01,2026-08-01_000919
AMAT,5m,2026-07-31 17:20:00+00:00,519.9,519.94,517.525,519.365,68679.192782,2026-08-01,2026-08-01_000919
AMAT,5m,2026-07-31 17:25:00+00:00,519.48,520.02,518.72,519.34,41221.611674,2026-08-01,2026-08-01_000919
AMAT,5m,2026-07-31 17:30:00+00:00,519.36,519.97,518.35,519.72,45622.29381,2026-08-01,2026-08-01_000919
AMAT,5m,2026-07-31 17:35:00+00:00,519.81,521.005,518.55,518.55,56701.586778,2026-08-01,2026-08-01_000919
AMAT,5m,2026-07-31 17:40:00+00:00,518.61,519.77,517.85,518.195,30796.546348999997,2026-08-01,2026-08-01_000919
AMAT,5m,2026-07-31 17:45:00+00:00,518.195,519.01,516.56,517.0,35320.369672,2026-08-01,2026-08-01_000919
AMAT,5m,2026-07-31 17:50:00+00:00,517.005,518.62,516.67,517.16,36383.717737,2026-08-01,2026-08-01_000919
AMAT,5m,2026-07-31 17:55:00+00:00,517.44,517.92,516.58,516.96,42595.213536,2026-08-01,2026-08-01_000919
AMAT,5m,2026-07-31 18:00:00+00:00,516.97,517.535,516.0001,516.4225,35644.096317999996,2026-08-01,2026-08-01_000919
AMAT,5m,2026-07-31 18:05:00+00:00,516.325,517.08,515.56,516.3,35116.29875,2026-08-01,2026-08-01_000919
AMAT,5m,2026-07-31 18:10:00+00:00,516.12,516.12,513.5801,514.0,34605.017085,2026-08-01,2026-08-01_000919
AMAT,5m,2026-07-31 18:15:00+00:00,513.98,515.77,513.8,514.42,26566.341529,2026-08-01,2026-08-01_000919
AMAT,5m,2026-07-31 18:20:00+00:00,514.59,515.09,514.0,514.62,25163.193251999997,2026-08-01,2026-08-01_000919
AMAT,5m,2026-07-31 18:25:00+00:00,514.44,516.06,514.255,515.8,60779.589652,2026-08-01,2026-08-01_000919
AMAT,5m,2026-07-31 18:30:00+00:00,516.04,516.96,515.67,516.625,33718.802879,2026-08-01,2026-08-01_000919
AMAT,5m,2026-07-31 18:35:00+00:00,516.61,516.99,515.645,516.42,32980.715179,2026-08-01,2026-08-01_000919
AMAT,5m,2026-07-31 18:40:00+00:00,516.46,516.98,515.97,516.25,27737.169971,2026-08-01,2026-08-01_000919
AMAT,5m,2026-07-31 18:45:00+00:00,516.33,516.8899,515.64,516.2352,28639.171681,2026-08-01,2026-08-01_000919
AMAT,5m,2026-07-31 18:50:00+00:00,516.39,517.09,516.39,516.815,25813.383856,2026-08-01,2026-08-01_000919
AMAT,5m,2026-07-31 18:55:00+00:00,516.95,517.34,515.46,516.05,40217.452944000004,2026-08-01,2026-08-01_000919
AMAT,5m,2026-07-31 19:00:00+00:00,515.83,516.41,514.04,514.04,96741.49216599998,2026-08-01,2026-08-01_000919
AMAT,5m,2026-07-31 19:05:00+00:00,514.15,515.06,513.47,514.01,30751.287880000003,2026-08-01,2026-08-01_000919
AMAT,5m,2026-07-31 19:10:00+00:00,514.13,515.52,514.04,515.03,35842.141672,2026-08-01,2026-08-01_000919
AMAT,5m,2026-07-31 19:15:00+00:00,515.03,515.995,513.82,515.82,160863.04218299998,2026-08-01,2026-08-01_000919
AMAT,5m,2026-07-31 19:20:00+00:00,515.74,516.1,514.8,515.435,74626.100716,2026-08-01,2026-08-01_000919
AMAT,5m,2026-07-31 19:25:00+00:00,515.24,515.32,514.37,515.09,44641.854768000005,2026-08-01,2026-08-01_000919
AMAT,5m,2026-07-31 19:30:00+00:00,515.18,515.805,514.45,515.2,60711.358064,2026-08-01,2026-08-01_000919
AMAT,5m,2026-07-31 19:35:00+00:00,515.205,515.55,514.15,514.71,39175.607793999996,2026-08-01,2026-08-01_000919
AMAT,5m,2026-07-31 19:40:00+00:00,514.625,515.0,513.03,514.9475,71407.57791400001,2026-08-01,2026-08-01_000919
AMAT,5m,2026-07-31 19:45:00+00:00,515.02,516.0,514.3305,515.54,72241.160539,2026-08-01,2026-08-01_000919
AMAT,5m,2026-07-31 19:50:00+00:00,515.52,515.76,511.79,511.935,110287.054236,2026-08-01,2026-08-01_000919
AMAT,5m,2026-07-31 19:55:00+00:00,511.935,512.455,507.58,507.64,487755.66743000003,2026-08-01,2026-08-01_000919
AMAT,5m,2026-07-31 20:00:00+00:00,507.67,514.0,507.0,508.0,34127.793628,2026-08-01,2026-08-01_000919
AMAT,5m,2026-07-31 20:05:00+00:00,507.67,507.67,506.0,507.67,8225.625767,2026-08-01,2026-08-01_000919
AMAT,5m,2026-07-31 20:10:00+00:00,508.22,510.39,508.04,510.0,14384.60793,2026-08-01,2026-08-01_000919
AMAT,5m,2026-07-31 20:15:00+00:00,512.1594,512.1594,508.01,508.3184,2312.0726999999997,2026-08-01,2026-08-01_000919
AMAT,5m,2026-07-31 20:20:00+00:00,509.98,509.98,509.98,509.98,71.33805,2026-08-01,2026-08-01_000919
AMAT,5m,2026-07-31 20:25:00+00:00,508.3945,508.3945,506.5,506.5,5384.0,2026-08-01,2026-08-01_000919
AMAT,5m,2026-07-31 20:30:00+00:00,507.67,507.67,507.4,507.67,1849.0,2026-08-01,2026-08-01_000919
AMAT,5m,2026-07-31 20:35:00+00:00,507.5662,507.67,507.05,507.5,1409.0,2026-08-01,2026-08-01_000919
AMAT,5m,2026-07-31 20:40:00+00:00,507.66,508.0,507.66,507.7431,1270.0,2026-08-01,2026-08-01_000919
AMAT,5m,2026-07-31 20:50:00+00:00,508.5,509.095,507.0,508.2,4015.196834,2026-08-01,2026-08-01_000919
AMAT,5m,2026-07-31 20:55:00+00:00,507.98,508.0,506.5,506.5,3617.0,2026-08-01,2026-08-01_000919
AMAT,5m,2026-07-31 21:00:00+00:00,506.2,507.92,506.2,507.7359,654.0,2026-08-01,2026-08-01_000919
AMAT,5m,2026-07-31 21:05:00+00:00,509.0,509.0,508.03,508.03,327.00615700000003,2026-08-01,2026-08-01_000919
AMAT,5m,2026-07-31 21:10:00+00:00,508.345,508.345,508.345,508.345,56.0,2026-08-01,2026-08-01_000919
AMAT,5m,2026-07-31 21:15:00+00:00,507.72,508.0,507.72,508.0,499.0,2026-08-01,2026-08-01_000919
AMAT,5m,2026-07-31 21:20:00+00:00,507.5903,508.44,507.5903,508.44,343.0,2026-08-01,2026-08-01_000919
AMAT,5m,2026-07-31 21:25:00+00:00,507.3,507.32,507.3,507.32,932.0,2026-08-01,2026-08-01_000919
AMAT,5m,2026-07-31 21:30:00+00:00,507.0,507.0,506.5,506.5,955.0,2026-08-01,2026-08-01_000919
AMAT,5m,2026-07-31 21:35:00+00:00,506.5,506.82,506.08,506.08,297.0,2026-08-01,2026-08-01_000919
AMAT,5m,2026-07-31 21:40:00+00:00,508.44,508.44,506.08,506.08,215.002379,2026-08-01,2026-08-01_000919
AMAT,5m,2026-07-31 21:45:00+00:00,506.74,507.95,506.74,506.74,1072.191047,2026-08-01,2026-08-01_000919
AMAT,5m,2026-07-31 21:50:00+00:00,506.22,506.25,506.22,506.25,805.0,2026-08-01,2026-08-01_000919
AMAT,5m,2026-07-31 21:55:00+00:00,506.9,506.9,506.85,506.85,249.0,2026-08-01,2026-08-01_000919
AMAT,5m,2026-07-31 22:00:00+00:00,506.42,506.42,506.42,506.42,104.0,2026-08-01,2026-08-01_000919
AMAT,5m,2026-07-31 22:05:00+00:00,506.68,506.69,506.68,506.69,97.0,2026-08-01,2026-08-01_000919
AMAT,5m,2026-07-31 22:15:00+00:00,506.9,506.9,506.9,506.9,276.0,2026-08-01,2026-08-01_000919
AMAT,5m,2026-07-31 22:20:00+00:00,506.02,506.02,506.0,506.0,607.011857,2026-08-01,2026-08-01_000919
AMAT,5m,2026-07-31 22:25:00+00:00,505.61,505.61,505.61,505.61,106.0,2026-08-01,2026-08-01_000919
AMAT,5m,2026-07-31 22:30:00+00:00,506.67,506.67,506.67,506.67,93.0,2026-08-01,2026-08-01_000919
AMAT,5m,2026-07-31 22:35:00+00:00,505.0,507.0,505.0,507.0,504.0,2026-08-01,2026-08-01_000919
AMAT,5m,2026-07-31 22:40:00+00:00,506.8,506.8,506.8,506.8,219.0,2026-08-01,2026-08-01_000919
AMAT,5m,2026-07-31 22:45:00+00:00,507.5,507.5,507.5,507.5,200.0,2026-08-01,2026-08-01_000919
AMAT,5m,2026-07-31 22:50:00+00:00,506.22,506.22,506.22,506.22,105.0,2026-08-01,2026-08-01_000919
AMAT,5m,2026-07-31 23:00:00+00:00,507.7381,507.7381,507.11,507.11,170.0,2026-08-01,2026-08-01_000919
AMAT,5m,2026-07-31 23:10:00+00:00,508.0,508.0,508.0,508.0,223.0,2026-08-01,2026-08-01_000919
AMAT,5m,2026-07-31 23:15:00+00:00,507.31,507.31,507.31,507.31,115.0,2026-08-01,2026-08-01_000919
AMAT,5m,2026-07-31 23:20:00+00:00,506.5,506.5,506.5,506.5,71.0,2026-08-01,2026-08-01_000919
AMAT,5m,2026-07-31 23:40:00+00:00,506.5,506.5,505.0,505.0,271.00548100000003,2026-08-01,2026-08-01_000919
AMAT,5m,2026-07-31 23:45:00+00:00,506.0,506.0,506.0,506.0,499.0,2026-08-01,2026-08-01_000919
AMAT,5m,2026-07-31 23:50:00+00:00,505.75,506.02,505.75,505.81,199.0,2026-08-01,2026-08-01_000919
AMAT,5m,2026-07-31 23:55:00+00:00,505.83,507.0,505.75,507.0,511.4,2026-08-01,2026-08-01_000919
LRCX,5m,2026-07-31 08:00:00+00:00,309.99,309.99,309.48,309.48,1393.063518,2026-08-01,2026-08-01_000919
LRCX,5m,2026-07-31 08:10:00+00:00,308.32,308.32,308.0,308.0,1640.0,2026-08-01,2026-08-01_000919
LRCX,5m,2026-07-31 08:15:00+00:00,310.0,310.8,310.0,310.8,2248.356354,2026-08-01,2026-08-01_000919
LRCX,5m,2026-07-31 08:20:00+00:00,308.09,308.09,308.09,308.09,372.0,2026-08-01,2026-08-01_000919
LRCX,5m,2026-07-31 08:25:00+00:00,310.82,310.89,310.5,310.89,2126.0,2026-08-01,2026-08-01_000919
LRCX,5m,2026-07-31 08:30:00+00:00,311.85,311.97,311.6,311.6,1115.411694,2026-08-01,2026-08-01_000919
LRCX,5m,2026-07-31 08:35:00+00:00,310.82,310.82,310.82,310.82,479.0,2026-08-01,2026-08-01_000919
LRCX,5m,2026-07-31 08:45:00+00:00,310.75,311.27,310.75,311.27,1085.01749,2026-08-01,2026-08-01_000919
LRCX,5m,2026-07-31 08:50:00+00:00,310.75,310.75,310.75,310.75,317.0,2026-08-01,2026-08-01_000919
LRCX,5m,2026-07-31 08:55:00+00:00,310.55,310.55,310.4,310.4,589.01597,2026-08-01,2026-08-01_000919
LRCX,5m,2026-07-31 09:00:00+00:00,310.84,311.05,310.84,310.84,858.0,2026-08-01,2026-08-01_000919
LRCX,5m,2026-07-31 09:05:00+00:00,311.75,311.75,311.75,311.75,531.0,2026-08-01,2026-08-01_000919
LRCX,5m,2026-07-31 09:10:00+00:00,311.69,312.05,311.69,311.99,3257.0,2026-08-01,2026-08-01_000919
LRCX,5m,2026-07-31 09:15:00+00:00,312.27,312.27,312.27,312.27,200.0,2026-08-01,2026-08-01_000919
LRCX,5m,2026-07-31 09:20:00+00:00,312.77,312.77,310.5,310.64,542.0,2026-08-01,2026-08-01_000919
LRCX,5m,2026-07-31 09:25:00+00:00,310.87,310.87,310.1,310.52,4820.06483,2026-08-01,2026-08-01_000919
LRCX,5m,2026-07-31 09:30:00+00:00,310.76,310.76,310.69,310.69,637.0,2026-08-01,2026-08-01_000919
LRCX,5m,2026-07-31 09:35:00+00:00,309.45,309.45,309.45,309.45,220.0,2026-08-01,2026-08-01_000919
LRCX,5m,2026-07-31 09:40:00+00:00,309.02,309.02,309.02,309.02,304.0,2026-08-01,2026-08-01_000919
LRCX,5m,2026-07-31 09:45:00+00:00,309.66,309.66,309.59,309.59,1080.0,2026-08-01,2026-08-01_000919
LRCX,5m,2026-07-31 10:10:00+00:00,309.41,309.41,309.41,309.41,378.0,2026-08-01,2026-08-01_000919
LRCX,5m,2026-07-31 10:15:00+00:00,310.0,310.0,309.98,309.98,1087.0,2026-08-01,2026-08-01_000919
LRCX,5m,2026-07-31 10:35:00+00:00,309.87,309.87,309.87,309.87,378.0,2026-08-01,2026-08-01_000919
LRCX,5m,2026-07-31 10:40:00+00:00,310.0,310.42,310.0,310.42,285.065088,2026-08-01,2026-08-01_000919
LRCX,5m,2026-07-31 10:55:00+00:00,309.65,309.65,309.45,309.45,895.112479,2026-08-01,2026-08-01_000919
LRCX,5m,2026-07-31 11:00:00+00:00,309.6325,312.52,309.6325,312.24,3009.142749,2026-08-01,2026-08-01_000919
LRCX,5m,2026-07-31 11:05:00+00:00,312.49,314.1,312.49,314.1,4773.0,2026-08-01,2026-08-01_000919
LRCX,5m,2026-07-31 11:10:00+00:00,313.96,314.8,313.4,314.0,5514.220404,2026-08-01,2026-08-01_000919
LRCX,5m,2026-07-31 11:15:00+00:00,313.0,313.15,312.0,312.3,3333.837441,2026-08-01,2026-08-01_000919
LRCX,5m,2026-07-31 11:20:00+00:00,312.0762,312.24,311.54,312.14,3370.439862,2026-08-01,2026-08-01_000919
LRCX,5m,2026-07-31 11:25:00+00:00,311.7985,312.89,311.79,312.7073,1441.0,2026-08-01,2026-08-01_000919
LRCX,5m,2026-07-31 11:30:00+00:00,312.17,312.17,311.0,311.0,2253.0344,2026-08-01,2026-08-01_000919
LRCX,5m,2026-07-31 11:35:00+00:00,311.5,311.5,310.88,311.0,1073.3600000000001,2026-08-01,2026-08-01_000919
LRCX,5m,2026-07-31 11:40:00+00:00,310.52,310.52,310.39,310.39,1659.059053,2026-08-01,2026-08-01_000919
LRCX,5m,2026-07-31 11:45:00+00:00,310.5996,312.0,310.45,312.0,2408.0,2026-08-01,2026-08-01_000919
LRCX,5m,2026-07-31 11:50:00+00:00,311.39,312.1626,311.39,312.0,615.0,2026-08-01,2026-08-01_000919
LRCX,5m,2026-07-31 11:55:00+00:00,311.95,312.34,311.95,312.34,696.0,2026-08-01,2026-08-01_000919
LRCX,5m,2026-07-31 12:00:00+00:00,311.08,311.08,309.68,309.68,1502.0,2026-08-01,2026-08-01_000919
LRCX,5m,2026-07-31 12:05:00+00:00,309.4,309.4,309.0,309.0,2009.5,2026-08-01,2026-08-01_000919
LRCX,5m,2026-07-31 12:10:00+00:00,308.7959,308.7959,307.74,307.8,1943.012638,2026-08-01,2026-08-01_000919
LRCX,5m,2026-07-31 12:15:00+00:00,307.0,308.25,306.6,306.6,4125.0,2026-08-01,2026-08-01_000919
LRCX,5m,2026-07-31 12:20:00+00:00,309.27,309.27,307.4486,307.4486,848.0,2026-08-01,2026-08-01_000919
LRCX,5m,2026-07-31 12:25:00+00:00,309.25,311.7616,309.23,310.1,2265.039995,2026-08-01,2026-08-01_000919
LRCX,5m,2026-07-31 12:30:00+00:00,310.16,311.0,308.0,308.0,6330.009652000001,2026-08-01,2026-08-01_000919
LRCX,5m,2026-07-31 12:35:00+00:00,308.0,310.0716,307.89,308.48,3768.0,2026-08-01,2026-08-01_000919
LRCX,5m,2026-07-31 12:40:00+00:00,307.68,308.48,307.52,308.48,1033.0,2026-08-01,2026-08-01_000919
LRCX,5m,2026-07-31 12:45:00+00:00,308.5,308.6,307.7,308.23,1353.161715,2026-08-01,2026-08-01_000919
LRCX,5m,2026-07-31 12:50:00+00:00,308.5,311.1,308.5,311.1,2362.0,2026-08-01,2026-08-01_000919
LRCX,5m,2026-07-31 12:55:00+00:00,309.9,310.0,309.27,309.27,1158.0,2026-08-01,2026-08-01_000919
LRCX,5m,2026-07-31 13:00:00+00:00,308.5,309.8,307.57,309.8,3840.0,2026-08-01,2026-08-01_000919
LRCX,5m,2026-07-31 13:05:00+00:00,310.3106,311.2856,310.3106,310.71,962.0,2026-08-01,2026-08-01_000919
LRCX,5m,2026-07-31 13:10:00+00:00,310.13,311.98,310.13,311.5,1642.0,2026-08-01,2026-08-01_000919
LRCX,5m,2026-07-31 13:15:00+00:00,311.25,313.678,311.25,313.678,5776.253274000001,2026-08-01,2026-08-01_000919
LRCX,5m,2026-07-31 13:20:00+00:00,312.3,312.98,312.3,312.59,412092.0,2026-08-01,2026-08-01_000919
LRCX,5m,2026-07-31 13:25:00+00:00,313.88,318.35,311.96,313.68,13324.810554,2026-08-01,2026-08-01_000919
LRCX,5m,2026-07-31 13:30:00+00:00,315.37,318.4,311.33,314.25,632348.983367,2026-08-01,2026-08-01_000919
LRCX,5m,2026-07-31 13:35:00+00:00,314.075,315.685,310.16,310.41,471453.197956,2026-08-01,2026-08-01_000919
LRCX,5m,2026-07-31 13:40:00+00:00,310.410105,312.75,304.945,304.975,294884.46741499996,2026-08-01,2026-08-01_000919
LRCX,5m,2026-07-31 13:45:00+00:00,305.32,307.68,299.91,301.415,206474.456443,2026-08-01,2026-08-01_000919
LRCX,5m,2026-07-31 13:50:00+00:00,301.13,303.51,299.0,299.85,154053.967235,2026-08-01,2026-08-01_000919
LRCX,5m,2026-07-31 13:55:00+00:00,299.7475,302.51,299.13,302.19,137901.173374,2026-08-01,2026-08-01_000919
LRCX,5m,2026-07-31 14:00:00+00:00,301.96,303.19,299.52,299.52,145816.66732500002,2026-08-01,2026-08-01_000919
LRCX,5m,2026-07-31 14:05:00+00:00,299.4172,300.55,295.95,296.54,187553.320469,2026-08-01,2026-08-01_000919
LRCX,5m,2026-07-31 14:10:00+00:00,296.13,297.92,294.33,297.017217,309439.30386600003,2026-08-01,2026-08-01_000919
LRCX,5m,2026-07-31 14:15:00+00:00,297.01,303.19,295.19,302.02,179574.756394,2026-08-01,2026-08-01_000919
LRCX,5m,2026-07-31 14:20:00+00:00,301.59,304.14,300.46,301.68,166735.849821,2026-08-01,2026-08-01_000919
LRCX,5m,2026-07-31 14:25:00+00:00,301.6,303.32,300.38,303.145,131300.135663,2026-08-01,2026-08-01_000919
LRCX,5m,2026-07-31 14:30:00+00:00,303.49,304.19,301.32,302.65,145378.875402,2026-08-01,2026-08-01_000919
LRCX,5m,2026-07-31 14:35:00+00:00,302.645,304.18,301.65,302.05,81317.711797,2026-08-01,2026-08-01_000919
LRCX,5m,2026-07-31 14:40:00+00:00,302.47,302.78,299.06,299.89,109066.28615700001,2026-08-01,2026-08-01_000919
LRCX,5m,2026-07-31 14:45:00+00:00,300.03,301.32,298.02,300.99,105929.84179899999,2026-08-01,2026-08-01_000919
LRCX,5m,2026-07-31 14:50:00+00:00,300.99,301.62,299.715,300.15,95602.135461,2026-08-01,2026-08-01_000919
LRCX,5m,2026-07-31 14:55:00+00:00,300.12,302.1,299.45,300.75,72304.946229,2026-08-01,2026-08-01_000919
LRCX,5m,2026-07-31 15:00:00+00:00,300.86,302.53,300.57,302.53,119916.47260600001,2026-08-01,2026-08-01_000919
LRCX,5m,2026-07-31 15:05:00+00:00,302.6,303.185,300.715,300.89,82356.40906500001,2026-08-01,2026-08-01_000919
LRCX,5m,2026-07-31 15:10:00+00:00,300.73,300.87,297.925,299.03,111904.86975900001,2026-08-01,2026-08-01_000919
LRCX,5m,2026-07-31 15:15:00+00:00,299.065,301.2,298.69,299.94,72128.711584,2026-08-01,2026-08-01_000919
LRCX,5m,2026-07-31 15:20:00+00:00,299.97,300.045,297.41,297.84,86341.641132,2026-08-01,2026-08-01_000919
LRCX,5m,2026-07-31 15:25:00+00:00,297.62,298.04,295.23,297.2925,101839.184301,2026-08-01,2026-08-01_000919
LRCX,5m,2026-07-31 15:30:00+00:00,297.31,298.8728,296.29,298.235,112215.758814,2026-08-01,2026-08-01_000919
LRCX,5m,2026-07-31 15:35:00+00:00,298.37,300.44,298.36,299.755,108338.103767,2026-08-01,2026-08-01_000919
LRCX,5m,2026-07-31 15:40:00+00:00,299.755,300.16,297.37,298.72,95109.34273899999,2026-08-01,2026-08-01_000919
LRCX,5m,2026-07-31 15:45:00+00:00,298.88,299.28,297.46,298.9223,76645.242988,2026-08-01,2026-08-01_000919
LRCX,5m,2026-07-31 15:50:00+00:00,299.28,301.34,299.09,301.32,134573.709593,2026-08-01,2026-08-01_000919
LRCX,5m,2026-07-31 15:55:00+00:00,301.24,301.79,300.42,301.18,138566.498188,2026-08-01,2026-08-01_000919
LRCX,5m,2026-07-31 16:00:00+00:00,301.305,302.26,300.82,301.1,73216.35316500001,2026-08-01,2026-08-01_000919
LRCX,5m,2026-07-31 16:05:00+00:00,301.145,301.48,300.25,301.13,199244.607572,2026-08-01,2026-08-01_000919
LRCX,5m,2026-07-31 16:10:00+00:00,301.0,301.73,300.32,300.96,52362.827358,2026-08-01,2026-08-01_000919
LRCX,5m,2026-07-31 16:15:00+00:00,300.91,301.3,299.79,301.14,68663.851092,2026-08-01,2026-08-01_000919
LRCX,5m,2026-07-31 16:20:00+00:00,300.97,301.38,300.55,301.1925,55573.069828,2026-08-01,2026-08-01_000919
LRCX,5m,2026-07-31 16:25:00+00:00,301.195,302.73,300.32,302.52,56264.844807,2026-08-01,2026-08-01_000919
LRCX,5m,2026-07-31 16:30:00+00:00,302.74,303.67,302.39,302.8,78244.650205,2026-08-01,2026-08-01_000919
LRCX,5m,2026-07-31 16:35:00+00:00,303.0,303.3794,302.37,303.09,38145.976999,2026-08-01,2026-08-01_000919
LRCX,5m,2026-07-31 16:40:00+00:00,303.085,303.085,301.0,301.15,64162.88574800001,2026-08-01,2026-08-01_000919
LRCX,5m,2026-07-31 16:45:00+00:00,301.225,301.72,300.7201,301.3,36883.303488,2026-08-01,2026-08-01_000919
LRCX,5m,2026-07-31 16:50:00+00:00,301.59,302.48,301.41,301.41,31738.729789999998,2026-08-01,2026-08-01_000919
LRCX,5m,2026-07-31 16:55:00+00:00,301.61,302.84,301.37,301.92,44502.826521999996,2026-08-01,2026-08-01_000919
LRCX,5m,2026-07-31 17:00:00+00:00,302.1,303.42,301.52,302.845,53098.830023,2026-08-01,2026-08-01_000919
LRCX,5m,2026-07-31 17:05:00+00:00,302.65,302.65,301.55,301.855,38141.392674999996,2026-08-01,2026-08-01_000919
LRCX,5m,2026-07-31 17:10:00+00:00,302.01,302.5,301.245,302.2,58487.958268999995,2026-08-01,2026-08-01_000919
LRCX,5m,2026-07-31 17:15:00+00:00,302.11,303.02,301.825,303.02,63351.885776,2026-08-01,2026-08-01_000919
LRCX,5m,2026-07-31 17:20:00+00:00,302.98,302.98,301.7,302.81,84413.963447,2026-08-01,2026-08-01_000919
LRCX,5m,2026-07-31 17:25:00+00:00,302.84,303.88,302.7301,303.43,62639.870941,2026-08-01,2026-08-01_000919
LRCX,5m,2026-07-31 17:30:00+00:00,303.33,304.775,303.26,304.45,126969.064923,2026-08-01,2026-08-01_000919
LRCX,5m,2026-07-31 17:35:00+00:00,304.62,305.47,303.785,303.8,84171.17045900002,2026-08-01,2026-08-01_000919
LRCX,5m,2026-07-31 17:40:00+00:00,303.69,304.26,303.08,303.195,52093.232221,2026-08-01,2026-08-01_000919
LRCX,5m,2026-07-31 17:45:00+00:00,303.195,303.83,302.9,302.965,66152.422013,2026-08-01,2026-08-01_000919
LRCX,5m,2026-07-31 17:50:00+00:00,302.98,304.06,302.88,303.125,63528.071174,2026-08-01,2026-08-01_000919
LRCX,5m,2026-07-31 17:55:00+00:00,303.26,303.42,302.3,302.86,42289.634313999995,2026-08-01,2026-08-01_000919
LRCX,5m,2026-07-31 18:00:00+00:00,302.75,303.24,301.92,302.18,69989.88684,2026-08-01,2026-08-01_000919
LRCX,5m,2026-07-31 18:05:00+00:00,302.145,302.55,301.53,301.69,69653.15590499999,2026-08-01,2026-08-01_000919
LRCX,5m,2026-07-31 18:10:00+00:00,301.69,301.82,300.315,300.51,53908.469660999996,2026-08-01,2026-08-01_000919
LRCX,5m,2026-07-31 18:15:00+00:00,300.425,302.09,300.4166,301.54,73682.34676300001,2026-08-01,2026-08-01_000919
LRCX,5m,2026-07-31 18:20:00+00:00,301.54,301.85,301.165,301.445,72862.83393,2026-08-01,2026-08-01_000919
LRCX,5m,2026-07-31 18:25:00+00:00,301.32,301.415,300.68,301.05,389930.988603,2026-08-01,2026-08-01_000919
LRCX,5m,2026-07-31 18:30:00+00:00,301.14,301.95,301.065,301.68,36693.094622000004,2026-08-01,2026-08-01_000919
LRCX,5m,2026-07-31 18:35:00+00:00,301.51,302.02,301.05,301.86,34018.503037999995,2026-08-01,2026-08-01_000919
LRCX,5m,2026-07-31 18:40:00+00:00,301.87,301.89,301.385,301.58,34273.573533,2026-08-01,2026-08-01_000919
LRCX,5m,2026-07-31 18:45:00+00:00,301.57,301.98,301.18,301.795,32671.0832,2026-08-01,2026-08-01_000919
LRCX,5m,2026-07-31 18:50:00+00:00,302.0,302.3097,301.7001,301.985,26964.804197,2026-08-01,2026-08-01_000919
LRCX,5m,2026-07-31 18:55:00+00:00,301.96,302.19,300.95,301.605,65091.82479799999,2026-08-01,2026-08-01_000919
LRCX,5m,2026-07-31 19:00:00+00:00,301.44,302.12,300.235,300.355,44446.504022,2026-08-01,2026-08-01_000919
LRCX,5m,2026-07-31 19:05:00+00:00,300.33,300.61,299.95,300.295,63032.88474300001,2026-08-01,2026-08-01_000919
LRCX,5m,2026-07-31 19:10:00+00:00,300.2,301.075,300.07,300.31,53885.378054,2026-08-01,2026-08-01_000919
LRCX,5m,2026-07-31 19:15:00+00:00,300.325,301.09,299.81,300.88,66869.787379,2026-08-01,2026-08-01_000919
LRCX,5m,2026-07-31 19:20:00+00:00,300.87,301.0275,299.5601,299.7,78978.385905,2026-08-01,2026-08-01_000919
LRCX,5m,2026-07-31 19:25:00+00:00,299.81,300.17,299.51,299.74,80257.087866,2026-08-01,2026-08-01_000919
LRCX,5m,2026-07-31 19:30:00+00:00,299.83,300.21,298.65,298.9201,101416.830773,2026-08-01,2026-08-01_000919
LRCX,5m,2026-07-31 19:35:00+00:00,299.04,299.205,298.32,298.6,121719.619884,2026-08-01,2026-08-01_000919
LRCX,5m,2026-07-31 19:40:00+00:00,298.6,299.43,297.96,299.39,104062.662431,2026-08-01,2026-08-01_000919
LRCX,5m,2026-07-31 19:45:00+00:00,299.41,301.0,299.3122,300.705,158186.571321,2026-08-01,2026-08-01_000919
LRCX,5m,2026-07-31 19:50:00+00:00,300.7,300.94,297.23,297.41,235392.514992,2026-08-01,2026-08-01_000919
LRCX,5m,2026-07-31 19:55:00+00:00,297.6,297.6,292.93,293.01,1148969.405039,2026-08-01,2026-08-01_000919
LRCX,5m,2026-07-31 20:00:00+00:00,293.02,297.3361,292.97,293.69,93605.538845,2026-08-01,2026-08-01_000919
LRCX,5m,2026-07-31 20:05:00+00:00,293.02,293.02,292.0,293.0,7854.0,2026-08-01,2026-08-01_000919
LRCX,5m,2026-07-31 20:10:00+00:00,293.02,293.15,293.02,293.15,3641.497758,2026-08-01,2026-08-01_000919
LRCX,5m,2026-07-31 20:15:00+00:00,292.5293,293.22,292.5293,293.22,729.169161,2026-08-01,2026-08-01_000919
LRCX,5m,2026-07-31 20:30:00+00:00,292.1581,293.02,292.1581,293.02,825.0,2026-08-01,2026-08-01_000919
LRCX,5m,2026-07-31 20:35:00+00:00,292.9394,293.02,292.9394,293.02,2083.0,2026-08-01,2026-08-01_000919
LRCX,5m,2026-07-31 20:40:00+00:00,293.02,293.02,293.02,293.02,1119.181334,2026-08-01,2026-08-01_000919
LRCX,5m,2026-07-31 20:45:00+00:00,293.02,293.49,293.02,293.49,771.0,2026-08-01,2026-08-01_000919
LRCX,5m,2026-07-31 20:50:00+00:00,293.61,293.61,292.0,292.0,2117.66,2026-08-01,2026-08-01_000919
LRCX,5m,2026-07-31 20:55:00+00:00,290.38,291.5,290.38,291.5,3952.0,2026-08-01,2026-08-01_000919
LRCX,5m,2026-07-31 21:05:00+00:00,292.68,292.97,292.68,292.97,556.0,2026-08-01,2026-08-01_000919
LRCX,5m,2026-07-31 21:15:00+00:00,292.2,292.53,292.2,292.53,630.0,2026-08-01,2026-08-01_000919
LRCX,5m,2026-07-31 21:20:00+00:00,292.5,292.5,292.5,292.5,445.0,2026-08-01,2026-08-01_000919
LRCX,5m,2026-07-31 21:25:00+00:00,292.2,292.2,292.2,292.2,1471.0,2026-08-01,2026-08-01_000919
LRCX,5m,2026-07-31 21:30:00+00:00,291.5424,291.5424,291.5424,291.5424,236.0,2026-08-01,2026-08-01_000919
LRCX,5m,2026-07-31 21:35:00+00:00,291.5,291.5,291.5,291.5,105.0,2026-08-01,2026-08-01_000919
LRCX,5m,2026-07-31 21:40:00+00:00,292.0,292.2586,292.0,292.2586,231.0,2026-08-01,2026-08-01_000919
LRCX,5m,2026-07-31 21:50:00+00:00,291.0122,291.0122,291.0122,291.0122,125.0,2026-08-01,2026-08-01_000919
LRCX,5m,2026-07-31 21:55:00+00:00,291.5577,291.5577,291.5577,291.5577,123.0,2026-08-01,2026-08-01_000919
LRCX,5m,2026-07-31 22:05:00+00:00,292.04,292.04,292.04,292.04,348.0,2026-08-01,2026-08-01_000919
LRCX,5m,2026-07-31 22:15:00+00:00,292.01,292.01,292.01,292.01,263.0,2026-08-01,2026-08-01_000919
LRCX,5m,2026-07-31 22:20:00+00:00,292.35,292.35,292.35,292.35,113.0,2026-08-01,2026-08-01_000919
LRCX,5m,2026-07-31 22:25:00+00:00,291.86,291.86,291.86,291.86,160.0,2026-08-01,2026-08-01_000919
LRCX,5m,2026-07-31 22:30:00+00:00,291.3655,291.97,291.3655,291.97,456.0,2026-08-01,2026-08-01_000919
LRCX,5m,2026-07-31 22:35:00+00:00,291.52,291.52,291.52,291.52,105.0,2026-08-01,2026-08-01_000919
LRCX,5m,2026-07-31 22:40:00+00:00,292.5,292.5,292.5,292.5,195.0,2026-08-01,2026-08-01_000919
LRCX,5m,2026-07-31 22:45:00+00:00,292.11,292.11,292.05,292.05,502.0,2026-08-01,2026-08-01_000919
LRCX,5m,2026-07-31 22:55:00+00:00,292.05,292.3509,292.05,292.3509,365.0,2026-08-01,2026-08-01_000919
LRCX,5m,2026-07-31 23:10:00+00:00,292.15,292.15,292.15,292.15,425.0,2026-08-01,2026-08-01_000919
LRCX,5m,2026-07-31 23:15:00+00:00,292.5,292.5,292.5,292.5,296.0,2026-08-01,2026-08-01_000919
LRCX,5m,2026-07-31 23:30:00+00:00,293.0,293.0,293.0,293.0,188.0,2026-08-01,2026-08-01_000919
LRCX,5m,2026-07-31 23:40:00+00:00,292.01,292.12,292.01,292.12,445.0,2026-08-01,2026-08-01_000919
LRCX,5m,2026-07-31 23:50:00+00:00,292.25,292.25,292.25,292.25,141.0,2026-08-01,2026-08-01_000919
LRCX,5m,2026-07-31 23:55:00+00:00,292.0,292.1,292.0,292.1,489.0,2026-08-01,2026-08-01_000919
MRVL,5m,2026-07-31 08:00:00+00:00,195.93,196.8194,195.54,195.82,16823.991613,2026-08-01,2026-08-01_000919
MRVL,5m,2026-07-31 08:05:00+00:00,195.23,197.86,195.23,196.57,18657.506093,2026-08-01,2026-08-01_000919
MRVL,5m,2026-07-31 08:10:00+00:00,196.5,198.87,196.0858,198.8,30741.445297,2026-08-01,2026-08-01_000919
MRVL,5m,2026-07-31 08:15:00+00:00,198.66,199.4,197.79,199.4,16318.358046,2026-08-01,2026-08-01_000919
MRVL,5m,2026-07-31 08:20:00+00:00,199.07,199.31,197.99,197.99,16028.980169999999,2026-08-01,2026-08-01_000919
MRVL,5m,2026-07-31 08:25:00+00:00,198.1,199.29,198.1,199.29,7850.3403769999995,2026-08-01,2026-08-01_000919
MRVL,5m,2026-07-31 08:30:00+00:00,199.0,199.36,198.5,199.07,9171.937163999999,2026-08-01,2026-08-01_000919
MRVL,5m,2026-07-31 08:35:00+00:00,198.6,198.7,198.3155,198.5,10045.464132,2026-08-01,2026-08-01_000919
MRVL,5m,2026-07-31 08:40:00+00:00,198.2497,198.2497,197.82,197.99,5524.015781,2026-08-01,2026-08-01_000919
MRVL,5m,2026-07-31 08:45:00+00:00,197.75,198.5,197.67,198.3,6655.7434410000005,2026-08-01,2026-08-01_000919
MRVL,5m,2026-07-31 08:50:00+00:00,198.3,198.33,198.01,198.01,1452.5373140000002,2026-08-01,2026-08-01_000919
MRVL,5m,2026-07-31 08:55:00+00:00,198.12,198.76,198.1,198.3733,7266.844759,2026-08-01,2026-08-01_000919
MRVL,5m,2026-07-31 09:00:00+00:00,198.284,199.47,198.284,199.43,9234.941355,2026-08-01,2026-08-01_000919
MRVL,5m,2026-07-31 09:05:00+00:00,199.4,199.6,198.8188,199.6,16512.358575,2026-08-01,2026-08-01_000919
MRVL,5m,2026-07-31 09:10:00+00:00,199.8,200.13,199.3304,199.4,24293.248248,2026-08-01,2026-08-01_000919
MRVL,5m,2026-07-31 09:15:00+00:00,199.67,200.05,199.06,199.9,20340.224899,2026-08-01,2026-08-01_000919
MRVL,5m,2026-07-31 09:20:00+00:00,199.53,199.97,198.79,199.07,25136.903576,2026-08-01,2026-08-01_000919
MRVL,5m,2026-07-31 09:25:00+00:00,199.0,199.5,198.33,198.38,14354.112719,2026-08-01,2026-08-01_000919
MRVL,5m,2026-07-31 09:30:00+00:00,198.6,198.61,197.81,198.0,21817.768334999997,2026-08-01,2026-08-01_000919
MRVL,5m,2026-07-31 09:35:00+00:00,198.0,198.02,197.46,197.46,8249.014963,2026-08-01,2026-08-01_000919
MRVL,5m,2026-07-31 09:40:00+00:00,197.84,198.49,197.67,197.75,14049.020279,2026-08-01,2026-08-01_000919
MRVL,5m,2026-07-31 09:45:00+00:00,198.16,198.17,197.54,197.61,11409.982199,2026-08-01,2026-08-01_000919
MRVL,5m,2026-07-31 09:50:00+00:00,197.8,198.0,197.71,197.71,4038.3197450000002,2026-08-01,2026-08-01_000919
MRVL,5m,2026-07-31 09:55:00+00:00,197.28,197.28,196.57,196.73,6859.777488,2026-08-01,2026-08-01_000919
MRVL,5m,2026-07-31 10:00:00+00:00,196.72,196.91,196.48,196.8,4548.550473,2026-08-01,2026-08-01_000919
MRVL,5m,2026-07-31 10:05:00+00:00,196.61,197.21,196.33,197.05,6431.247206,2026-08-01,2026-08-01_000919
MRVL,5m,2026-07-31 10:10:00+00:00,197.27,197.94,197.27,197.49,8234.561355,2026-08-01,2026-08-01_000919
MRVL,5m,2026-07-31 10:15:00+00:00,197.6,197.6,197.4,197.4,2989.9880670000002,2026-08-01,2026-08-01_000919
MRVL,5m,2026-07-31 10:20:00+00:00,197.81,197.81,197.3772,197.3772,5153.3676,2026-08-01,2026-08-01_000919
MRVL,5m,2026-07-31 10:25:00+00:00,196.9933,197.55,196.9933,197.55,2401.751134,2026-08-01,2026-08-01_000919
MRVL,5m,2026-07-31 10:30:00+00:00,197.858,198.0,197.7638,198.0,3621.7912269999997,2026-08-01,2026-08-01_000919
MRVL,5m,2026-07-31 10:35:00+00:00,197.99,198.15,197.7,197.91,6762.176945,2026-08-01,2026-08-01_000919
MRVL,5m,2026-07-31 10:40:00+00:00,197.88,198.48,197.88,198.3,4611.491582,2026-08-01,2026-08-01_000919
MRVL,5m,2026-07-31 10:45:00+00:00,198.3,198.35,197.2,197.2,5527.718376000001,2026-08-01,2026-08-01_000919
MRVL,5m,2026-07-31 10:50:00+00:00,197.28,197.68,196.9,197.52,10802.0,2026-08-01,2026-08-01_000919
MRVL,5m,2026-07-31 10:55:00+00:00,197.57,197.61,197.12,197.12,4621.75,2026-08-01,2026-08-01_000919
MRVL,5m,2026-07-31 11:00:00+00:00,197.45,199.5,197.25,198.88,49877.795506,2026-08-01,2026-08-01_000919
MRVL,5m,2026-07-31 11:05:00+00:00,199.07,199.25,198.31,198.8256,18552.146188,2026-08-01,2026-08-01_000919
MRVL,5m,2026-07-31 11:10:00+00:00,198.6,198.6,198.08,198.26,14004.780498,2026-08-01,2026-08-01_000919
MRVL,5m,2026-07-31 11:15:00+00:00,198.24,198.5,196.68,196.96,26533.73116,2026-08-01,2026-08-01_000919
MRVL,5m,2026-07-31 11:20:00+00:00,196.81,197.1328,196.81,197.1223,7490.00704,2026-08-01,2026-08-01_000919
MRVL,5m,2026-07-31 11:25:00+00:00,196.9,197.93,196.68,197.0,20680.448915,2026-08-01,2026-08-01_000919
MRVL,5m,2026-07-31 11:30:00+00:00,196.8,196.8,196.14,196.5,17553.54,2026-08-01,2026-08-01_000919
MRVL,5m,2026-07-31 11:35:00+00:00,196.5,196.6572,195.88,195.88,40274.179664999996,2026-08-01,2026-08-01_000919
MRVL,5m,2026-07-31 11:40:00+00:00,195.91,196.99,195.91,196.82,12826.143940999998,2026-08-01,2026-08-01_000919
MRVL,5m,2026-07-31 11:45:00+00:00,196.546,196.83,196.38,196.4,10563.947358,2026-08-01,2026-08-01_000919
MRVL,5m,2026-07-31 11:50:00+00:00,196.6,196.66,196.0,196.07,15909.810934,2026-08-01,2026-08-01_000919
MRVL,5m,2026-07-31 11:55:00+00:00,196.0,196.25,195.71,196.1,10847.162762,2026-08-01,2026-08-01_000919
MRVL,5m,2026-07-31 12:00:00+00:00,196.5,196.5,194.42,194.6794,42463.47663600001,2026-08-01,2026-08-01_000919
MRVL,5m,2026-07-31 12:05:00+00:00,194.5,194.8527,194.09,194.09,20563.896295,2026-08-01,2026-08-01_000919
MRVL,5m,2026-07-31 12:10:00+00:00,194.02,194.2,193.6,194.0,24323.591574,2026-08-01,2026-08-01_000919
MRVL,5m,2026-07-31 12:15:00+00:00,193.68,193.68,192.88,193.0,22679.155981,2026-08-01,2026-08-01_000919
MRVL,5m,2026-07-31 12:20:00+00:00,193.72,194.48,193.35,194.0,12860.952245999999,2026-08-01,2026-08-01_000919
MRVL,5m,2026-07-31 12:25:00+00:00,194.01,194.5,193.7639,194.37,16157.312558,2026-08-01,2026-08-01_000919
MRVL,5m,2026-07-31 12:30:00+00:00,194.0,194.5,193.01,193.5,39951.295889,2026-08-01,2026-08-01_000919
MRVL,5m,2026-07-31 12:35:00+00:00,193.62,193.85,193.19,193.5,16369.166003999999,2026-08-01,2026-08-01_000919
MRVL,5m,2026-07-31 12:40:00+00:00,193.6417,193.6417,192.65,193.29,17471.884977,2026-08-01,2026-08-01_000919
MRVL,5m,2026-07-31 12:45:00+00:00,193.2,193.3758,192.4,192.76,25381.359392,2026-08-01,2026-08-01_000919
MRVL,5m,2026-07-31 12:50:00+00:00,192.6,194.15,192.53,193.75,16334.378239,2026-08-01,2026-08-01_000919
MRVL,5m,2026-07-31 12:55:00+00:00,193.96,194.38,192.9634,192.9994,24639.803195,2026-08-01,2026-08-01_000919
MRVL,5m,2026-07-31 13:00:00+00:00,192.99,193.96,192.66,193.76,12892.555786,2026-08-01,2026-08-01_000919
MRVL,5m,2026-07-31 13:05:00+00:00,193.61,194.7,193.5,194.63,16582.299938,2026-08-01,2026-08-01_000919
MRVL,5m,2026-07-31 13:10:00+00:00,194.63,195.4,194.63,195.0,27956.290822,2026-08-01,2026-08-01_000919
MRVL,5m,2026-07-31 13:15:00+00:00,195.02,197.2,195.02,197.0449,36676.918680999996,2026-08-01,2026-08-01_000919
MRVL,5m,2026-07-31 13:20:00+00:00,197.0,197.5,196.33,197.5,48817.108726,2026-08-01,2026-08-01_000919
MRVL,5m,2026-07-31 13:25:00+00:00,197.88,200.26,197.88,199.59,169846.131792,2026-08-01,2026-08-01_000919
MRVL,5m,2026-07-31 13:30:00+00:00,199.375,200.48,195.6,199.04,1967230.267309,2026-08-01,2026-08-01_000919
MRVL,5m,2026-07-31 13:35:00+00:00,198.98,201.35,196.0818,196.18,1140078.7268479997,2026-08-01,2026-08-01_000919
MRVL,5m,2026-07-31 13:40:00+00:00,196.185,197.2,192.3604,192.83,876621.21016,2026-08-01,2026-08-01_000919
MRVL,5m,2026-07-31 13:45:00+00:00,192.86,194.81,190.69,192.05,953887.0363589999,2026-08-01,2026-08-01_000919
MRVL,5m,2026-07-31 13:50:00+00:00,191.8,193.8699,189.372,190.36,748198.6444590001,2026-08-01,2026-08-01_000919
MRVL,5m,2026-07-31 13:55:00+00:00,190.48,193.5253,190.31,193.07,497478.206874,2026-08-01,2026-08-01_000919
MRVL,5m,2026-07-31 14:00:00+00:00,193.01,193.76,190.5801,191.24,532675.50832,2026-08-01,2026-08-01_000919
MRVL,5m,2026-07-31 14:05:00+00:00,191.04,191.99,187.96,188.6,543039.749032,2026-08-01,2026-08-01_000919
MRVL,5m,2026-07-31 14:10:00+00:00,188.64,189.6,187.12,188.72,648685.346218,2026-08-01,2026-08-01_000919
MRVL,5m,2026-07-31 14:15:00+00:00,188.715,191.88,187.5,191.0,447493.65367399994,2026-08-01,2026-08-01_000919
MRVL,5m,2026-07-31 14:20:00+00:00,190.975,192.81,189.8,190.68,465380.809399,2026-08-01,2026-08-01_000919
MRVL,5m,2026-07-31 14:25:00+00:00,190.655,192.54,189.74,192.3,301161.63970099995,2026-08-01,2026-08-01_000919
MRVL,5m,2026-07-31 14:30:00+00:00,192.35,193.6598,192.0001,192.86,401176.84219600004,2026-08-01,2026-08-01_000919
MRVL,5m,2026-07-31 14:35:00+00:00,192.74,194.59,192.7,193.79,426453.39804400003,2026-08-01,2026-08-01_000919
MRVL,5m,2026-07-31 14:40:00+00:00,193.6,194.29,191.3,192.36,378826.239504,2026-08-01,2026-08-01_000919
MRVL,5m,2026-07-31 14:45:00+00:00,192.37,193.64,191.15,193.5075,242927.074726,2026-08-01,2026-08-01_000919
MRVL,5m,2026-07-31 14:50:00+00:00,193.52,193.89,192.45,192.8301,314278.953882,2026-08-01,2026-08-01_000919
MRVL,5m,2026-07-31 14:55:00+00:00,192.93,193.65,192.2974,192.61,340944.294815,2026-08-01,2026-08-01_000919
MRVL,5m,2026-07-31 15:00:00+00:00,192.7,193.4,191.848,193.4,233868.690599,2026-08-01,2026-08-01_000919
MRVL,5m,2026-07-31 15:05:00+00:00,193.4,193.85,191.8395,192.035,212697.20619199998,2026-08-01,2026-08-01_000919
MRVL,5m,2026-07-31 15:10:00+00:00,192.03,192.41,190.4,191.89,239478.808745,2026-08-01,2026-08-01_000919
MRVL,5m,2026-07-31 15:15:00+00:00,191.895,193.7,191.5,191.6525,272056.842302,2026-08-01,2026-08-01_000919
MRVL,5m,2026-07-31 15:20:00+00:00,191.64,191.7899,190.37,190.67,212264.996095,2026-08-01,2026-08-01_000919
MRVL,5m,2026-07-31 15:25:00+00:00,190.55,190.91,188.8655,190.09,359418.66114700004,2026-08-01,2026-08-01_000919
MRVL,5m,2026-07-31 15:30:00+00:00,190.14,190.65,188.57,189.745,171707.47925,2026-08-01,2026-08-01_000919
MRVL,5m,2026-07-31 15:35:00+00:00,189.85,191.5,189.74,190.635,200239.510518,2026-08-01,2026-08-01_000919
MRVL,5m,2026-07-31 15:40:00+00:00,190.52,190.9499,189.2207,190.14,202974.743419,2026-08-01,2026-08-01_000919
MRVL,5m,2026-07-31 15:45:00+00:00,190.24,190.4999,189.5,190.36,169112.98864499998,2026-08-01,2026-08-01_000919
MRVL,5m,2026-07-31 15:50:00+00:00,190.38,191.36,190.18,191.23,175172.997764,2026-08-01,2026-08-01_000919
MRVL,5m,2026-07-31 15:55:00+00:00,191.2452,191.84,190.41,191.015,130356.617628,2026-08-01,2026-08-01_000919
MRVL,5m,2026-07-31 16:00:00+00:00,190.9,191.78,190.7,191.18,97676.528722,2026-08-01,2026-08-01_000919
MRVL,5m,2026-07-31 16:05:00+00:00,191.1675,191.22,190.265,191.085,112196.353828,2026-08-01,2026-08-01_000919
MRVL,5m,2026-07-31 16:10:00+00:00,191.0,191.47,190.57,190.935,119987.047094,2026-08-01,2026-08-01_000919
MRVL,5m,2026-07-31 16:15:00+00:00,191.0,191.115,189.9001,190.81,125542.64318300002,2026-08-01,2026-08-01_000919
MRVL,5m,2026-07-31 16:20:00+00:00,190.75,191.2899,190.35,190.96,85929.88415499999,2026-08-01,2026-08-01_000919
MRVL,5m,2026-07-31 16:25:00+00:00,191.0,191.82,190.41,191.82,76864.600015,2026-08-01,2026-08-01_000919
MRVL,5m,2026-07-31 16:30:00+00:00,191.8459,192.52,191.47,192.11,215402.97656100002,2026-08-01,2026-08-01_000919
MRVL,5m,2026-07-31 16:35:00+00:00,192.18,192.63,192.0,192.16,103825.642606,2026-08-01,2026-08-01_000919
MRVL,5m,2026-07-31 16:40:00+00:00,192.1,192.15,190.58,190.65,110111.390452,2026-08-01,2026-08-01_000919
MRVL,5m,2026-07-31 16:45:00+00:00,190.56,191.32,190.33,191.278,92878.710507,2026-08-01,2026-08-01_000919
MRVL,5m,2026-07-31 16:50:00+00:00,191.295,192.41,191.295,191.53,123836.24202300001,2026-08-01,2026-08-01_000919
MRVL,5m,2026-07-31 16:55:00+00:00,191.535,192.48,191.535,191.9399,90925.107352,2026-08-01,2026-08-01_000919
MRVL,5m,2026-07-31 17:00:00+00:00,191.77,192.9,191.73,192.645,159433.40709399997,2026-08-01,2026-08-01_000919
MRVL,5m,2026-07-31 17:05:00+00:00,192.53,192.6,191.75,192.095,84678.61921199999,2026-08-01,2026-08-01_000919
MRVL,5m,2026-07-31 17:10:00+00:00,192.125,192.645,191.83,192.395,134925.23302,2026-08-01,2026-08-01_000919
MRVL,5m,2026-07-31 17:15:00+00:00,192.33,192.8,192.21,192.675,117966.27558300001,2026-08-01,2026-08-01_000919
MRVL,5m,2026-07-31 17:20:00+00:00,192.675,193.13,192.05,193.065,118195.156195,2026-08-01,2026-08-01_000919
MRVL,5m,2026-07-31 17:25:00+00:00,193.1,193.88,193.03,193.53,186626.406808,2026-08-01,2026-08-01_000919
MRVL,5m,2026-07-31 17:30:00+00:00,193.525,194.358,193.36,194.1975,157998.62982099998,2026-08-01,2026-08-01_000919
MRVL,5m,2026-07-31 17:35:00+00:00,194.21,194.75,193.325,193.405,191963.05725399998,2026-08-01,2026-08-01_000919
MRVL,5m,2026-07-31 17:40:00+00:00,193.405,194.0,193.32,193.765,151329.199876,2026-08-01,2026-08-01_000919
MRVL,5m,2026-07-31 17:45:00+00:00,193.76,194.1,192.989,193.11,145691.319694,2026-08-01,2026-08-01_000919
MRVL,5m,2026-07-31 17:50:00+00:00,193.13,193.8407,192.95,193.53,103170.03568300001,2026-08-01,2026-08-01_000919
MRVL,5m,2026-07-31 17:55:00+00:00,193.46,193.7399,193.29,193.37,120026.24375200001,2026-08-01,2026-08-01_000919
MRVL,5m,2026-07-31 18:00:00+00:00,193.42,193.55,193.03,193.125,112287.635455,2026-08-01,2026-08-01_000919
MRVL,5m,2026-07-31 18:05:00+00:00,193.17,193.47,192.78,192.82,140158.24607700002,2026-08-01,2026-08-01_000919
MRVL,5m,2026-07-31 18:10:00+00:00,192.78,192.88,191.75,191.92,170017.837912,2026-08-01,2026-08-01_000919
MRVL,5m,2026-07-31 18:15:00+00:00,191.86,192.65,191.65,192.19,232106.36100900001,2026-08-01,2026-08-01_000919
MRVL,5m,2026-07-31 18:20:00+00:00,192.235,192.68,191.9301,192.1,129530.593127,2026-08-01,2026-08-01_000919
MRVL,5m,2026-07-31 18:25:00+00:00,192.08,192.44,191.8701,192.2823,87497.136438,2026-08-01,2026-08-01_000919
MRVL,5m,2026-07-31 18:30:00+00:00,192.38,192.9,192.32,192.73,123568.65129000001,2026-08-01,2026-08-01_000919
MRVL,5m,2026-07-31 18:35:00+00:00,192.72,192.8599,192.15,192.65,85598.135337,2026-08-01,2026-08-01_000919
MRVL,5m,2026-07-31 18:40:00+00:00,192.69,192.99,192.43,192.75,113847.230091,2026-08-01,2026-08-01_000919
MRVL,5m,2026-07-31 18:45:00+00:00,192.71,193.07,192.5532,192.935,73915.633961,2026-08-01,2026-08-01_000919
MRVL,5m,2026-07-31 18:50:00+00:00,192.96,193.26,192.91,193.13,114250.085555,2026-08-01,2026-08-01_000919
MRVL,5m,2026-07-31 18:55:00+00:00,193.08,193.39,192.23,193.07,167787.303526,2026-08-01,2026-08-01_000919
MRVL,5m,2026-07-31 19:00:00+00:00,193.03,193.5,192.45,192.5,166270.032581,2026-08-01,2026-08-01_000919
MRVL,5m,2026-07-31 19:05:00+00:00,192.5,192.85,192.11,192.57,151850.258578,2026-08-01,2026-08-01_000919
MRVL,5m,2026-07-31 19:10:00+00:00,192.545,192.74,192.17,192.35,131909.163582,2026-08-01,2026-08-01_000919
MRVL,5m,2026-07-31 19:15:00+00:00,192.32,192.67,192.1,192.580204,121177.929893,2026-08-01,2026-08-01_000919
MRVL,5m,2026-07-31 19:20:00+00:00,192.61,193.08,192.48,192.57,162202.91977,2026-08-01,2026-08-01_000919
MRVL,5m,2026-07-31 19:25:00+00:00,192.57,192.7999,192.24,192.56,117488.00524900001,2026-08-01,2026-08-01_000919
MRVL,5m,2026-07-31 19:30:00+00:00,192.57,192.71,191.6301,192.1,220714.457543,2026-08-01,2026-08-01_000919
MRVL,5m,2026-07-31 19:35:00+00:00,192.12,192.18,191.19,191.19,208514.264612,2026-08-01,2026-08-01_000919
MRVL,5m,2026-07-31 19:40:00+00:00,191.185,191.185,190.45,190.85,240379.034207,2026-08-01,2026-08-01_000919
MRVL,5m,2026-07-31 19:45:00+00:00,190.91,191.31,190.49,191.045,288479.37953000003,2026-08-01,2026-08-01_000919
MRVL,5m,2026-07-31 19:50:00+00:00,191.045,191.065,190.06,190.115,426894.34189399995,2026-08-01,2026-08-01_000919
MRVL,5m,2026-07-31 19:55:00+00:00,190.17,190.25,187.31,187.5599,1488374.186984,2026-08-01,2026-08-01_000919
MRVL,5m,2026-07-31 20:00:00+00:00,187.56,188.2,186.5,187.44,357862.549168,2026-08-01,2026-08-01_000919
MRVL,5m,2026-07-31 20:05:00+00:00,187.0,187.5962,187.0,187.4,28254.21635,2026-08-01,2026-08-01_000919
MRVL,5m,2026-07-31 20:10:00+00:00,187.45,187.6,187.45,187.6,25169.55905,2026-08-01,2026-08-01_000919
MRVL,5m,2026-07-31 20:15:00+00:00,187.46,187.46,186.9501,187.15,18092.523494,2026-08-01,2026-08-01_000919
MRVL,5m,2026-07-31 20:20:00+00:00,187.184,187.24,187.0,187.03,3668.217751,2026-08-01,2026-08-01_000919
MRVL,5m,2026-07-31 20:25:00+00:00,187.0,187.44,187.0,187.44,13426.115625999999,2026-08-01,2026-08-01_000919
MRVL,5m,2026-07-31 20:30:00+00:00,187.2696,187.56,187.0,187.5337,5973.935788,2026-08-01,2026-08-01_000919
MRVL,5m,2026-07-31 20:35:00+00:00,187.56,187.65,187.2696,187.6206,15669.26,2026-08-01,2026-08-01_000919
MRVL,5m,2026-07-31 20:40:00+00:00,187.5803,187.5803,187.46,187.46,1319.0,2026-08-01,2026-08-01_000919
MRVL,5m,2026-07-31 20:45:00+00:00,187.8,187.8,187.56,187.59,2441.053249,2026-08-01,2026-08-01_000919
MRVL,5m,2026-07-31 20:50:00+00:00,187.56,187.6146,186.79,186.79,8187.6,2026-08-01,2026-08-01_000919
MRVL,5m,2026-07-31 20:55:00+00:00,186.61,187.2069,186.5,186.54,16583.223411,2026-08-01,2026-08-01_000919
MRVL,5m,2026-07-31 21:00:00+00:00,186.6,187.0,186.5,187.0,4922.2,2026-08-01,2026-08-01_000919
MRVL,5m,2026-07-31 21:05:00+00:00,187.19,187.19,187.0,187.0,1667.0,2026-08-01,2026-08-01_000919
MRVL,5m,2026-07-31 21:10:00+00:00,187.2,187.4,187.2,187.4,1612.0,2026-08-01,2026-08-01_000919
MRVL,5m,2026-07-31 21:15:00+00:00,187.62,187.63,187.04,187.04,1662.66,2026-08-01,2026-08-01_000919
MRVL,5m,2026-07-31 21:20:00+00:00,187.0,187.4,187.0,187.25,3534.011651,2026-08-01,2026-08-01_000919
MRVL,5m,2026-07-31 21:25:00+00:00,187.2292,187.6,187.0,187.23,19105.345561000002,2026-08-01,2026-08-01_000919
MRVL,5m,2026-07-31 21:30:00+00:00,187.1997,187.1997,186.62,186.72,5802.881105,2026-08-01,2026-08-01_000919
MRVL,5m,2026-07-31 21:35:00+00:00,186.8,186.98,186.5,186.5775,3688.42,2026-08-01,2026-08-01_000919
MRVL,5m,2026-07-31 21:40:00+00:00,186.54,187.05,186.54,186.9999,5780.741037,2026-08-01,2026-08-01_000919
MRVL,5m,2026-07-31 21:45:00+00:00,186.75,186.75,185.91,185.91,7852.470255,2026-08-01,2026-08-01_000919
MRVL,5m,2026-07-31 21:50:00+00:00,186.3723,186.3723,185.9501,186.09,4829.547808,2026-08-01,2026-08-01_000919
MRVL,5m,2026-07-31 21:55:00+00:00,186.0686,186.2,185.7271,186.15,6254.0,2026-08-01,2026-08-01_000919
MRVL,5m,2026-07-31 22:00:00+00:00,186.2825,186.39,186.1,186.39,2189.632451,2026-08-01,2026-08-01_000919
MRVL,5m,2026-07-31 22:05:00+00:00,186.0,186.3,185.81,186.0,1869.094837,2026-08-01,2026-08-01_000919
MRVL,5m,2026-07-31 22:10:00+00:00,185.8,186.0,185.61,185.89,4303.558448,2026-08-01,2026-08-01_000919
MRVL,5m,2026-07-31 22:15:00+00:00,185.73,185.73,185.72,185.72,1343.0,2026-08-01,2026-08-01_000919
MRVL,5m,2026-07-31 22:20:00+00:00,185.96,185.96,185.6,185.7,4017.124594,2026-08-01,2026-08-01_000919
MRVL,5m,2026-07-31 22:25:00+00:00,185.9639,185.9639,185.61,185.61,2128.021343,2026-08-01,2026-08-01_000919
MRVL,5m,2026-07-31 22:30:00+00:00,185.8,186.01,185.8,186.01,2043.31,2026-08-01,2026-08-01_000919
MRVL,5m,2026-07-31 22:35:00+00:00,186.2,186.64,186.2,186.64,1378.0,2026-08-01,2026-08-01_000919
MRVL,5m,2026-07-31 22:40:00+00:00,186.7,186.75,186.7,186.75,1127.0,2026-08-01,2026-08-01_000919
MRVL,5m,2026-07-31 22:45:00+00:00,186.5558,186.5558,186.5558,186.5558,391.07,2026-08-01,2026-08-01_000919
MRVL,5m,2026-07-31 22:50:00+00:00,186.51,186.51,186.0828,186.0949,2272.0,2026-08-01,2026-08-01_000919
MRVL,5m,2026-07-31 22:55:00+00:00,186.38,186.38,186.38,186.38,155.0,2026-08-01,2026-08-01_000919
MRVL,5m,2026-07-31 23:00:00+00:00,186.07,186.07,185.82,185.98,7859.0,2026-08-01,2026-08-01_000919
MRVL,5m,2026-07-31 23:05:00+00:00,186.0,186.0,185.6,185.68,5850.0,2026-08-01,2026-08-01_000919
MRVL,5m,2026-07-31 23:10:00+00:00,185.7486,185.7486,185.5413,185.6,5019.0,2026-08-01,2026-08-01_000919
MRVL,5m,2026-07-31 23:15:00+00:00,185.5788,186.0,185.5788,186.0,5770.4247239999995,2026-08-01,2026-08-01_000919
MRVL,5m,2026-07-31 23:20:00+00:00,185.6191,186.0,185.6191,185.8,5917.0,2026-08-01,2026-08-01_000919
MRVL,5m,2026-07-31 23:25:00+00:00,186.2576,186.2576,186.02,186.02,1306.0,2026-08-01,2026-08-01_000919
MRVL,5m,2026-07-31 23:30:00+00:00,186.1,186.2,186.0732,186.2,1163.0,2026-08-01,2026-08-01_000919
MRVL,5m,2026-07-31 23:35:00+00:00,186.18,186.18,186.0,186.0,1907.6,2026-08-01,2026-08-01_000919
MRVL,5m,2026-07-31 23:40:00+00:00,186.0662,186.11,186.0662,186.1,1063.061877,2026-08-01,2026-08-01_000919
MRVL,5m,2026-07-31 23:45:00+00:00,186.0,186.2141,185.7,185.7,5686.646387,2026-08-01,2026-08-01_000919
MRVL,5m,2026-07-31 23:50:00+00:00,185.71,185.87,185.7,185.87,5067.0,2026-08-01,2026-08-01_000919
MRVL,5m,2026-07-31 23:55:00+00:00,185.8998,185.8998,185.5892,185.6,18457.384114,2026-08-01,2026-08-01_000919
ORCL,5m,2026-07-31 08:00:00+00:00,129.6,130.2,129.6,130.2,45728.561956,2026-08-01,2026-08-01_000919
ORCL,5m,2026-07-31 08:05:00+00:00,130.51,130.534,130.25,130.3,7324.122274,2026-08-01,2026-08-01_000919
ORCL,5m,2026-07-31 08:10:00+00:00,130.3652,130.93,130.15,130.93,12475.373656,2026-08-01,2026-08-01_000919
ORCL,5m,2026-07-31 08:15:00+00:00,130.93,131.25,130.77,131.2,22995.879301999998,2026-08-01,2026-08-01_000919
ORCL,5m,2026-07-31 08:20:00+00:00,131.25,131.62,131.2,131.62,40848.737329,2026-08-01,2026-08-01_000919
ORCL,5m,2026-07-31 08:25:00+00:00,131.71,131.81,131.65,131.66,12196.294045,2026-08-01,2026-08-01_000919
ORCL,5m,2026-07-31 08:30:00+00:00,131.8,131.96,131.52,131.8,16344.960862,2026-08-01,2026-08-01_000919
ORCL,5m,2026-07-31 08:35:00+00:00,131.78,132.07,131.5953,132.05,23624.357129,2026-08-01,2026-08-01_000919
ORCL,5m,2026-07-31 08:40:00+00:00,132.0,132.2512,131.93,132.11,19488.740115,2026-08-01,2026-08-01_000919
ORCL,5m,2026-07-31 08:45:00+00:00,132.11,132.79,132.11,132.6,28383.311866,2026-08-01,2026-08-01_000919
ORCL,5m,2026-07-31 08:50:00+00:00,132.58,132.65,131.93,132.15,40215.197707,2026-08-01,2026-08-01_000919
ORCL,5m,2026-07-31 08:55:00+00:00,132.0,132.2,131.93,132.0,7556.752821,2026-08-01,2026-08-01_000919
ORCL,5m,2026-07-31 09:00:00+00:00,132.13,132.41,132.0,132.26,13634.738777,2026-08-01,2026-08-01_000919
ORCL,5m,2026-07-31 09:05:00+00:00,132.15,132.43,132.1,132.32,7279.677071,2026-08-01,2026-08-01_000919
ORCL,5m,2026-07-31 09:10:00+00:00,132.35,132.7,132.3,132.7,9041.409749,2026-08-01,2026-08-01_000919
ORCL,5m,2026-07-31 09:15:00+00:00,132.67,132.95,132.66,132.95,19839.822149,2026-08-01,2026-08-01_000919
ORCL,5m,2026-07-31 09:20:00+00:00,132.87,133.11,132.29,132.29,44357.640454,2026-08-01,2026-08-01_000919
ORCL,5m,2026-07-31 09:25:00+00:00,132.2238,132.4,132.0,132.3,9557.855157,2026-08-01,2026-08-01_000919
ORCL,5m,2026-07-31 09:30:00+00:00,132.1032,132.2471,131.4,131.4723,20057.543182,2026-08-01,2026-08-01_000919
ORCL,5m,2026-07-31 09:35:00+00:00,131.47,131.47,130.78,131.3,13490.121898000001,2026-08-01,2026-08-01_000919
ORCL,5m,2026-07-31 09:40:00+00:00,131.1765,131.55,130.6,131.39,24644.16366,2026-08-01,2026-08-01_000919
ORCL,5m,2026-07-31 09:45:00+00:00,131.13,131.4923,131.12,131.1656,7841.524984,2026-08-01,2026-08-01_000919
ORCL,5m,2026-07-31 09:50:00+00:00,131.17,131.32,131.12,131.32,6827.0,2026-08-01,2026-08-01_000919
ORCL,5m,2026-07-31 09:55:00+00:00,131.23,131.24,131.1266,131.23,3109.989626,2026-08-01,2026-08-01_000919
ORCL,5m,2026-07-31 10:00:00+00:00,131.24,131.4,130.72,130.75,8946.496186,2026-08-01,2026-08-01_000919
ORCL,5m,2026-07-31 10:05:00+00:00,130.7,131.11,130.7,130.81,5389.089327,2026-08-01,2026-08-01_000919
ORCL,5m,2026-07-31 10:10:00+00:00,130.8239,131.13,130.8239,130.83,5951.665423,2026-08-01,2026-08-01_000919
ORCL,5m,2026-07-31 10:15:00+00:00,130.89,131.39,130.8,131.39,7591.726737,2026-08-01,2026-08-01_000919
ORCL,5m,2026-07-31 10:20:00+00:00,131.4,131.5,131.4,131.4784,4107.769356,2026-08-01,2026-08-01_000919
ORCL,5m,2026-07-31 10:25:00+00:00,131.34,131.34,131.0771,131.08,4009.0,2026-08-01,2026-08-01_000919
ORCL,5m,2026-07-31 10:30:00+00:00,131.22,131.23,130.85,130.85,13006.909603,2026-08-01,2026-08-01_000919
ORCL,5m,2026-07-31 10:35:00+00:00,130.9907,131.0,130.9907,131.0,2604.0,2026-08-01,2026-08-01_000919
ORCL,5m,2026-07-31 10:40:00+00:00,131.2,131.33,131.12,131.1515,2048.311398,2026-08-01,2026-08-01_000919
ORCL,5m,2026-07-31 10:45:00+00:00,131.33,131.33,130.7,130.8,7759.8465830000005,2026-08-01,2026-08-01_000919
ORCL,5m,2026-07-31 10:50:00+00:00,130.85,130.85,130.69,130.78,5780.243944,2026-08-01,2026-08-01_000919
ORCL,5m,2026-07-31 10:55:00+00:00,130.85,130.855,130.79,130.79,2179.0,2026-08-01,2026-08-01_000919
ORCL,5m,2026-07-31 11:00:00+00:00,130.83,130.83,130.12,130.6,66129.502137,2026-08-01,2026-08-01_000919
ORCL,5m,2026-07-31 11:05:00+00:00,130.5,130.63,130.31,130.4232,9875.169849,2026-08-01,2026-08-01_000919
ORCL,5m,2026-07-31 11:10:00+00:00,130.4,130.7,129.848,129.848,37032.972517,2026-08-01,2026-08-01_000919
ORCL,5m,2026-07-31 11:15:00+00:00,129.9,130.0847,129.75,129.9994,15067.441456,2026-08-01,2026-08-01_000919
ORCL,5m,2026-07-31 11:20:00+00:00,129.9819,130.19,129.9819,130.1,10205.929748,2026-08-01,2026-08-01_000919
ORCL,5m,2026-07-31 11:25:00+00:00,130.15,130.5,129.9294,130.21,9993.38075,2026-08-01,2026-08-01_000919
ORCL,5m,2026-07-31 11:30:00+00:00,130.2,130.26,129.81,129.9,7551.8029,2026-08-01,2026-08-01_000919
ORCL,5m,2026-07-31 11:35:00+00:00,129.87,130.59,129.76,130.3474,26232.253817999997,2026-08-01,2026-08-01_000919
ORCL,5m,2026-07-31 11:40:00+00:00,130.33,130.6268,130.29,130.5891,15206.75,2026-08-01,2026-08-01_000919
ORCL,5m,2026-07-31 11:45:00+00:00,130.5,130.7314,130.4412,130.5165,17645.868805,2026-08-01,2026-08-01_000919
ORCL,5m,2026-07-31 11:50:00+00:00,130.5164,130.602,130.33,130.5,9384.0,2026-08-01,2026-08-01_000919
ORCL,5m,2026-07-31 11:55:00+00:00,130.5,130.54,130.4,130.48,679488.6182,2026-08-01,2026-08-01_000919
ORCL,5m,2026-07-31 12:00:00+00:00,130.55,130.55,129.7,129.8531,24492.873528,2026-08-01,2026-08-01_000919
ORCL,5m,2026-07-31 12:05:00+00:00,129.75,129.99,129.4,129.61,31337.299285999998,2026-08-01,2026-08-01_000919
ORCL,5m,2026-07-31 12:10:00+00:00,129.68,129.73,129.4,129.46,22636.711602,2026-08-01,2026-08-01_000919
ORCL,5m,2026-07-31 12:15:00+00:00,129.6,129.7,129.165,129.28,28457.332775,2026-08-01,2026-08-01_000919
ORCL,5m,2026-07-31 12:20:00+00:00,129.3,129.79,129.1917,129.79,19267.17164,2026-08-01,2026-08-01_000919
ORCL,5m,2026-07-31 12:25:00+00:00,129.8606,129.9,129.6,129.9,10946.595244,2026-08-01,2026-08-01_000919
ORCL,5m,2026-07-31 12:30:00+00:00,129.71,129.89,129.3565,129.5421,10939.399936,2026-08-01,2026-08-01_000919
ORCL,5m,2026-07-31 12:35:00+00:00,129.7,129.9,129.25,129.37,13282.304422000001,2026-08-01,2026-08-01_000919
ORCL,5m,2026-07-31 12:40:00+00:00,129.2912,129.4,129.1,129.28,11302.960955,2026-08-01,2026-08-01_000919
ORCL,5m,2026-07-31 12:45:00+00:00,129.3824,129.3824,128.8,128.83,40285.941588,2026-08-01,2026-08-01_000919
ORCL,5m,2026-07-31 12:50:00+00:00,128.96,129.4,128.8299,129.2,23796.708615,2026-08-01,2026-08-01_000919
ORCL,5m,2026-07-31 12:55:00+00:00,129.39,129.39,128.8,128.9899,31670.030119,2026-08-01,2026-08-01_000919
ORCL,5m,2026-07-31 13:00:00+00:00,128.822,129.39,128.7,129.2,31914.0,2026-08-01,2026-08-01_000919
ORCL,5m,2026-07-31 13:05:00+00:00,129.2,129.5726,129.01,129.4,17619.78178,2026-08-01,2026-08-01_000919
ORCL,5m,2026-07-31 13:10:00+00:00,129.5,129.8,129.4,129.8,27447.648426,2026-08-01,2026-08-01_000919
ORCL,5m,2026-07-31 13:15:00+00:00,129.9,130.07,129.64,130.07,31344.982255,2026-08-01,2026-08-01_000919
ORCL,5m,2026-07-31 13:20:00+00:00,130.0,130.47,129.9,130.0,39401.551537,2026-08-01,2026-08-01_000919
ORCL,5m,2026-07-31 13:25:00+00:00,129.8,130.59,129.66,130.25,70252.004968,2026-08-01,2026-08-01_000919
ORCL,5m,2026-07-31 13:30:00+00:00,130.07,132.28,129.65,131.705,2503804.1677510003,2026-08-01,2026-08-01_000919
ORCL,5m,2026-07-31 13:35:00+00:00,131.62,132.4,130.161,130.33,1326258.946543,2026-08-01,2026-08-01_000919
ORCL,5m,2026-07-31 13:40:00+00:00,130.305,130.65,129.8,130.315,791044.4808739999,2026-08-01,2026-08-01_000919
ORCL,5m,2026-07-31 13:45:00+00:00,130.25,130.4,129.1,129.84,654146.2042030001,2026-08-01,2026-08-01_000919
ORCL,5m,2026-07-31 13:50:00+00:00,129.855,129.95,128.4302,128.68,663487.865372,2026-08-01,2026-08-01_000919
ORCL,5m,2026-07-31 13:55:00+00:00,128.7,129.55,128.61,129.39,329988.713918,2026-08-01,2026-08-01_000919
ORCL,5m,2026-07-31 14:00:00+00:00,129.375,129.62,127.82,127.82,827546.196045,2026-08-01,2026-08-01_000919
ORCL,5m,2026-07-31 14:05:00+00:00,127.8679,128.32,127.45,127.935,1178810.264434,2026-08-01,2026-08-01_000919
ORCL,5m,2026-07-31 14:10:00+00:00,127.935,128.08,126.3177,126.62,633878.784591,2026-08-01,2026-08-01_000919
ORCL,5m,2026-07-31 14:15:00+00:00,126.62,127.45,125.7,126.9001,521704.67814199993,2026-08-01,2026-08-01_000919
ORCL,5m,2026-07-31 14:20:00+00:00,126.845,127.41,126.58,126.71,330932.43403099995,2026-08-01,2026-08-01_000919
ORCL,5m,2026-07-31 14:25:00+00:00,126.79,127.06,126.5,126.81,259712.529037,2026-08-01,2026-08-01_000919
ORCL,5m,2026-07-31 14:30:00+00:00,126.85,127.34,126.54,127.29,291083.989099,2026-08-01,2026-08-01_000919
ORCL,5m,2026-07-31 14:35:00+00:00,127.37,127.8285,127.17,127.63,367786.46321099997,2026-08-01,2026-08-01_000919
ORCL,5m,2026-07-31 14:40:00+00:00,127.7,127.96,127.19,127.695,279923.893017,2026-08-01,2026-08-01_000919
ORCL,5m,2026-07-31 14:45:00+00:00,127.7,128.34,127.54,128.27,251322.328428,2026-08-01,2026-08-01_000919
ORCL,5m,2026-07-31 14:50:00+00:00,128.24,128.37,127.65,127.745,298469.86870500003,2026-08-01,2026-08-01_000919
ORCL,5m,2026-07-31 14:55:00+00:00,127.745,128.21,127.57,127.89,337863.13230899995,2026-08-01,2026-08-01_000919
ORCL,5m,2026-07-31 15:00:00+00:00,127.875,128.01,127.25,127.64,216524.13860599996,2026-08-01,2026-08-01_000919
ORCL,5m,2026-07-31 15:05:00+00:00,127.615,127.88,127.0,127.0901,159643.145132,2026-08-01,2026-08-01_000919
ORCL,5m,2026-07-31 15:10:00+00:00,127.1139,127.21,126.54,126.86,281463.98785800004,2026-08-01,2026-08-01_000919
ORCL,5m,2026-07-31 15:15:00+00:00,126.895,127.66,126.8,127.1,240536.78467800003,2026-08-01,2026-08-01_000919
ORCL,5m,2026-07-31 15:20:00+00:00,127.135,127.248,126.85,127.05,209063.795261,2026-08-01,2026-08-01_000919
ORCL,5m,2026-07-31 15:25:00+00:00,127.07,127.18,126.67,127.02,322588.507419,2026-08-01,2026-08-01_000919
ORCL,5m,2026-07-31 15:30:00+00:00,127.01,127.07,126.2,126.55,310662.212369,2026-08-01,2026-08-01_000919
ORCL,5m,2026-07-31 15:35:00+00:00,126.54,127.04,126.54,126.975,156358.432088,2026-08-01,2026-08-01_000919
ORCL,5m,2026-07-31 15:40:00+00:00,126.97,127.07,126.38,126.55,109006.08829500002,2026-08-01,2026-08-01_000919
ORCL,5m,2026-07-31 15:45:00+00:00,126.6,126.6353,126.0701,126.355,155681.470163,2026-08-01,2026-08-01_000919
ORCL,5m,2026-07-31 15:50:00+00:00,126.41,127.845,126.3,127.845,259556.832399,2026-08-01,2026-08-01_000919
ORCL,5m,2026-07-31 15:55:00+00:00,127.87,128.31,127.8,127.92,217697.836072,2026-08-01,2026-08-01_000919
ORCL,5m,2026-07-31 16:00:00+00:00,127.97,128.599,127.9001,128.48,175257.487409,2026-08-01,2026-08-01_000919
ORCL,5m,2026-07-31 16:05:00+00:00,128.48,128.56,128.04,128.1,199959.94625900002,2026-08-01,2026-08-01_000919
ORCL,5m,2026-07-31 16:10:00+00:00,128.1883,128.27,128.06,128.175,137295.620803,2026-08-01,2026-08-01_000919
ORCL,5m,2026-07-31 16:15:00+00:00,128.185,128.36,128.0,128.31,151402.88996799997,2026-08-01,2026-08-01_000919
ORCL,5m,2026-07-31 16:20:00+00:00,128.3199,128.63,128.24,128.505,139751.00459700002,2026-08-01,2026-08-01_000919
ORCL,5m,2026-07-31 16:25:00+00:00,128.505,128.54,128.136,128.365,116052.076807,2026-08-01,2026-08-01_000919
ORCL,5m,2026-07-31 16:30:00+00:00,128.41,128.63,128.285,128.4,138828.732188,2026-08-01,2026-08-01_000919
ORCL,5m,2026-07-31 16:35:00+00:00,128.4,128.6,128.21,128.305,929718.851215,2026-08-01,2026-08-01_000919
ORCL,5m,2026-07-31 16:40:00+00:00,128.31,128.3899,127.76,127.86,197529.699167,2026-08-01,2026-08-01_000919
ORCL,5m,2026-07-31 16:45:00+00:00,127.884,128.3,127.7801,128.26,199031.03227999998,2026-08-01,2026-08-01_000919
ORCL,5m,2026-07-31 16:50:00+00:00,128.312126,128.49,128.25,128.295,92979.187214,2026-08-01,2026-08-01_000919
ORCL,5m,2026-07-31 16:55:00+00:00,128.27,128.45,128.2,128.24,77488.976075,2026-08-01,2026-08-01_000919
ORCL,5m,2026-07-31 17:00:00+00:00,128.21,128.4,128.1001,128.3999,109280.728596,2026-08-01,2026-08-01_000919
ORCL,5m,2026-07-31 17:05:00+00:00,128.35,128.4599,128.0302,128.19,123261.573829,2026-08-01,2026-08-01_000919
ORCL,5m,2026-07-31 17:10:00+00:00,128.19,128.58,128.11,128.505,165093.544152,2026-08-01,2026-08-01_000919
ORCL,5m,2026-07-31 17:15:00+00:00,128.54,128.64,128.35,128.5,117885.36509899999,2026-08-01,2026-08-01_000919
ORCL,5m,2026-07-31 17:20:00+00:00,128.5,128.73,128.26,128.64,147021.883133,2026-08-01,2026-08-01_000919
ORCL,5m,2026-07-31 17:25:00+00:00,128.685,128.91,128.55,128.875,123619.535224,2026-08-01,2026-08-01_000919
ORCL,5m,2026-07-31 17:30:00+00:00,128.875,128.875,128.7,128.8115,100399.79296199999,2026-08-01,2026-08-01_000919
ORCL,5m,2026-07-31 17:35:00+00:00,128.795,128.96,128.53,128.56,145817.54661299998,2026-08-01,2026-08-01_000919
ORCL,5m,2026-07-31 17:40:00+00:00,128.56,128.7799,128.41,128.69,128086.10542100001,2026-08-01,2026-08-01_000919
ORCL,5m,2026-07-31 17:45:00+00:00,128.645,128.81,128.3,128.41,214829.89961700002,2026-08-01,2026-08-01_000919
ORCL,5m,2026-07-31 17:50:00+00:00,128.385,128.61,128.24,128.52,171300.664755,2026-08-01,2026-08-01_000919
ORCL,5m,2026-07-31 17:55:00+00:00,128.53,128.67,128.45,128.5101,119684.561683,2026-08-01,2026-08-01_000919
ORCL,5m,2026-07-31 18:00:00+00:00,128.51,128.72,128.4,128.62,194481.771054,2026-08-01,2026-08-01_000919
ORCL,5m,2026-07-31 18:05:00+00:00,128.6,128.87,128.58,128.655,119182.57244799999,2026-08-01,2026-08-01_000919
ORCL,5m,2026-07-31 18:10:00+00:00,128.655,128.68,128.32,128.53,158217.63108000002,2026-08-01,2026-08-01_000919
ORCL,5m,2026-07-31 18:15:00+00:00,128.52,128.92,128.49,128.77,112114.92765999999,2026-08-01,2026-08-01_000919
ORCL,5m,2026-07-31 18:20:00+00:00,128.7551,128.95,128.7551,128.8175,140945.879734,2026-08-01,2026-08-01_000919
ORCL,5m,2026-07-31 18:25:00+00:00,128.815,128.87,128.72,128.79,128971.06303200002,2026-08-01,2026-08-01_000919
ORCL,5m,2026-07-31 18:30:00+00:00,128.8,128.95,128.77,128.84,109007.15495999999,2026-08-01,2026-08-01_000919
ORCL,5m,2026-07-31 18:35:00+00:00,128.815,128.815,128.51,128.5201,127437.852017,2026-08-01,2026-08-01_000919
ORCL,5m,2026-07-31 18:40:00+00:00,128.535,128.69,128.3701,128.6366,112390.94391199999,2026-08-01,2026-08-01_000919
ORCL,5m,2026-07-31 18:45:00+00:00,128.615,129.07,128.61,129.045,186827.679879,2026-08-01,2026-08-01_000919
ORCL,5m,2026-07-31 18:50:00+00:00,129.054,129.58,128.955,129.545,242893.25425500004,2026-08-01,2026-08-01_000919
ORCL,5m,2026-07-31 18:55:00+00:00,129.52,129.56,129.0743,129.305,212819.090687,2026-08-01,2026-08-01_000919
ORCL,5m,2026-07-31 19:00:00+00:00,129.27,129.43,129.0,129.14,271232.187221,2026-08-01,2026-08-01_000919
ORCL,5m,2026-07-31 19:05:00+00:00,129.16,129.32,129.0603,129.2252,154919.071536,2026-08-01,2026-08-01_000919
ORCL,5m,2026-07-31 19:10:00+00:00,129.27,129.49,129.22,129.43,166561.919741,2026-08-01,2026-08-01_000919
ORCL,5m,2026-07-31 19:15:00+00:00,129.4265,129.8099,129.38,129.650875,232919.940516,2026-08-01,2026-08-01_000919
ORCL,5m,2026-07-31 19:20:00+00:00,129.655,129.89,129.61,129.84,227772.45558100002,2026-08-01,2026-08-01_000919
ORCL,5m,2026-07-31 19:25:00+00:00,129.83,129.97,129.57,129.92,274554.963751,2026-08-01,2026-08-01_000919
ORCL,5m,2026-07-31 19:30:00+00:00,129.92,129.93,129.4547,129.58,223624.621531,2026-08-01,2026-08-01_000919
ORCL,5m,2026-07-31 19:35:00+00:00,129.59,129.66,129.49,129.56,189220.440016,2026-08-01,2026-08-01_000919
ORCL,5m,2026-07-31 19:40:00+00:00,129.55,129.8,129.46,129.71,602125.608562,2026-08-01,2026-08-01_000919
ORCL,5m,2026-07-31 19:45:00+00:00,129.705,129.88,129.58,129.81,700283.167498,2026-08-01,2026-08-01_000919
ORCL,5m,2026-07-31 19:50:00+00:00,129.8,129.83,129.22,129.435,807688.301207,2026-08-01,2026-08-01_000919
ORCL,5m,2026-07-31 19:55:00+00:00,129.424,130.27,129.2301,129.88,2508531.213829,2026-08-01,2026-08-01_000919
ORCL,5m,2026-07-31 20:00:00+00:00,129.79,130.0,129.79,130.0,671226.756417,2026-08-01,2026-08-01_000919
ORCL,5m,2026-07-31 20:05:00+00:00,130.03,130.13,129.87,130.08,167764.661826,2026-08-01,2026-08-01_000919
ORCL,5m,2026-07-31 20:10:00+00:00,130.1,130.1,129.92,130.0,31058.620543999998,2026-08-01,2026-08-01_000919
ORCL,5m,2026-07-31 20:15:00+00:00,129.93,130.1,129.92,130.0487,14841.275692000001,2026-08-01,2026-08-01_000919
ORCL,5m,2026-07-31 20:20:00+00:00,130.05,130.05,129.87,129.87,25487.691912,2026-08-01,2026-08-01_000919
ORCL,5m,2026-07-31 20:25:00+00:00,129.85,130.04,129.78,130.04,20566.068141,2026-08-01,2026-08-01_000919
ORCL,5m,2026-07-31 20:30:00+00:00,129.95,130.0,129.8058,129.88,2357.432774,2026-08-01,2026-08-01_000919
ORCL,5m,2026-07-31 20:35:00+00:00,130.0,130.05,129.79,130.0297,11670.606752,2026-08-01,2026-08-01_000919
ORCL,5m,2026-07-31 20:40:00+00:00,129.98,130.0,129.8,130.0,5043.5,2026-08-01,2026-08-01_000919
ORCL,5m,2026-07-31 20:45:00+00:00,129.8514,130.09,129.61,130.0,14374.695779,2026-08-01,2026-08-01_000919
ORCL,5m,2026-07-31 20:50:00+00:00,130.0,130.0,129.45,129.45,8355.865346,2026-08-01,2026-08-01_000919
ORCL,5m,2026-07-31 20:55:00+00:00,129.36,129.69,129.25,129.26,5923.819673999999,2026-08-01,2026-08-01_000919
ORCL,5m,2026-07-31 21:00:00+00:00,129.295,129.4321,129.11,129.25,15741.866759,2026-08-01,2026-08-01_000919
ORCL,5m,2026-07-31 21:05:00+00:00,129.2423,129.7,129.2,129.7,15486.396188,2026-08-01,2026-08-01_000919
ORCL,5m,2026-07-31 21:10:00+00:00,129.45,129.4912,129.45,129.4912,389.6555,2026-08-01,2026-08-01_000919
ORCL,5m,2026-07-31 21:15:00+00:00,129.68,129.6899,129.5878,129.5878,3895.161992,2026-08-01,2026-08-01_000919
ORCL,5m,2026-07-31 21:20:00+00:00,129.5761,129.61,129.5102,129.6,2215.7807510000002,2026-08-01,2026-08-01_000919
ORCL,5m,2026-07-31 21:25:00+00:00,129.69,129.7,129.55,129.62,6342.14795,2026-08-01,2026-08-01_000919
ORCL,5m,2026-07-31 21:30:00+00:00,129.5586,129.63,129.55,129.55,1913.8980000000001,2026-08-01,2026-08-01_000919
ORCL,5m,2026-07-31 21:35:00+00:00,129.5518,129.58,129.55,129.58,2179.02287,2026-08-01,2026-08-01_000919
ORCL,5m,2026-07-31 21:40:00+00:00,129.567,129.65,129.55,129.5572,4004.898,2026-08-01,2026-08-01_000919
ORCL,5m,2026-07-31 21:45:00+00:00,129.55,129.55,129.3,129.35,2676.0,2026-08-01,2026-08-01_000919
ORCL,5m,2026-07-31 21:50:00+00:00,129.35,129.35,129.11,129.15,14223.250431,2026-08-01,2026-08-01_000919
ORCL,5m,2026-07-31 21:55:00+00:00,129.1703,129.19,129.17,129.17,1805.0,2026-08-01,2026-08-01_000919
ORCL,5m,2026-07-31 22:00:00+00:00,129.19,129.2,129.05,129.05,3153.979376,2026-08-01,2026-08-01_000919
ORCL,5m,2026-07-31 22:05:00+00:00,129.29,129.29,129.2,129.2,6460.337848,2026-08-01,2026-08-01_000919
ORCL,5m,2026-07-31 22:10:00+00:00,129.1,129.2045,129.1,129.1,1033.605619,2026-08-01,2026-08-01_000919
ORCL,5m,2026-07-31 22:15:00+00:00,129.16,129.18,129.0321,129.0321,8108.387009,2026-08-01,2026-08-01_000919
ORCL,5m,2026-07-31 22:20:00+00:00,129.0301,129.21,129.01,129.01,3814.205372,2026-08-01,2026-08-01_000919
ORCL,5m,2026-07-31 22:25:00+00:00,129.05,129.05,128.9,128.91,5879.0,2026-08-01,2026-08-01_000919
ORCL,5m,2026-07-31 22:30:00+00:00,128.88,129.14,128.85,128.8965,3394.015115,2026-08-01,2026-08-01_000919
ORCL,5m,2026-07-31 22:35:00+00:00,129.1164,129.15,129.0,129.0,1127.0,2026-08-01,2026-08-01_000919
ORCL,5m,2026-07-31 22:40:00+00:00,129.2,129.22,129.031,129.2,3671.0,2026-08-01,2026-08-01_000919
ORCL,5m,2026-07-31 22:45:00+00:00,129.25,129.25,129.1,129.1001,1946.0,2026-08-01,2026-08-01_000919
ORCL,5m,2026-07-31 22:50:00+00:00,129.2401,129.27,129.0968,129.0968,1972.47,2026-08-01,2026-08-01_000919
ORCL,5m,2026-07-31 22:55:00+00:00,129.2,129.2645,129.2,129.2645,512.0,2026-08-01,2026-08-01_000919
ORCL,5m,2026-07-31 23:05:00+00:00,129.25,129.3,129.25,129.3,565.07684,2026-08-01,2026-08-01_000919
ORCL,5m,2026-07-31 23:10:00+00:00,129.2,129.3,129.2,129.3,949.0,2026-08-01,2026-08-01_000919
ORCL,5m,2026-07-31 23:15:00+00:00,129.05,129.33,129.05,129.3017,2729.0,2026-08-01,2026-08-01_000919
ORCL,5m,2026-07-31 23:20:00+00:00,129.22,129.28,129.0815,129.25,2211.469858,2026-08-01,2026-08-01_000919
ORCL,5m,2026-07-31 23:25:00+00:00,129.27,129.3,129.1054,129.3,2600.0,2026-08-01,2026-08-01_000919
ORCL,5m,2026-07-31 23:30:00+00:00,129.3,129.3227,129.1986,129.2773,1148.0,2026-08-01,2026-08-01_000919
ORCL,5m,2026-07-31 23:35:00+00:00,129.28,129.31,129.25,129.25,2434.415947,2026-08-01,2026-08-01_000919
ORCL,5m,2026-07-31 23:40:00+00:00,129.19,129.21,129.11,129.21,2302.3677,2026-08-01,2026-08-01_000919
ORCL,5m,2026-07-31 23:45:00+00:00,129.13,129.2,129.13,129.13,926.0,2026-08-01,2026-08-01_000919
ORCL,5m,2026-07-31 23:50:00+00:00,129.2,129.2,129.1,129.12,2767.0,2026-08-01,2026-08-01_000919
ORCL,5m,2026-07-31 23:55:00+00:00,129.0701,129.17,128.95,128.95,8666.077313,2026-08-01,2026-08-01_000919
PANW,5m,2026-07-31 08:15:00+00:00,329.0,329.54,329.0,329.54,932.0,2026-08-01,2026-08-01_000919
PANW,5m,2026-07-31 08:20:00+00:00,329.23,329.23,329.19,329.19,1882.000728,2026-08-01,2026-08-01_000919
PANW,5m,2026-07-31 09:00:00+00:00,331.15,331.15,331.15,331.15,229.0,2026-08-01,2026-08-01_000919
PANW,5m,2026-07-31 09:25:00+00:00,331.66,331.66,331.61,331.61,830.0,2026-08-01,2026-08-01_000919
PANW,5m,2026-07-31 09:30:00+00:00,331.61,331.76,331.61,331.76,1522.0,2026-08-01,2026-08-01_000919
PANW,5m,2026-07-31 09:45:00+00:00,331.51,331.54,331.51,331.54,507.0,2026-08-01,2026-08-01_000919
PANW,5m,2026-07-31 10:25:00+00:00,332.33,332.33,331.77,331.77,1585.6,2026-08-01,2026-08-01_000919
PANW,5m,2026-07-31 10:35:00+00:00,332.33,332.33,332.33,332.33,245.579796,2026-08-01,2026-08-01_000919
PANW,5m,2026-07-31 10:55:00+00:00,332.54,332.54,331.0,331.0,624.0,2026-08-01,2026-08-01_000919
PANW,5m,2026-07-31 11:00:00+00:00,331.6,331.6,330.6,330.6,1233.275413,2026-08-01,2026-08-01_000919
PANW,5m,2026-07-31 11:05:00+00:00,329.91,329.91,329.91,329.91,168.0,2026-08-01,2026-08-01_000919
PANW,5m,2026-07-31 11:10:00+00:00,329.66,329.66,329.66,329.66,221.0,2026-08-01,2026-08-01_000919
PANW,5m,2026-07-31 11:45:00+00:00,329.0,329.0,328.01,328.01,1163.0,2026-08-01,2026-08-01_000919
PANW,5m,2026-07-31 11:50:00+00:00,328.5,328.5,328.0,328.0,346.0,2026-08-01,2026-08-01_000919
PANW,5m,2026-07-31 12:00:00+00:00,328.8,328.8,328.8,328.8,247.848252,2026-08-01,2026-08-01_000919
PANW,5m,2026-07-31 12:10:00+00:00,327.06,327.18,327.06,327.18,636.308423,2026-08-01,2026-08-01_000919
PANW,5m,2026-07-31 12:25:00+00:00,327.25,331.12,327.25,328.82,6493.142939,2026-08-01,2026-08-01_000919
PANW,5m,2026-07-31 12:30:00+00:00,329.5509,331.191,329.07,331.0,702.5968,2026-08-01,2026-08-01_000919
PANW,5m,2026-07-31 12:35:00+00:00,330.82,330.94,330.82,330.94,1277.5555,2026-08-01,2026-08-01_000919
PANW,5m,2026-07-31 12:40:00+00:00,329.8025,329.8025,329.4,329.4,496.0,2026-08-01,2026-08-01_000919
PANW,5m,2026-07-31 13:05:00+00:00,329.9229,329.9229,329.9229,329.9229,213.0,2026-08-01,2026-08-01_000919
PANW,5m,2026-07-31 13:20:00+00:00,330.36,330.36,330.36,330.36,15024.0,2026-08-01,2026-08-01_000919
PANW,5m,2026-07-31 13:25:00+00:00,328.17,333.19,327.3,333.07,18207.826351,2026-08-01,2026-08-01_000919
PANW,5m,2026-07-31 13:30:00+00:00,332.335,333.0,327.76,328.665,213489.410615,2026-08-01,2026-08-01_000919
PANW,5m,2026-07-31 13:35:00+00:00,328.665,331.8165,328.3775,330.01,57016.31658,2026-08-01,2026-08-01_000919
PANW,5m,2026-07-31 13:40:00+00:00,330.24,330.76,329.17,329.395,56856.850401,2026-08-01,2026-08-01_000919
PANW,5m,2026-07-31 13:45:00+00:00,329.06,331.0,328.05,328.79,67655.164227,2026-08-01,2026-08-01_000919
PANW,5m,2026-07-31 13:50:00+00:00,329.08,329.285,327.61,328.605,31897.205965999998,2026-08-01,2026-08-01_000919
PANW,5m,2026-07-31 13:55:00+00:00,328.89,330.4065,327.69,327.885,67835.020791,2026-08-01,2026-08-01_000919
PANW,5m,2026-07-31 14:00:00+00:00,327.8575,328.12,325.72,325.87,96561.703933,2026-08-01,2026-08-01_000919
PANW,5m,2026-07-31 14:05:00+00:00,325.87,327.09,324.2701,325.23,82553.466411,2026-08-01,2026-08-01_000919
PANW,5m,2026-07-31 14:10:00+00:00,325.23,326.01,323.548,324.355,73668.90835499999,2026-08-01,2026-08-01_000919
PANW,5m,2026-07-31 14:15:00+00:00,324.36,324.48,322.0,323.11,59913.968872,2026-08-01,2026-08-01_000919
PANW,5m,2026-07-31 14:20:00+00:00,322.75,323.2,320.77,321.14,39668.853086,2026-08-01,2026-08-01_000919
PANW,5m,2026-07-31 14:25:00+00:00,321.135,322.28,319.48,321.71,37751.983949,2026-08-01,2026-08-01_000919
PANW,5m,2026-07-31 14:30:00+00:00,321.69,322.39,321.335,321.705,47790.155459,2026-08-01,2026-08-01_000919
PANW,5m,2026-07-31 14:35:00+00:00,321.7,323.3875,321.62,323.3875,40497.495119,2026-08-01,2026-08-01_000919
PANW,5m,2026-07-31 14:40:00+00:00,323.42,323.935,322.2775,323.62,30820.348991,2026-08-01,2026-08-01_000919
PANW,5m,2026-07-31 14:45:00+00:00,323.69,324.17,322.855,324.17,26569.843843,2026-08-01,2026-08-01_000919
PANW,5m,2026-07-31 14:50:00+00:00,323.99,325.464,323.65,324.97,43493.484441,2026-08-01,2026-08-01_000919
PANW,5m,2026-07-31 14:55:00+00:00,324.66,325.495,323.95,324.18,75221.102684,2026-08-01,2026-08-01_000919
PANW,5m,2026-07-31 15:00:00+00:00,324.18,324.685,323.64,324.52,51418.690526,2026-08-01,2026-08-01_000919
PANW,5m,2026-07-31 15:05:00+00:00,324.53,325.065,323.72,324.105,47838.523778,2026-08-01,2026-08-01_000919
PANW,5m,2026-07-31 15:10:00+00:00,324.15,326.07,324.15,325.5801,43504.584754,2026-08-01,2026-08-01_000919
PANW,5m,2026-07-31 15:15:00+00:00,325.475,325.52,324.29,324.44,37697.153841,2026-08-01,2026-08-01_000919
PANW,5m,2026-07-31 15:20:00+00:00,324.41,325.22,324.05,324.92,27276.685299,2026-08-01,2026-08-01_000919
PANW,5m,2026-07-31 15:25:00+00:00,324.85,325.97,324.71,325.695,35932.90023,2026-08-01,2026-08-01_000919
PANW,5m,2026-07-31 15:30:00+00:00,325.88,326.08,324.95,325.27,19934.249278,2026-08-01,2026-08-01_000919
PANW,5m,2026-07-31 15:35:00+00:00,325.55,327.4599,325.55,327.04,202050.64494099998,2026-08-01,2026-08-01_000919
PANW,5m,2026-07-31 15:40:00+00:00,326.88,327.31,326.12,326.9,61374.506629999996,2026-08-01,2026-08-01_000919
PANW,5m,2026-07-31 15:45:00+00:00,327.12,327.355,326.35,326.715,19834.73903,2026-08-01,2026-08-01_000919
PANW,5m,2026-07-31 15:50:00+00:00,326.49,327.6,326.21,327.6,23602.827955,2026-08-01,2026-08-01_000919
PANW,5m,2026-07-31 15:55:00+00:00,327.8005,327.82,326.925,327.07,112934.474778,2026-08-01,2026-08-01_000919
PANW,5m,2026-07-31 16:00:00+00:00,327.175,327.74,327.09,327.495,30501.189745,2026-08-01,2026-08-01_000919
PANW,5m,2026-07-31 16:05:00+00:00,327.49,327.91,326.1,326.1,30444.076315000002,2026-08-01,2026-08-01_000919
PANW,5m,2026-07-31 16:10:00+00:00,326.335,326.69,326.06,326.32,22037.721951,2026-08-01,2026-08-01_000919
PANW,5m,2026-07-31 16:15:00+00:00,326.17,326.96,326.09,326.78,17280.338283,2026-08-01,2026-08-01_000919
PANW,5m,2026-07-31 16:20:00+00:00,326.795,327.0,326.21,326.625,24641.678477,2026-08-01,2026-08-01_000919
PANW,5m,2026-07-31 16:25:00+00:00,326.625,327.275,326.43,327.275,14073.770398999999,2026-08-01,2026-08-01_000919
PANW,5m,2026-07-31 16:30:00+00:00,327.275,328.3199,327.275,327.81,22316.334019,2026-08-01,2026-08-01_000919
PANW,5m,2026-07-31 16:35:00+00:00,327.82,328.25,327.475,327.89,14302.316410000001,2026-08-01,2026-08-01_000919
PANW,5m,2026-07-31 16:40:00+00:00,327.855,328.075,327.7475,327.83,14321.09408,2026-08-01,2026-08-01_000919
PANW,5m,2026-07-31 16:45:00+00:00,327.83,328.49,327.5633,328.48,19792.437356,2026-08-01,2026-08-01_000919
PANW,5m,2026-07-31 16:50:00+00:00,328.56,329.81,328.56,329.57,28726.338181,2026-08-01,2026-08-01_000919
PANW,5m,2026-07-31 16:55:00+00:00,329.53,330.09,329.53,330.025,25347.160904,2026-08-01,2026-08-01_000919
PANW,5m,2026-07-31 17:00:00+00:00,330.025,330.89,330.025,330.23,44112.529859,2026-08-01,2026-08-01_000919
PANW,5m,2026-07-31 17:05:00+00:00,330.235,330.54,329.7471,330.54,20305.065135999997,2026-08-01,2026-08-01_000919
PANW,5m,2026-07-31 17:10:00+00:00,330.42,332.9,330.04,332.13,48960.20092,2026-08-01,2026-08-01_000919
PANW,5m,2026-07-31 17:15:00+00:00,332.08,332.38,331.55,332.23,34734.003744,2026-08-01,2026-08-01_000919
PANW,5m,2026-07-31 17:20:00+00:00,332.49,333.0,332.29,333.0,33639.906731,2026-08-01,2026-08-01_000919
PANW,5m,2026-07-31 17:25:00+00:00,333.095,333.9799,332.79,333.495,48130.925616,2026-08-01,2026-08-01_000919
PANW,5m,2026-07-31 17:30:00+00:00,333.31,333.49,332.505,333.1899,26874.518525,2026-08-01,2026-08-01_000919
PANW,5m,2026-07-31 17:35:00+00:00,333.0101,333.38,332.19,332.315,36311.98684,2026-08-01,2026-08-01_000919
PANW,5m,2026-07-31 17:40:00+00:00,332.355,332.956099,331.95,332.956099,41419.144741,2026-08-01,2026-08-01_000919
PANW,5m,2026-07-31 17:45:00+00:00,332.89,333.1399,331.54,332.255,34712.249510999995,2026-08-01,2026-08-01_000919
PANW,5m,2026-07-31 17:50:00+00:00,332.05,332.3275,331.8901,332.3275,11965.296208000002,2026-08-01,2026-08-01_000919
PANW,5m,2026-07-31 17:55:00+00:00,332.0742,332.7599,332.0742,332.58,18426.921788,2026-08-01,2026-08-01_000919
PANW,5m,2026-07-31 18:00:00+00:00,332.88,333.52,332.66,332.7,28110.087588000002,2026-08-01,2026-08-01_000919
PANW,5m,2026-07-31 18:05:00+00:00,332.7,332.96,332.21,332.3875,20057.683586,2026-08-01,2026-08-01_000919
PANW,5m,2026-07-31 18:10:00+00:00,332.44,332.44,331.75,332.0,19550.831417999998,2026-08-01,2026-08-01_000919
PANW,5m,2026-07-31 18:15:00+00:00,332.17,332.31,331.06,331.066,27477.374065,2026-08-01,2026-08-01_000919
PANW,5m,2026-07-31 18:20:00+00:00,331.31,331.7,331.22,331.65,13167.315507,2026-08-01,2026-08-01_000919
PANW,5m,2026-07-31 18:25:00+00:00,331.67,331.98,331.3701,331.481,21503.433188000003,2026-08-01,2026-08-01_000919
PANW,5m,2026-07-31 18:30:00+00:00,331.67,332.19,331.54,332.19,26572.518265999995,2026-08-01,2026-08-01_000919
PANW,5m,2026-07-31 18:35:00+00:00,331.96,332.68,331.85,331.97,17503.393162,2026-08-01,2026-08-01_000919
PANW,5m,2026-07-31 18:40:00+00:00,332.035,332.57,332.02,332.195,16221.472068000001,2026-08-01,2026-08-01_000919
PANW,5m,2026-07-31 18:45:00+00:00,332.195,332.3,331.99,332.2,22153.236855999996,2026-08-01,2026-08-01_000919
PANW,5m,2026-07-31 18:50:00+00:00,332.195,332.33,331.59,331.595,26715.850288,2026-08-01,2026-08-01_000919
PANW,5m,2026-07-31 18:55:00+00:00,331.595,331.655,331.22,331.41,22078.087366,2026-08-01,2026-08-01_000919
PANW,5m,2026-07-31 19:00:00+00:00,331.545,332.09,331.3,331.32,19517.283856,2026-08-01,2026-08-01_000919
PANW,5m,2026-07-31 19:05:00+00:00,331.19,331.275,330.57,330.895,18734.685619,2026-08-01,2026-08-01_000919
PANW,5m,2026-07-31 19:10:00+00:00,331.02,331.415,330.99,331.1,23368.76793,2026-08-01,2026-08-01_000919
PANW,5m,2026-07-31 19:15:00+00:00,331.33,332.3499,331.12,332.055,107072.02813600001,2026-08-01,2026-08-01_000919
PANW,5m,2026-07-31 19:20:00+00:00,331.88,331.95,330.9,330.99,30543.090427000003,2026-08-01,2026-08-01_000919
PANW,5m,2026-07-31 19:25:00+00:00,330.89,331.3275,330.81,331.17,24972.538664,2026-08-01,2026-08-01_000919
PANW,5m,2026-07-31 19:30:00+00:00,331.04,331.21,330.81,330.98,40860.51971,2026-08-01,2026-08-01_000919
PANW,5m,2026-07-31 19:35:00+00:00,331.11,331.39,330.94,331.28,42333.841249000005,2026-08-01,2026-08-01_000919
PANW,5m,2026-07-31 19:40:00+00:00,331.375,331.59,331.18,331.51,44946.209837,2026-08-01,2026-08-01_000919
PANW,5m,2026-07-31 19:45:00+00:00,331.59,332.21,331.52,332.17,55264.0018,2026-08-01,2026-08-01_000919
PANW,5m,2026-07-31 19:50:00+00:00,332.3,332.39,331.035,331.41,134289.593489,2026-08-01,2026-08-01_000919
PANW,5m,2026-07-31 19:55:00+00:00,331.09,332.4,330.84,331.82,260753.922427,2026-08-01,2026-08-01_000919
PANW,5m,2026-07-31 20:00:00+00:00,331.83,332.02,330.85,332.02,25808.074959,2026-08-01,2026-08-01_000919
PANW,5m,2026-07-31 20:05:00+00:00,330.171,330.171,330.171,330.171,300.0,2026-08-01,2026-08-01_000919
PANW,5m,2026-07-31 20:15:00+00:00,331.99,331.99,331.99,331.99,105.5125,2026-08-01,2026-08-01_000919
PANW,5m,2026-07-31 20:25:00+00:00,331.0,331.0,331.0,331.0,206.0,2026-08-01,2026-08-01_000919
PANW,5m,2026-07-31 20:55:00+00:00,331.83,331.83,331.83,331.83,617.0,2026-08-01,2026-08-01_000919
PANW,5m,2026-07-31 21:05:00+00:00,330.73,330.73,330.73,330.73,110.0,2026-08-01,2026-08-01_000919
PANW,5m,2026-07-31 22:10:00+00:00,331.41,331.41,331.41,331.41,154.0,2026-08-01,2026-08-01_000919
PANW,5m,2026-07-31 22:30:00+00:00,330.08,330.08,330.08,330.08,579.0,2026-08-01,2026-08-01_000919
PANW,5m,2026-07-31 23:10:00+00:00,329.8299,329.8299,329.8299,329.8299,100.0,2026-08-01,2026-08-01_000919
SOXL,5m,2026-07-31 08:00:00+00:00,126.65,127.28,125.06,125.6,359835.29887100006,2026-08-01,2026-08-01_000919
SOXL,5m,2026-07-31 08:05:00+00:00,125.61,126.57,125.4083,125.46,189631.543397,2026-08-01,2026-08-01_000919
SOXL,5m,2026-07-31 08:10:00+00:00,125.45,126.8,125.3,126.79,124111.939914,2026-08-01,2026-08-01_000919
SOXL,5m,2026-07-31 08:15:00+00:00,126.79,127.3,126.4,127.24,133836.41445299998,2026-08-01,2026-08-01_000919
SOXL,5m,2026-07-31 08:20:00+00:00,127.22,127.33,127.0,127.2448,147253.106994,2026-08-01,2026-08-01_000919
SOXL,5m,2026-07-31 08:25:00+00:00,127.23,128.43,127.0848,128.28,349551.228063,2026-08-01,2026-08-01_000919
SOXL,5m,2026-07-31 08:30:00+00:00,128.2,128.6,127.92,128.28,188903.58343,2026-08-01,2026-08-01_000919
SOXL,5m,2026-07-31 08:35:00+00:00,128.2649,128.46,127.89,128.2,123645.63675,2026-08-01,2026-08-01_000919
SOXL,5m,2026-07-31 08:40:00+00:00,128.13,128.2317,127.18,127.32,140761.845042,2026-08-01,2026-08-01_000919
SOXL,5m,2026-07-31 08:45:00+00:00,127.3,128.36,127.2104,128.1427,79384.781736,2026-08-01,2026-08-01_000919
SOXL,5m,2026-07-31 08:50:00+00:00,128.12,128.3325,127.5,127.76,72592.29055399999,2026-08-01,2026-08-01_000919
SOXL,5m,2026-07-31 08:55:00+00:00,127.7056,128.3,127.67,127.91,89897.84134000001,2026-08-01,2026-08-01_000919
SOXL,5m,2026-07-31 09:00:00+00:00,128.0,128.88,127.75,128.8,147679.481974,2026-08-01,2026-08-01_000919
SOXL,5m,2026-07-31 09:05:00+00:00,128.79,129.12,128.43,129.12,190369.407528,2026-08-01,2026-08-01_000919
SOXL,5m,2026-07-31 09:10:00+00:00,129.18,129.25,128.76,128.88,109451.992874,2026-08-01,2026-08-01_000919
SOXL,5m,2026-07-31 09:15:00+00:00,128.86,128.9966,128.33,128.69,88368.472875,2026-08-01,2026-08-01_000919
SOXL,5m,2026-07-31 09:20:00+00:00,128.63,128.85,128.06,128.13,116065.20421,2026-08-01,2026-08-01_000919
SOXL,5m,2026-07-31 09:25:00+00:00,128.2,128.6,127.33,127.55,142134.406363,2026-08-01,2026-08-01_000919
SOXL,5m,2026-07-31 09:30:00+00:00,127.5,128.0,127.01,127.02,120522.34285799999,2026-08-01,2026-08-01_000919
SOXL,5m,2026-07-31 09:35:00+00:00,127.07,127.24,126.03,126.3,173385.29952200002,2026-08-01,2026-08-01_000919
SOXL,5m,2026-07-31 09:40:00+00:00,126.45,127.28,126.45,126.82,92927.367015,2026-08-01,2026-08-01_000919
SOXL,5m,2026-07-31 09:45:00+00:00,126.85,127.25,126.73,127.22,66650.082342,2026-08-01,2026-08-01_000919
SOXL,5m,2026-07-31 09:50:00+00:00,127.25,127.25,126.29,126.39,72159.006805,2026-08-01,2026-08-01_000919
SOXL,5m,2026-07-31 09:55:00+00:00,126.36,126.59,125.82,126.0753,122401.82579799999,2026-08-01,2026-08-01_000919
SOXL,5m,2026-07-31 10:00:00+00:00,126.0,126.52,125.73,126.05,82493.757265,2026-08-01,2026-08-01_000919
SOXL,5m,2026-07-31 10:05:00+00:00,126.0,126.7,125.6,126.7,124718.320043,2026-08-01,2026-08-01_000919
SOXL,5m,2026-07-31 10:10:00+00:00,126.6,127.31,126.5,127.15,94646.114468,2026-08-01,2026-08-01_000919
SOXL,5m,2026-07-31 10:15:00+00:00,127.15,127.3,126.81,127.3,41017.831508,2026-08-01,2026-08-01_000919
SOXL,5m,2026-07-31 10:20:00+00:00,127.4,127.55,126.95,126.99,67086.453954,2026-08-01,2026-08-01_000919
SOXL,5m,2026-07-31 10:25:00+00:00,126.93,127.42,126.84,127.29,37641.124405,2026-08-01,2026-08-01_000919
SOXL,5m,2026-07-31 10:30:00+00:00,127.28,127.4,127.08,127.08,71158.322763,2026-08-01,2026-08-01_000919
SOXL,5m,2026-07-31 10:35:00+00:00,127.2,127.26,126.95,127.11,38070.82562,2026-08-01,2026-08-01_000919
SOXL,5m,2026-07-31 10:40:00+00:00,127.1779,127.7,127.07,127.41,48538.744814,2026-08-01,2026-08-01_000919
SOXL,5m,2026-07-31 10:45:00+00:00,127.47,127.6586,126.56,126.6,63889.741209,2026-08-01,2026-08-01_000919
SOXL,5m,2026-07-31 10:50:00+00:00,126.7,127.2,126.56,127.2,31407.095364,2026-08-01,2026-08-01_000919
SOXL,5m,2026-07-31 10:55:00+00:00,127.21,127.35,126.72,126.93,35214.546408,2026-08-01,2026-08-01_000919
SOXL,5m,2026-07-31 11:00:00+00:00,127.015,129.2,126.93,129.02,447918.00219599996,2026-08-01,2026-08-01_000919
SOXL,5m,2026-07-31 11:05:00+00:00,129.08,129.37,128.97,129.1,266559.683189,2026-08-01,2026-08-01_000919
SOXL,5m,2026-07-31 11:10:00+00:00,129.1845,129.2,128.66,129.04,162769.83126500002,2026-08-01,2026-08-01_000919
SOXL,5m,2026-07-31 11:15:00+00:00,129.08,129.24,127.75,127.7767,244788.814768,2026-08-01,2026-08-01_000919
SOXL,5m,2026-07-31 11:20:00+00:00,127.83,128.19,127.57,128.19,190313.151013,2026-08-01,2026-08-01_000919
SOXL,5m,2026-07-31 11:25:00+00:00,128.23,128.81,127.85,128.16,173554.29433900001,2026-08-01,2026-08-01_000919
SOXL,5m,2026-07-31 11:30:00+00:00,128.16,128.16,127.31,127.89,196981.434266,2026-08-01,2026-08-01_000919
SOXL,5m,2026-07-31 11:35:00+00:00,127.8417,128.2,127.31,127.4,129328.99623599999,2026-08-01,2026-08-01_000919
SOXL,5m,2026-07-31 11:40:00+00:00,127.38,127.8064,127.08,127.67,128961.259528,2026-08-01,2026-08-01_000919
SOXL,5m,2026-07-31 11:45:00+00:00,127.72,127.94,127.4,127.85,115262.329394,2026-08-01,2026-08-01_000919
SOXL,5m,2026-07-31 11:50:00+00:00,127.84,128.24,127.73,128.09,229924.60711500002,2026-08-01,2026-08-01_000919
SOXL,5m,2026-07-31 11:55:00+00:00,128.06,128.23,127.72,128.09,73508.90445,2026-08-01,2026-08-01_000919
SOXL,5m,2026-07-31 12:00:00+00:00,128.16,128.88,126.7,126.82,250252.949506,2026-08-01,2026-08-01_000919
SOXL,5m,2026-07-31 12:05:00+00:00,126.79,126.92,126.17,126.26,188832.46337600003,2026-08-01,2026-08-01_000919
SOXL,5m,2026-07-31 12:10:00+00:00,126.22,126.26,125.48,125.7,231776.54482100002,2026-08-01,2026-08-01_000919
SOXL,5m,2026-07-31 12:15:00+00:00,125.6,125.75,124.15,124.23,357181.267772,2026-08-01,2026-08-01_000919
SOXL,5m,2026-07-31 12:20:00+00:00,124.47,126.13,124.39,125.7675,351624.79620399995,2026-08-01,2026-08-01_000919
SOXL,5m,2026-07-31 12:25:00+00:00,125.75,126.5,125.68,126.25,145435.49099999998,2026-08-01,2026-08-01_000919
SOXL,5m,2026-07-31 12:30:00+00:00,126.23,126.29,125.07,125.12,167061.43717499997,2026-08-01,2026-08-01_000919
SOXL,5m,2026-07-31 12:35:00+00:00,125.1175,125.4097,124.66,124.89,154408.940799,2026-08-01,2026-08-01_000919
SOXL,5m,2026-07-31 12:40:00+00:00,125.0867,125.55,124.64,124.91,147111.68633,2026-08-01,2026-08-01_000919
SOXL,5m,2026-07-31 12:45:00+00:00,124.99,125.21,124.4,125.09,180707.28719,2026-08-01,2026-08-01_000919
SOXL,5m,2026-07-31 12:50:00+00:00,125.0845,126.4,125.0,126.2046,181458.09533500002,2026-08-01,2026-08-01_000919
SOXL,5m,2026-07-31 12:55:00+00:00,126.2288,126.46,125.21,125.26,168332.51559300002,2026-08-01,2026-08-01_000919
SOXL,5m,2026-07-31 13:00:00+00:00,125.47,126.22,125.02,125.9315,151888.956772,2026-08-01,2026-08-01_000919
SOXL,5m,2026-07-31 13:05:00+00:00,125.95,127.12,125.78,127.095,218004.239494,2026-08-01,2026-08-01_000919
SOXL,5m,2026-07-31 13:10:00+00:00,127.12,127.74,127.0,127.4096,220465.706335,2026-08-01,2026-08-01_000919
SOXL,5m,2026-07-31 13:15:00+00:00,127.41,128.7,127.37,128.35,491489.16570799996,2026-08-01,2026-08-01_000919
SOXL,5m,2026-07-31 13:20:00+00:00,128.4055,128.46,127.77,128.06,210818.02450899998,2026-08-01,2026-08-01_000919
SOXL,5m,2026-07-31 13:25:00+00:00,128.1,129.8,128.1,129.7,683581.3183929999,2026-08-01,2026-08-01_000919
SOXL,5m,2026-07-31 13:30:00+00:00,129.9,133.88,128.6,132.41,4688861.965121,2026-08-01,2026-08-01_000919
SOXL,5m,2026-07-31 13:35:00+00:00,132.4,133.6,127.1,127.28,3528988.26071,2026-08-01,2026-08-01_000919
SOXL,5m,2026-07-31 13:40:00+00:00,127.31,128.0,121.14,121.2024,4103534.800509,2026-08-01,2026-08-01_000919
SOXL,5m,2026-07-31 13:45:00+00:00,121.28,123.91,118.1464,119.86,4470428.42352,2026-08-01,2026-08-01_000919
SOXL,5m,2026-07-31 13:50:00+00:00,119.81,122.28,117.68,119.09,4066091.924167,2026-08-01,2026-08-01_000919
SOXL,5m,2026-07-31 13:55:00+00:00,119.17,121.67,118.2106,121.055,2306095.38429,2026-08-01,2026-08-01_000919
SOXL,5m,2026-07-31 14:00:00+00:00,121.0,121.56,117.1001,117.145,2187156.617268,2026-08-01,2026-08-01_000919
SOXL,5m,2026-07-31 14:05:00+00:00,117.15,118.39,113.74,114.03,3282868.920338,2026-08-01,2026-08-01_000919
SOXL,5m,2026-07-31 14:10:00+00:00,114.04,116.56,112.42,115.21,3688361.590537,2026-08-01,2026-08-01_000919
SOXL,5m,2026-07-31 14:15:00+00:00,115.2699,118.84,113.29,117.7491,2818410.4752619998,2026-08-01,2026-08-01_000919
SOXL,5m,2026-07-31 14:20:00+00:00,117.71,120.0,116.7,117.74,2301618.700573,2026-08-01,2026-08-01_000919
SOXL,5m,2026-07-31 14:25:00+00:00,117.8857,119.7,116.6,119.69,1398112.996746,2026-08-01,2026-08-01_000919
SOXL,5m,2026-07-31 14:30:00+00:00,119.62,120.9594,118.61,119.8,1679462.472281,2026-08-01,2026-08-01_000919
SOXL,5m,2026-07-31 14:35:00+00:00,119.7858,121.55,119.67,120.435,1402822.278737,2026-08-01,2026-08-01_000919
SOXL,5m,2026-07-31 14:40:00+00:00,120.37,121.25,118.1801,119.155,1281960.0987689998,2026-08-01,2026-08-01_000919
SOXL,5m,2026-07-31 14:45:00+00:00,119.25,121.0195,117.51,120.92,1213847.2407789999,2026-08-01,2026-08-01_000919
SOXL,5m,2026-07-31 14:50:00+00:00,120.859,121.5999,119.79,120.105,1236744.51698,2026-08-01,2026-08-01_000919
SOXL,5m,2026-07-31 14:55:00+00:00,120.17,121.25,119.25,120.13,666714.4822679999,2026-08-01,2026-08-01_000919
SOXL,5m,2026-07-31 15:00:00+00:00,120.13,120.95,119.4105,120.83,592079.452754,2026-08-01,2026-08-01_000919
SOXL,5m,2026-07-31 15:05:00+00:00,120.79,121.43,119.0,119.29,626318.4904799999,2026-08-01,2026-08-01_000919
SOXL,5m,2026-07-31 15:10:00+00:00,119.23,119.41,117.0,118.38,1087410.090045,2026-08-01,2026-08-01_000919
SOXL,5m,2026-07-31 15:15:00+00:00,118.3728,120.58,117.9,118.5,662012.251912,2026-08-01,2026-08-01_000919
SOXL,5m,2026-07-31 15:20:00+00:00,118.4,118.67,116.38,116.44,788685.5057349999,2026-08-01,2026-08-01_000919
SOXL,5m,2026-07-31 15:25:00+00:00,116.41,116.73,114.08,115.82,1403159.4578620002,2026-08-01,2026-08-01_000919
SOXL,5m,2026-07-31 15:30:00+00:00,115.74,117.01,114.5898,116.49,955327.8538210001,2026-08-01,2026-08-01_000919
SOXL,5m,2026-07-31 15:35:00+00:00,116.55,118.56,116.42,117.65,1051451.092557,2026-08-01,2026-08-01_000919
SOXL,5m,2026-07-31 15:40:00+00:00,117.61,117.93,115.4074,116.62,711254.1248880001,2026-08-01,2026-08-01_000919
SOXL,5m,2026-07-31 15:45:00+00:00,116.66,116.99,115.1355,116.26,590003.805584,2026-08-01,2026-08-01_000919
SOXL,5m,2026-07-31 15:50:00+00:00,116.32,118.08,116.19,117.7624,794572.2779499999,2026-08-01,2026-08-01_000919
SOXL,5m,2026-07-31 15:55:00+00:00,117.8,118.38,116.34,117.21,555395.509391,2026-08-01,2026-08-01_000919
SOXL,5m,2026-07-31 16:00:00+00:00,117.16,118.13,116.64,117.45,572829.5974160001,2026-08-01,2026-08-01_000919
SOXL,5m,2026-07-31 16:05:00+00:00,117.37,117.46,116.18,117.1,463304.79929099994,2026-08-01,2026-08-01_000919
SOXL,5m,2026-07-31 16:10:00+00:00,117.12,117.73,116.53,117.28,340022.11960100004,2026-08-01,2026-08-01_000919
SOXL,5m,2026-07-31 16:15:00+00:00,117.35,117.5,116.05,116.95,310314.44410100003,2026-08-01,2026-08-01_000919
SOXL,5m,2026-07-31 16:20:00+00:00,116.96,117.95,116.74,117.61,376011.09435,2026-08-01,2026-08-01_000919
SOXL,5m,2026-07-31 16:25:00+00:00,117.63,119.0,116.8301,119.0,552985.9633190001,2026-08-01,2026-08-01_000919
SOXL,5m,2026-07-31 16:30:00+00:00,119.0,119.88,118.6417,119.0792,806581.661172,2026-08-01,2026-08-01_000919
SOXL,5m,2026-07-31 16:35:00+00:00,119.1,119.68,118.7,119.075,625712.2059569999,2026-08-01,2026-08-01_000919
SOXL,5m,2026-07-31 16:40:00+00:00,119.03,119.09,116.96,117.215,636705.2488149999,2026-08-01,2026-08-01_000919
SOXL,5m,2026-07-31 16:45:00+00:00,117.15,117.8184,116.77,117.74,388638.70018,2026-08-01,2026-08-01_000919
SOXL,5m,2026-07-31 16:50:00+00:00,117.79,119.08,117.69,118.12,451765.430489,2026-08-01,2026-08-01_000919
SOXL,5m,2026-07-31 16:55:00+00:00,118.11,119.4,118.1,118.65,394045.13926599995,2026-08-01,2026-08-01_000919
SOXL,5m,2026-07-31 17:00:00+00:00,118.56,119.63,118.4328,119.21,344229.451369,2026-08-01,2026-08-01_000919
SOXL,5m,2026-07-31 17:05:00+00:00,119.2,119.2836,118.2555,118.715,262674.799576,2026-08-01,2026-08-01_000919
SOXL,5m,2026-07-31 17:10:00+00:00,118.75,119.63,118.42,119.3001,393666.07572,2026-08-01,2026-08-01_000919
SOXL,5m,2026-07-31 17:15:00+00:00,119.3,119.79,119.08,119.74,378841.35692299996,2026-08-01,2026-08-01_000919
SOXL,5m,2026-07-31 17:20:00+00:00,119.76,120.0,118.7783,120.0,659348.3785999999,2026-08-01,2026-08-01_000919
SOXL,5m,2026-07-31 17:25:00+00:00,120.0,120.97,119.9701,120.52,961795.394577,2026-08-01,2026-08-01_000919
SOXL,5m,2026-07-31 17:30:00+00:00,120.4401,121.3,120.2,121.19,544794.411819,2026-08-01,2026-08-01_000919
SOXL,5m,2026-07-31 17:35:00+00:00,121.21,121.9,120.3201,120.3912,903595.018434,2026-08-01,2026-08-01_000919
SOXL,5m,2026-07-31 17:40:00+00:00,120.39,121.045,119.85,120.47,710216.588612,2026-08-01,2026-08-01_000919
SOXL,5m,2026-07-31 17:45:00+00:00,120.43,121.1,119.35,119.6134,466232.641678,2026-08-01,2026-08-01_000919
SOXL,5m,2026-07-31 17:50:00+00:00,119.51,120.61,119.35,120.05,362781.95508000004,2026-08-01,2026-08-01_000919
SOXL,5m,2026-07-31 17:55:00+00:00,120.045,120.47,119.61,119.79,314104.958033,2026-08-01,2026-08-01_000919
SOXL,5m,2026-07-31 18:00:00+00:00,119.81,120.27,119.39,119.54,274761.10331599996,2026-08-01,2026-08-01_000919
SOXL,5m,2026-07-31 18:05:00+00:00,119.52,120.1579,119.18,119.245,338349.121672,2026-08-01,2026-08-01_000919
SOXL,5m,2026-07-31 18:10:00+00:00,119.23,119.3168,117.6005,117.83,538241.0664,2026-08-01,2026-08-01_000919
SOXL,5m,2026-07-31 18:15:00+00:00,117.8,119.1,117.69,118.52,407919.272452,2026-08-01,2026-08-01_000919
SOXL,5m,2026-07-31 18:20:00+00:00,118.57,118.98,118.19,118.6,228841.659371,2026-08-01,2026-08-01_000919
SOXL,5m,2026-07-31 18:25:00+00:00,118.56,118.75,118.0,118.595,214517.763688,2026-08-01,2026-08-01_000919
SOXL,5m,2026-07-31 18:30:00+00:00,118.65,119.25,118.65,118.95,248118.94365200002,2026-08-01,2026-08-01_000919
SOXL,5m,2026-07-31 18:35:00+00:00,118.97,119.23,118.39,119.12,254841.15334500006,2026-08-01,2026-08-01_000919
SOXL,5m,2026-07-31 18:40:00+00:00,119.0001,119.21,118.7205,118.855,178930.549538,2026-08-01,2026-08-01_000919
SOXL,5m,2026-07-31 18:45:00+00:00,118.85,119.2,118.55,119.1699,180402.549846,2026-08-01,2026-08-01_000919
SOXL,5m,2026-07-31 18:50:00+00:00,119.16,119.5695,119.0401,119.23,233413.761854,2026-08-01,2026-08-01_000919
SOXL,5m,2026-07-31 18:55:00+00:00,119.19,119.38,118.13,118.81,330740.990232,2026-08-01,2026-08-01_000919
SOXL,5m,2026-07-31 19:00:00+00:00,118.8,119.47,117.88,117.96,454480.100457,2026-08-01,2026-08-01_000919
SOXL,5m,2026-07-31 19:05:00+00:00,117.9101,118.25,117.33,118.02,746205.240576,2026-08-01,2026-08-01_000919
SOXL,5m,2026-07-31 19:10:00+00:00,118.02,118.42,117.62,118.09,503014.683905,2026-08-01,2026-08-01_000919
SOXL,5m,2026-07-31 19:15:00+00:00,118.075,118.9999,117.74,118.925,596335.683018,2026-08-01,2026-08-01_000919
SOXL,5m,2026-07-31 19:20:00+00:00,118.89,119.28,118.41,118.5499,582647.2804299999,2026-08-01,2026-08-01_000919
SOXL,5m,2026-07-31 19:25:00+00:00,118.48,118.8,118.11,118.68,548342.1068020001,2026-08-01,2026-08-01_000919
SOXL,5m,2026-07-31 19:30:00+00:00,118.64,118.92,118.02,118.55,1378695.3093039999,2026-08-01,2026-08-01_000919
SOXL,5m,2026-07-31 19:35:00+00:00,118.55,118.65,117.5,117.74,452823.27349199995,2026-08-01,2026-08-01_000919
SOXL,5m,2026-07-31 19:40:00+00:00,117.7,118.23,117.1,118.105,622953.617341,2026-08-01,2026-08-01_000919
SOXL,5m,2026-07-31 19:45:00+00:00,118.15,119.0,118.1,118.875,766828.313883,2026-08-01,2026-08-01_000919
SOXL,5m,2026-07-31 19:50:00+00:00,118.8,118.93,117.49,117.54,1088277.759204,2026-08-01,2026-08-01_000919
SOXL,5m,2026-07-31 19:55:00+00:00,117.63,117.77,114.61,114.61,3076430.524018,2026-08-01,2026-08-01_000919
SOXL,5m,2026-07-31 20:00:00+00:00,114.99,117.0,114.0,114.29,332908.92962199997,2026-08-01,2026-08-01_000919
SOXL,5m,2026-07-31 20:05:00+00:00,114.219,114.47,113.7303,114.42,178014.031758,2026-08-01,2026-08-01_000919
SOXL,5m,2026-07-31 20:10:00+00:00,114.3509,114.5,114.2,114.34,87456.684373,2026-08-01,2026-08-01_000919
SOXL,5m,2026-07-31 20:15:00+00:00,114.32,114.39,113.88,114.27,90906.687482,2026-08-01,2026-08-01_000919
SOXL,5m,2026-07-31 20:20:00+00:00,114.25,114.27,113.88,113.8934,92168.602698,2026-08-01,2026-08-01_000919
SOXL,5m,2026-07-31 20:25:00+00:00,113.84,113.983,113.52,113.75,110573.75675000002,2026-08-01,2026-08-01_000919
SOXL,5m,2026-07-31 20:30:00+00:00,113.71,114.2,113.5,114.11,105774.70407,2026-08-01,2026-08-01_000919
SOXL,5m,2026-07-31 20:35:00+00:00,114.11,114.27,114.0,114.16,70059.089202,2026-08-01,2026-08-01_000919
SOXL,5m,2026-07-31 20:40:00+00:00,114.1,114.23,114.02,114.14,30492.203188,2026-08-01,2026-08-01_000919
SOXL,5m,2026-07-31 20:45:00+00:00,114.11,114.47,114.11,114.45,68398.480742,2026-08-01,2026-08-01_000919
SOXL,5m,2026-07-31 20:50:00+00:00,114.46,114.6,113.4,113.48,127258.00810100001,2026-08-01,2026-08-01_000919
SOXL,5m,2026-07-31 20:55:00+00:00,113.5,113.66,112.88,112.89,231414.61348,2026-08-01,2026-08-01_000919
SOXL,5m,2026-07-31 21:00:00+00:00,112.9213,113.75,112.91,113.6155,88004.72516799999,2026-08-01,2026-08-01_000919
SOXL,5m,2026-07-31 21:05:00+00:00,113.69,113.97,113.63,113.905,48992.551436,2026-08-01,2026-08-01_000919
SOXL,5m,2026-07-31 21:10:00+00:00,113.905,113.97,113.7785,113.8,52495.855483,2026-08-01,2026-08-01_000919
SOXL,5m,2026-07-31 21:15:00+00:00,113.8,113.8,113.18,113.51,82904.10896099999,2026-08-01,2026-08-01_000919
SOXL,5m,2026-07-31 21:20:00+00:00,113.43,113.6437,113.32,113.5,41147.043806,2026-08-01,2026-08-01_000919
SOXL,5m,2026-07-31 21:25:00+00:00,113.49,113.49,112.79,112.79,61603.118987,2026-08-01,2026-08-01_000919
SOXL,5m,2026-07-31 21:30:00+00:00,112.7,113.01,112.67,112.75,48189.639516999996,2026-08-01,2026-08-01_000919
SOXL,5m,2026-07-31 21:35:00+00:00,112.75,112.88,112.66,112.8486,51374.663677000004,2026-08-01,2026-08-01_000919
SOXL,5m,2026-07-31 21:40:00+00:00,112.84,112.949,112.78,112.85,41275.106524999996,2026-08-01,2026-08-01_000919
SOXL,5m,2026-07-31 21:45:00+00:00,112.87,112.89,112.12,112.3123,65427.506796999995,2026-08-01,2026-08-01_000919
SOXL,5m,2026-07-31 21:50:00+00:00,112.44,112.5,112.11,112.45,50622.459256,2026-08-01,2026-08-01_000919
SOXL,5m,2026-07-31 21:55:00+00:00,112.4247,112.45,112.31,112.4,50449.708959999996,2026-08-01,2026-08-01_000919
SOXL,5m,2026-07-31 22:00:00+00:00,112.41,113.0,112.41,112.76,45193.532772,2026-08-01,2026-08-01_000919
SOXL,5m,2026-07-31 22:05:00+00:00,112.6,112.9013,112.5,112.9,25939.952003000002,2026-08-01,2026-08-01_000919
SOXL,5m,2026-07-31 22:10:00+00:00,112.84,113.0,112.65,112.83,32300.291131000005,2026-08-01,2026-08-01_000919
SOXL,5m,2026-07-31 22:15:00+00:00,112.8,112.97,112.7423,112.78,36085.232952,2026-08-01,2026-08-01_000919
SOXL,5m,2026-07-31 22:20:00+00:00,112.88,112.88,112.66,112.68,51044.908832999994,2026-08-01,2026-08-01_000919
SOXL,5m,2026-07-31 22:25:00+00:00,112.68,112.8,112.5981,112.79,32464.665828999998,2026-08-01,2026-08-01_000919
SOXL,5m,2026-07-31 22:30:00+00:00,112.75,113.5,112.75,113.4517,36646.393319,2026-08-01,2026-08-01_000919
SOXL,5m,2026-07-31 22:35:00+00:00,113.41,113.91,113.16,113.7071,34112.198627,2026-08-01,2026-08-01_000919
SOXL,5m,2026-07-31 22:40:00+00:00,113.7423,113.96,113.7,113.93,32430.998559,2026-08-01,2026-08-01_000919
SOXL,5m,2026-07-31 22:45:00+00:00,113.89,114.06,113.6,113.805,32866.105241,2026-08-01,2026-08-01_000919
SOXL,5m,2026-07-31 22:50:00+00:00,113.97,114.03,113.73,113.75,28197.210991,2026-08-01,2026-08-01_000919
SOXL,5m,2026-07-31 22:55:00+00:00,113.8,114.0,113.68,113.7,25870.184749,2026-08-01,2026-08-01_000919
SOXL,5m,2026-07-31 23:00:00+00:00,113.672,113.95,113.65,113.92,25576.522238,2026-08-01,2026-08-01_000919
SOXL,5m,2026-07-31 23:05:00+00:00,113.92,113.95,113.52,113.53,22043.318236,2026-08-01,2026-08-01_000919
SOXL,5m,2026-07-31 23:10:00+00:00,113.56,113.56,113.12,113.13,29267.374537000003,2026-08-01,2026-08-01_000919
SOXL,5m,2026-07-31 23:15:00+00:00,113.24,113.46,113.21,113.46,17563.292659,2026-08-01,2026-08-01_000919
SOXL,5m,2026-07-31 23:20:00+00:00,113.4493,113.88,113.26,113.8,22560.113585999996,2026-08-01,2026-08-01_000919
SOXL,5m,2026-07-31 23:25:00+00:00,113.7983,113.97,113.7,113.9491,29225.308382,2026-08-01,2026-08-01_000919
SOXL,5m,2026-07-31 23:30:00+00:00,113.91,113.95,113.69,113.94,14322.621463,2026-08-01,2026-08-01_000919
SOXL,5m,2026-07-31 23:35:00+00:00,113.97,114.07,113.77,113.7859,37878.599271,2026-08-01,2026-08-01_000919
SOXL,5m,2026-07-31 23:40:00+00:00,113.83,113.95,113.54,113.6,41042.171163,2026-08-01,2026-08-01_000919
SOXL,5m,2026-07-31 23:45:00+00:00,113.63,113.7,113.23,113.36,48743.789223,2026-08-01,2026-08-01_000919
SOXL,5m,2026-07-31 23:50:00+00:00,113.3453,113.3706,113.0,113.0,36136.758021,2026-08-01,2026-08-01_000919
SOXL,5m,2026-07-31 23:55:00+00:00,113.0,113.15,112.66,112.66,79551.12761,2026-08-01,2026-08-01_000919
