event_id,trading_day,time,symbol,category,event,context,origin,stage,rule,passed,actual,required,previous_state,state_changed,setup_score,rr,option_quality,candle_time,candle_open,candle_high,candle_low,candle_close,candle_volume,scanner_recommendation,execution_eligibility,execution_outcome,execution_reason,trade_status,telegram_status,telegram_reason,scan_id,candidate_key,trade_id
d6032fb9a4f80f98cb5d9028,2026-07-31,2026-07-31 00:38:19 EDT,QQQ,Scanner,STALE STOCK DATA,Stock aggregate data is not real-time,Scanner decision,Decision,LOW_RR,False,STALE_STOCK_DATA,ENTER or ENTER_PAPER,,False,59.0,0.73,,2026-07-30T23:58:00+00:00,688.64,688.64,688.2,688.28,9771.13,NO_RECOMMENDATION,NOT_REQUESTED,NOT_REQUESTED,,NOT_CREATED,NO_LIFECYCLE_EVENT,NO_LIFECYCLE_EVENT,2026-07-31_003816,,
b7d3cea4a1ba3068cbd01b90,2026-07-31,2026-07-31 00:38:19 EDT,QQQ,Scanner,RULE FAILED,59.0 / required 85.0,Rule evaluation,Entry,Setup,False,59.0,85.0,,,,,,,,,,,,,,,,,,,2026-07-31_003816,,
203f1f7f013656bb364e6cec,2026-07-31,2026-07-31 00:38:19 EDT,QQQ,Scanner,RULE FAILED,0.73 / required 2.0,Rule evaluation,Risk,RR,False,0.73,2.0,,,,,,,,,,,,,,,,,,,2026-07-31_003816,,
62b72b6572032d84a2b16bba,2026-07-31,2026-07-31 00:38:19 EDT,QQQ,Scanner,RULE FAILED,0.0 / required 65.0,Rule evaluation,Option,Option Quality,False,0.0,65.0,,,,,,,,,,,,,,,,,,,2026-07-31_003816,,
a062be4019896652cd840fa9,2026-07-31,2026-07-31 00:38:19 EDT,QQQ,Scanner,RULE FAILED,None / required LIVE_QUOTE,Rule evaluation,Realtime,Quote Freshness,False,,LIVE_QUOTE,,,,,,,,,,,,,,,,,,,2026-07-31_003816,,
176285bc037c6e40767566eb,2026-07-31,2026-07-31 00:38:19 EDT,QQQ,Scanner,RULE PASSED,True / required True,Rule evaluation,Affordability,Affordability,True,True,True,,,,,,,,,,,,,,,,,,,2026-07-31_003816,,
62dfa1031a40bc7964e55239,2026-07-31,2026-07-31 00:38:19 EDT,QQQ,Scanner,RULE FAILED,NOT_LIFECYCLE_EVENT / required ELIGIBLE,Rule evaluation,Telegram,Telegram,False,NOT_LIFECYCLE_EVENT,ELIGIBLE,,,,,,,,,,,,,,,,,,,2026-07-31_003816,,
e5444ec9fc9a04ea99e6867a,2026-07-31,2026-07-31 00:38:22 EDT,SPY,Scanner,STALE STOCK DATA,Stock aggregate data is not real-time,Scanner decision,Decision,LOW_RR,False,STALE_STOCK_DATA,ENTER or ENTER_PAPER,,False,59.0,0.39,,2026-07-30T23:58:00+00:00,743.64,743.64,743.33,743.33,3416.22,NO_RECOMMENDATION,NOT_REQUESTED,NOT_REQUESTED,,NOT_CREATED,NO_LIFECYCLE_EVENT,NO_LIFECYCLE_EVENT,2026-07-31_003816,,
5626ab3caa997f64fdea4462,2026-07-31,2026-07-31 00:38:22 EDT,SPY,Scanner,RULE FAILED,59.0 / required 81.0,Rule evaluation,Entry,Setup,False,59.0,81.0,,,,,,,,,,,,,,,,,,,2026-07-31_003816,,
2abc354ae1488684d18ca386,2026-07-31,2026-07-31 00:38:22 EDT,SPY,Scanner,RULE FAILED,0.39 / required 2.0,Rule evaluation,Risk,RR,False,0.39,2.0,,,,,,,,,,,,,,,,,,,2026-07-31_003816,,
669d3ca7b234a104db5efbdf,2026-07-31,2026-07-31 00:38:22 EDT,SPY,Scanner,RULE FAILED,0.0 / required 65.0,Rule evaluation,Option,Option Quality,False,0.0,65.0,,,,,,,,,,,,,,,,,,,2026-07-31_003816,,
9b7d514795cc657fe75b709f,2026-07-31,2026-07-31 00:38:22 EDT,SPY,Scanner,RULE FAILED,None / required LIVE_QUOTE,Rule evaluation,Realtime,Quote Freshness,False,,LIVE_QUOTE,,,,,,,,,,,,,,,,,,,2026-07-31_003816,,
e5ecdfc193e0713f80a3ae69,2026-07-31,2026-07-31 00:38:22 EDT,SPY,Scanner,RULE PASSED,True / required True,Rule evaluation,Affordability,Affordability,True,True,True,,,,,,,,,,,,,,,,,,,2026-07-31_003816,,
ba853fa573785b563aefd53f,2026-07-31,2026-07-31 00:38:22 EDT,SPY,Scanner,RULE FAILED,NOT_LIFECYCLE_EVENT / required ELIGIBLE,Rule evaluation,Telegram,Telegram,False,NOT_LIFECYCLE_EVENT,ELIGIBLE,,,,,,,,,,,,,,,,,,,2026-07-31_003816,,
97392f167ad6fbebefb268ef,2026-07-31,2026-07-31 00:38:24 EDT,NVDA,Scanner,STALE STOCK DATA,Stock aggregate data is not real-time,Scanner decision,Decision,DELAYED_DATA_CONFIRM_LIVE_CHART,False,STALE_STOCK_DATA,ENTER or ENTER_PAPER,,False,85.0,2.29,,2026-07-30T23:58:00+00:00,196.8,196.85,196.75,196.84,14178.58,NO_RECOMMENDATION,NOT_REQUESTED,NOT_REQUESTED,,NOT_CREATED,NO_LIFECYCLE_EVENT,NO_LIFECYCLE_EVENT,2026-07-31_003816,NVDA|CALL|ACTIVE_TRADE,
e4faa05bdfd0280a1540e68c,2026-07-31,2026-07-31 00:38:24 EDT,NVDA,Scanner,RULE PASSED,85.0 / required 81.0,Rule evaluation,Entry,Setup,True,85.0,81.0,,,,,,,,,,,,,,,,,,,2026-07-31_003816,NVDA|CALL|ACTIVE_TRADE,
fe765028e000f7d22f826d4d,2026-07-31,2026-07-31 00:38:24 EDT,NVDA,Scanner,RULE PASSED,2.29 / required 2.0,Rule evaluation,Risk,RR,True,2.29,2.0,,,,,,,,,,,,,,,,,,,2026-07-31_003816,NVDA|CALL|ACTIVE_TRADE,
98f4b82df1073314f766433e,2026-07-31,2026-07-31 00:38:24 EDT,NVDA,Scanner,RULE FAILED,0.0 / required 65.0,Rule evaluation,Option,Option Quality,False,0.0,65.0,,,,,,,,,,,,,,,,,,,2026-07-31_003816,NVDA|CALL|ACTIVE_TRADE,
4f2b869d1f36ac64759bd42e,2026-07-31,2026-07-31 00:38:24 EDT,NVDA,Scanner,RULE FAILED,None / required LIVE_QUOTE,Rule evaluation,Realtime,Quote Freshness,False,,LIVE_QUOTE,,,,,,,,,,,,,,,,,,,2026-07-31_003816,NVDA|CALL|ACTIVE_TRADE,
5221a33da29b96d72655ac49,2026-07-31,2026-07-31 00:38:24 EDT,NVDA,Scanner,RULE PASSED,True / required True,Rule evaluation,Affordability,Affordability,True,True,True,,,,,,,,,,,,,,,,,,,2026-07-31_003816,NVDA|CALL|ACTIVE_TRADE,
fa65171589594aefbb42ac9b,2026-07-31,2026-07-31 00:38:24 EDT,NVDA,Scanner,RULE FAILED,ACTIVE_TRADE_SUPPRESSED / required ELIGIBLE,Rule evaluation,Telegram,Telegram,False,ACTIVE_TRADE_SUPPRESSED,ELIGIBLE,,,,,,,,,,,,,,,,,,,2026-07-31_003816,NVDA|CALL|ACTIVE_TRADE,
6a6e7e44de39982e94331c01,2026-07-31,2026-07-31 00:38:24 EDT,NVDA,Scanner,RULE PASSED,Hard stop hit (short) / required EXIT,Rule evaluation,Trade Lifecycle,Exit Decision,True,Hard stop hit (short),EXIT,,,,,,,,,,,,,,,,,,,2026-07-31_003816,NVDA|CALL|ACTIVE_TRADE,
e3da6b33dacaa3178bfc3a61,2026-07-31,2026-07-31 00:38:28 EDT,AAPL,Scanner,STALE STOCK DATA,Stock aggregate data is not real-time,Scanner decision,Decision,RISK_REJECTED,False,STALE_STOCK_DATA,ENTER or ENTER_PAPER,,False,42.0,2.23,,2026-07-30T23:58:00+00:00,312.72,312.82,312.3,312.33,39059.41,NO_RECOMMENDATION,NOT_REQUESTED,NOT_REQUESTED,,NOT_CREATED,NO_LIFECYCLE_EVENT,NO_LIFECYCLE_EVENT,2026-07-31_003816,,
57cf320ea29a230b41eb7f2a,2026-07-31,2026-07-31 00:38:28 EDT,AAPL,Scanner,RULE FAILED,42.0 / required 81.0,Rule evaluation,Entry,Setup,False,42.0,81.0,,,,,,,,,,,,,,,,,,,2026-07-31_003816,,
4239445c36c3712a2f1b2bd2,2026-07-31,2026-07-31 00:38:28 EDT,AAPL,Scanner,RULE PASSED,2.23 / required 2.0,Rule evaluation,Risk,RR,True,2.23,2.0,,,,,,,,,,,,,,,,,,,2026-07-31_003816,,
87a1ce06c7c09a1ac64e30f6,2026-07-31,2026-07-31 00:38:28 EDT,AAPL,Scanner,RULE FAILED,0.0 / required 65.0,Rule evaluation,Option,Option Quality,False,0.0,65.0,,,,,,,,,,,,,,,,,,,2026-07-31_003816,,
c928053a621f4bd07467d6ec,2026-07-31,2026-07-31 00:38:28 EDT,AAPL,Scanner,RULE FAILED,None / required LIVE_QUOTE,Rule evaluation,Realtime,Quote Freshness,False,,LIVE_QUOTE,,,,,,,,,,,,,,,,,,,2026-07-31_003816,,
5c70bba5f3212d9f6e809b6e,2026-07-31,2026-07-31 00:38:28 EDT,AAPL,Scanner,RULE PASSED,True / required True,Rule evaluation,Affordability,Affordability,True,True,True,,,,,,,,,,,,,,,,,,,2026-07-31_003816,,
c56e097915e3789c7efa9ede,2026-07-31,2026-07-31 00:38:28 EDT,AAPL,Scanner,RULE FAILED,NOT_LIFECYCLE_EVENT / required ELIGIBLE,Rule evaluation,Telegram,Telegram,False,NOT_LIFECYCLE_EVENT,ELIGIBLE,,,,,,,,,,,,,,,,,,,2026-07-31_003816,,
0f327bb55232ac7d709443a5,2026-07-31,2026-07-31 00:38:29 EDT,MSFT,Scanner,NO TRADE MARKET CLOSED,Market closed; no live intraday trade,Scanner decision,Decision,NO_DIRECTIONAL_EDGE,False,NO_TRADE_MARKET_CLOSED,ENTER or ENTER_PAPER,,False,5.0,0.0,,2026-07-30T23:58:00+00:00,448.3,448.5,448.3,448.47,6229.75,NO_RECOMMENDATION,NOT_REQUESTED,NOT_REQUESTED,,NOT_CREATED,NO_LIFECYCLE_EVENT,NO_LIFECYCLE_EVENT,2026-07-31_003816,,
ca0d11d386d561c67f17d81e,2026-07-31,2026-07-31 00:38:29 EDT,MSFT,Scanner,RULE FAILED,5.0 / required 85.0,Rule evaluation,Entry,Setup,False,5.0,85.0,,,,,,,,,,,,,,,,,,,2026-07-31_003816,,
4e6834a34b4aa640d991f568,2026-07-31,2026-07-31 00:38:29 EDT,MSFT,Scanner,RULE FAILED,0.0 / required 2.0,Rule evaluation,Risk,RR,False,0.0,2.0,,,,,,,,,,,,,,,,,,,2026-07-31_003816,,
d4eb0875d647039add04074a,2026-07-31,2026-07-31 00:38:29 EDT,MSFT,Scanner,RULE FAILED,0.0 / required 65.0,Rule evaluation,Option,Option Quality,False,0.0,65.0,,,,,,,,,,,,,,,,,,,2026-07-31_003816,,
6f1554f791b83c81dad2217a,2026-07-31,2026-07-31 00:38:29 EDT,MSFT,Scanner,RULE FAILED,None / required LIVE_QUOTE,Rule evaluation,Realtime,Quote Freshness,False,,LIVE_QUOTE,,,,,,,,,,,,,,,,,,,2026-07-31_003816,,
5e1773abbc97470b5647608a,2026-07-31,2026-07-31 00:38:29 EDT,MSFT,Scanner,RULE PASSED,True / required True,Rule evaluation,Affordability,Affordability,True,True,True,,,,,,,,,,,,,,,,,,,2026-07-31_003816,,
fdaa18ecb8bbbaa2fc3e2fc2,2026-07-31,2026-07-31 00:38:29 EDT,MSFT,Scanner,RULE FAILED,NOT_LIFECYCLE_EVENT / required ELIGIBLE,Rule evaluation,Telegram,Telegram,False,NOT_LIFECYCLE_EVENT,ELIGIBLE,,,,,,,,,,,,,,,,,,,2026-07-31_003816,,
d4241047acb08a17be8e932d,2026-07-31,2026-07-31 00:38:31 EDT,AMZN,Scanner,STALE STOCK DATA,Stock aggregate data is not real-time,Scanner decision,Decision,RISK_REJECTED,False,STALE_STOCK_DATA,ENTER or ENTER_PAPER,,False,59.0,3.46,,2026-07-30T23:58:00+00:00,258.03,258.11,257.95,258.0,24686.7,NO_RECOMMENDATION,NOT_REQUESTED,NOT_REQUESTED,,NOT_CREATED,NO_LIFECYCLE_EVENT,NO_LIFECYCLE_EVENT,2026-07-31_003816,,
1a583a104e2995b367e3d3a8,2026-07-31,2026-07-31 00:38:31 EDT,AMZN,Scanner,RULE FAILED,59.0 / required 81.0,Rule evaluation,Entry,Setup,False,59.0,81.0,,,,,,,,,,,,,,,,,,,2026-07-31_003816,,
85da7534527a7e6e7f7bc113,2026-07-31,2026-07-31 00:38:31 EDT,AMZN,Scanner,RULE PASSED,3.46 / required 2.0,Rule evaluation,Risk,RR,True,3.46,2.0,,,,,,,,,,,,,,,,,,,2026-07-31_003816,,
0e8760e5e627f519a7e94817,2026-07-31,2026-07-31 00:38:31 EDT,AMZN,Scanner,RULE FAILED,0.0 / required 65.0,Rule evaluation,Option,Option Quality,False,0.0,65.0,,,,,,,,,,,,,,,,,,,2026-07-31_003816,,
9ba0a1a51ccc99e601e5b310,2026-07-31,2026-07-31 00:38:31 EDT,AMZN,Scanner,RULE FAILED,None / required LIVE_QUOTE,Rule evaluation,Realtime,Quote Freshness,False,,LIVE_QUOTE,,,,,,,,,,,,,,,,,,,2026-07-31_003816,,
acd9469ce12ababe2b3d0a82,2026-07-31,2026-07-31 00:38:31 EDT,AMZN,Scanner,RULE PASSED,True / required True,Rule evaluation,Affordability,Affordability,True,True,True,,,,,,,,,,,,,,,,,,,2026-07-31_003816,,
ea2f5872669fb87df2b38c1f,2026-07-31,2026-07-31 00:38:31 EDT,AMZN,Scanner,RULE FAILED,NOT_LIFECYCLE_EVENT / required ELIGIBLE,Rule evaluation,Telegram,Telegram,False,NOT_LIFECYCLE_EVENT,ELIGIBLE,,,,,,,,,,,,,,,,,,,2026-07-31_003816,,
920a53fdd15d4916d54f2037,2026-07-31,2026-07-31 00:38:33 EDT,META,Scanner,STALE STOCK DATA,Stock aggregate data is not real-time,Scanner decision,Decision,LOW_RR,False,STALE_STOCK_DATA,ENTER or ENTER_PAPER,,False,35.0,1.14,,2026-07-30T23:58:00+00:00,542.94,543.0,542.74,542.75,2023.46,NO_RECOMMENDATION,NOT_REQUESTED,NOT_REQUESTED,,NOT_CREATED,NO_LIFECYCLE_EVENT,NO_LIFECYCLE_EVENT,2026-07-31_003816,,
290cdd5e51b63813cc31cb40,2026-07-31,2026-07-31 00:38:33 EDT,META,Scanner,RULE FAILED,35.0 / required 85.0,Rule evaluation,Entry,Setup,False,35.0,85.0,,,,,,,,,,,,,,,,,,,2026-07-31_003816,,
ead98807fd6490066eac48bb,2026-07-31,2026-07-31 00:38:33 EDT,META,Scanner,RULE FAILED,1.14 / required 2.0,Rule evaluation,Risk,RR,False,1.14,2.0,,,,,,,,,,,,,,,,,,,2026-07-31_003816,,
85bbdd54c39ed942a7dce10a,2026-07-31,2026-07-31 00:38:33 EDT,META,Scanner,RULE FAILED,0.0 / required 65.0,Rule evaluation,Option,Option Quality,False,0.0,65.0,,,,,,,,,,,,,,,,,,,2026-07-31_003816,,
fa664bcd488d45d4e85ce4a7,2026-07-31,2026-07-31 00:38:33 EDT,META,Scanner,RULE FAILED,None / required LIVE_QUOTE,Rule evaluation,Realtime,Quote Freshness,False,,LIVE_QUOTE,,,,,,,,,,,,,,,,,,,2026-07-31_003816,,
232dc31d396f89f2d416da65,2026-07-31,2026-07-31 00:38:33 EDT,META,Scanner,RULE PASSED,True / required True,Rule evaluation,Affordability,Affordability,True,True,True,,,,,,,,,,,,,,,,,,,2026-07-31_003816,,
dc3cc4bc670f2374a38eeefb,2026-07-31,2026-07-31 00:38:33 EDT,META,Scanner,RULE FAILED,NOT_LIFECYCLE_EVENT / required ELIGIBLE,Rule evaluation,Telegram,Telegram,False,NOT_LIFECYCLE_EVENT,ELIGIBLE,,,,,,,,,,,,,,,,,,,2026-07-31_003816,,
42878057fa3e4ebb1887d6b6,2026-07-31,2026-07-31 00:38:35 EDT,TSLA,Scanner,STALE STOCK DATA,Stock aggregate data is not real-time,Scanner decision,Decision,NO_ENTRY_TRIGGER,False,STALE_STOCK_DATA,ENTER or ENTER_PAPER,,False,24.0,0.75,,2026-07-30T23:58:00+00:00,309.1,309.1,309.02,309.1,8165.0,NO_RECOMMENDATION,NOT_REQUESTED,NOT_REQUESTED,,NOT_CREATED,NO_LIFECYCLE_EVENT,NO_LIFECYCLE_EVENT,2026-07-31_003816,,
e7c02397a97f94dec7f854a0,2026-07-31,2026-07-31 00:38:35 EDT,TSLA,Scanner,RULE FAILED,24.0 / required 85.0,Rule evaluation,Entry,Setup,False,24.0,85.0,,,,,,,,,,,,,,,,,,,2026-07-31_003816,,
2f53f2e5a0f300953490bb57,2026-07-31,2026-07-31 00:38:35 EDT,TSLA,Scanner,RULE FAILED,0.75 / required 2.0,Rule evaluation,Risk,RR,False,0.75,2.0,,,,,,,,,,,,,,,,,,,2026-07-31_003816,,
a72c2ca1dafc21209a13db26,2026-07-31,2026-07-31 00:38:35 EDT,TSLA,Scanner,RULE FAILED,0.0 / required 65.0,Rule evaluation,Option,Option Quality,False,0.0,65.0,,,,,,,,,,,,,,,,,,,2026-07-31_003816,,
922a8e0aa9b64111b134fe38,2026-07-31,2026-07-31 00:38:35 EDT,TSLA,Scanner,RULE FAILED,None / required LIVE_QUOTE,Rule evaluation,Realtime,Quote Freshness,False,,LIVE_QUOTE,,,,,,,,,,,,,,,,,,,2026-07-31_003816,,
1aed2c8cfaa5ae2c5fa9d9b1,2026-07-31,2026-07-31 00:38:35 EDT,TSLA,Scanner,RULE PASSED,True / required True,Rule evaluation,Affordability,Affordability,True,True,True,,,,,,,,,,,,,,,,,,,2026-07-31_003816,,
96f62829868a3754daadbf83,2026-07-31,2026-07-31 00:38:35 EDT,TSLA,Scanner,RULE FAILED,NOT_LIFECYCLE_EVENT / required ELIGIBLE,Rule evaluation,Telegram,Telegram,False,NOT_LIFECYCLE_EVENT,ELIGIBLE,,,,,,,,,,,,,,,,,,,2026-07-31_003816,,
30c776f18cc513671fb5c7c9,2026-07-31,2026-07-31 00:38:37 EDT,AMD,Scanner,NO TRADE MARKET CLOSED,Market closed; no live intraday trade,Scanner decision,Decision,NO_DIRECTIONAL_EDGE,False,NO_TRADE_MARKET_CLOSED,ENTER or ENTER_PAPER,,False,4.0,0.0,,2026-07-30T23:58:00+00:00,499.8,499.8,499.26,499.26,6026.01,NO_RECOMMENDATION,NOT_REQUESTED,NOT_REQUESTED,,NOT_CREATED,NO_LIFECYCLE_EVENT,NO_LIFECYCLE_EVENT,2026-07-31_003816,,
978eec82bbf70e19fca17a97,2026-07-31,2026-07-31 00:38:37 EDT,AMD,Scanner,RULE FAILED,4.0 / required 81.0,Rule evaluation,Entry,Setup,False,4.0,81.0,,,,,,,,,,,,,,,,,,,2026-07-31_003816,,
8f7b8f109cd985f0ab3089e7,2026-07-31,2026-07-31 00:38:37 EDT,AMD,Scanner,RULE FAILED,0.0 / required 2.0,Rule evaluation,Risk,RR,False,0.0,2.0,,,,,,,,,,,,,,,,,,,2026-07-31_003816,,
ef472f58fac11020e4b7a74a,2026-07-31,2026-07-31 00:38:37 EDT,AMD,Scanner,RULE FAILED,0.0 / required 65.0,Rule evaluation,Option,Option Quality,False,0.0,65.0,,,,,,,,,,,,,,,,,,,2026-07-31_003816,,
92f9bcc7b2296dec81d3e95b,2026-07-31,2026-07-31 00:38:37 EDT,AMD,Scanner,RULE FAILED,None / required LIVE_QUOTE,Rule evaluation,Realtime,Quote Freshness,False,,LIVE_QUOTE,,,,,,,,,,,,,,,,,,,2026-07-31_003816,,
d42fba58ad907e6c8cd6b035,2026-07-31,2026-07-31 00:38:37 EDT,AMD,Scanner,RULE PASSED,True / required True,Rule evaluation,Affordability,Affordability,True,True,True,,,,,,,,,,,,,,,,,,,2026-07-31_003816,,
e29a0056c7f5e7d97198ab21,2026-07-31,2026-07-31 00:38:37 EDT,AMD,Scanner,RULE FAILED,NOT_LIFECYCLE_EVENT / required ELIGIBLE,Rule evaluation,Telegram,Telegram,False,NOT_LIFECYCLE_EVENT,ELIGIBLE,,,,,,,,,,,,,,,,,,,2026-07-31_003816,,
333ff1d46245a607cb02006e,2026-07-31,2026-07-31 00:38:39 EDT,AVGO,Scanner,STALE STOCK DATA,Stock aggregate data is not real-time,Scanner decision,Decision,LOW_RR,False,STALE_STOCK_DATA,ENTER or ENTER_PAPER,,False,59.0,1.19,,2026-07-30T23:58:00+00:00,390.53,390.7,390.5,390.6,778.0,NO_RECOMMENDATION,NOT_REQUESTED,NOT_REQUESTED,,NOT_CREATED,NO_LIFECYCLE_EVENT,NO_LIFECYCLE_EVENT,2026-07-31_003816,,
76b847487095c18b5f2eafdd,2026-07-31,2026-07-31 00:38:39 EDT,AVGO,Scanner,RULE FAILED,59.0 / required 85.0,Rule evaluation,Entry,Setup,False,59.0,85.0,,,,,,,,,,,,,,,,,,,2026-07-31_003816,,
9d2713d0814e9004b9415467,2026-07-31,2026-07-31 00:38:39 EDT,AVGO,Scanner,RULE FAILED,1.19 / required 2.0,Rule evaluation,Risk,RR,False,1.19,2.0,,,,,,,,,,,,,,,,,,,2026-07-31_003816,,
87be9a9c6c491fdea6085de9,2026-07-31,2026-07-31 00:38:39 EDT,AVGO,Scanner,RULE FAILED,0.0 / required 65.0,Rule evaluation,Option,Option Quality,False,0.0,65.0,,,,,,,,,,,,,,,,,,,2026-07-31_003816,,
9106c1f504caf86d7f4929bc,2026-07-31,2026-07-31 00:38:39 EDT,AVGO,Scanner,RULE FAILED,None / required LIVE_QUOTE,Rule evaluation,Realtime,Quote Freshness,False,,LIVE_QUOTE,,,,,,,,,,,,,,,,,,,2026-07-31_003816,,
d7bfc71a8bc9450c0e9978cf,2026-07-31,2026-07-31 00:38:39 EDT,AVGO,Scanner,RULE PASSED,True / required True,Rule evaluation,Affordability,Affordability,True,True,True,,,,,,,,,,,,,,,,,,,2026-07-31_003816,,
5b32aba66be9beeab6d5e69a,2026-07-31,2026-07-31 00:38:39 EDT,AVGO,Scanner,RULE FAILED,NOT_LIFECYCLE_EVENT / required ELIGIBLE,Rule evaluation,Telegram,Telegram,False,NOT_LIFECYCLE_EVENT,ELIGIBLE,,,,,,,,,,,,,,,,,,,2026-07-31_003816,,
fc0d6a2da66b4761ec605a50,2026-07-31,2026-07-31 00:38:41 EDT,MU,Scanner,STALE STOCK DATA,Stock aggregate data is not real-time,Scanner decision,Decision,RISK_REJECTED,False,STALE_STOCK_DATA,ENTER or ENTER_PAPER,,False,33.0,3.15,,2026-07-30T23:58:00+00:00,903.12,903.5,902.6,903.0,15569.37,NO_RECOMMENDATION,NOT_REQUESTED,NOT_REQUESTED,,NOT_CREATED,NO_LIFECYCLE_EVENT,NO_LIFECYCLE_EVENT,2026-07-31_003816,,
4288af1087666989274625d7,2026-07-31,2026-07-31 00:38:41 EDT,MU,Scanner,RULE FAILED,33.0 / required 81.0,Rule evaluation,Entry,Setup,False,33.0,81.0,,,,,,,,,,,,,,,,,,,2026-07-31_003816,,
fea2aa0b3f16adc95618ddb8,2026-07-31,2026-07-31 00:38:41 EDT,MU,Scanner,RULE PASSED,3.15 / required 2.0,Rule evaluation,Risk,RR,True,3.15,2.0,,,,,,,,,,,,,,,,,,,2026-07-31_003816,,
78ae7820602ab523cf156d85,2026-07-31,2026-07-31 00:38:41 EDT,MU,Scanner,RULE FAILED,0.0 / required 65.0,Rule evaluation,Option,Option Quality,False,0.0,65.0,,,,,,,,,,,,,,,,,,,2026-07-31_003816,,
b2945db8badb3aa5613a9fdd,2026-07-31,2026-07-31 00:38:41 EDT,MU,Scanner,RULE FAILED,None / required LIVE_QUOTE,Rule evaluation,Realtime,Quote Freshness,False,,LIVE_QUOTE,,,,,,,,,,,,,,,,,,,2026-07-31_003816,,
ac3acf2bf96345357db7a5ac,2026-07-31,2026-07-31 00:38:41 EDT,MU,Scanner,RULE PASSED,True / required True,Rule evaluation,Affordability,Affordability,True,True,True,,,,,,,,,,,,,,,,,,,2026-07-31_003816,,
2ce47eabf4f8b2fb90a40d64,2026-07-31,2026-07-31 00:38:41 EDT,MU,Scanner,RULE FAILED,NOT_LIFECYCLE_EVENT / required ELIGIBLE,Rule evaluation,Telegram,Telegram,False,NOT_LIFECYCLE_EVENT,ELIGIBLE,,,,,,,,,,,,,,,,,,,2026-07-31_003816,,
e39a1768ce79d71467e12b1d,2026-07-31,2026-07-31 00:38:43 EDT,PLTR,Scanner,STALE STOCK DATA,Stock aggregate data is not real-time,Scanner decision,Decision,LOW_RR,False,STALE_STOCK_DATA,ENTER or ENTER_PAPER,,False,56.0,1.03,,2026-07-30T23:58:00+00:00,123.33,123.33,123.24,123.25,1299.0,NO_RECOMMENDATION,NOT_REQUESTED,NOT_REQUESTED,,NOT_CREATED,NO_LIFECYCLE_EVENT,NO_LIFECYCLE_EVENT,2026-07-31_003816,,
9b28b6c754d6aa9083847181,2026-07-31,2026-07-31 00:38:43 EDT,PLTR,Scanner,RULE FAILED,56.0 / required 85.0,Rule evaluation,Entry,Setup,False,56.0,85.0,,,,,,,,,,,,,,,,,,,2026-07-31_003816,,
3aa5d52e2739bb8d44b90d35,2026-07-31,2026-07-31 00:38:43 EDT,PLTR,Scanner,RULE FAILED,1.03 / required 2.0,Rule evaluation,Risk,RR,False,1.03,2.0,,,,,,,,,,,,,,,,,,,2026-07-31_003816,,
b9fd51d1038d65c4183f843c,2026-07-31,2026-07-31 00:38:43 EDT,PLTR,Scanner,RULE FAILED,0.0 / required 65.0,Rule evaluation,Option,Option Quality,False,0.0,65.0,,,,,,,,,,,,,,,,,,,2026-07-31_003816,,
c6ca8fe328d451cdd1982520,2026-07-31,2026-07-31 00:38:43 EDT,PLTR,Scanner,RULE FAILED,None / required LIVE_QUOTE,Rule evaluation,Realtime,Quote Freshness,False,,LIVE_QUOTE,,,,,,,,,,,,,,,,,,,2026-07-31_003816,,
b0c2259b0a3bb07b0cd7d17d,2026-07-31,2026-07-31 00:38:43 EDT,PLTR,Scanner,RULE PASSED,True / required True,Rule evaluation,Affordability,Affordability,True,True,True,,,,,,,,,,,,,,,,,,,2026-07-31_003816,,
2e79fcf2ea4a31715b04be76,2026-07-31,2026-07-31 00:38:43 EDT,PLTR,Scanner,RULE FAILED,NOT_LIFECYCLE_EVENT / required ELIGIBLE,Rule evaluation,Telegram,Telegram,False,NOT_LIFECYCLE_EVENT,ELIGIBLE,,,,,,,,,,,,,,,,,,,2026-07-31_003816,,
e44a93abf0581e1c24a463c7,2026-07-31,2026-07-31 00:38:45 EDT,NFLX,Scanner,STALE STOCK DATA,Stock aggregate data is not real-time,Scanner decision,Decision,LOW_RR,False,STALE_STOCK_DATA,ENTER or ENTER_PAPER,,False,59.0,1.18,,2026-07-30T23:58:00+00:00,72.69,72.69,72.68,72.68,675.38,NO_RECOMMENDATION,NOT_REQUESTED,NOT_REQUESTED,,NOT_CREATED,NO_LIFECYCLE_EVENT,NO_LIFECYCLE_EVENT,2026-07-31_003816,,
be2249d81ef3e68f687e9d4b,2026-07-31,2026-07-31 00:38:45 EDT,NFLX,Scanner,RULE FAILED,59.0 / required 85.0,Rule evaluation,Entry,Setup,False,59.0,85.0,,,,,,,,,,,,,,,,,,,2026-07-31_003816,,
c5d5c5b8f0dc647eee18a123,2026-07-31,2026-07-31 00:38:45 EDT,NFLX,Scanner,RULE FAILED,1.18 / required 2.0,Rule evaluation,Risk,RR,False,1.18,2.0,,,,,,,,,,,,,,,,,,,2026-07-31_003816,,
f45e4d8a5c0ee45cd3d63789,2026-07-31,2026-07-31 00:38:45 EDT,NFLX,Scanner,RULE FAILED,0.0 / required 65.0,Rule evaluation,Option,Option Quality,False,0.0,65.0,,,,,,,,,,,,,,,,,,,2026-07-31_003816,,
f8bfd96fb8d6b392361261ff,2026-07-31,2026-07-31 00:38:45 EDT,NFLX,Scanner,RULE FAILED,None / required LIVE_QUOTE,Rule evaluation,Realtime,Quote Freshness,False,,LIVE_QUOTE,,,,,,,,,,,,,,,,,,,2026-07-31_003816,,
6b8464787a688fd0bacd8d1f,2026-07-31,2026-07-31 00:38:45 EDT,NFLX,Scanner,RULE PASSED,True / required True,Rule evaluation,Affordability,Affordability,True,True,True,,,,,,,,,,,,,,,,,,,2026-07-31_003816,,
7661df9276a0c91f1aad058f,2026-07-31,2026-07-31 00:38:45 EDT,NFLX,Scanner,RULE FAILED,NOT_LIFECYCLE_EVENT / required ELIGIBLE,Rule evaluation,Telegram,Telegram,False,NOT_LIFECYCLE_EVENT,ELIGIBLE,,,,,,,,,,,,,,,,,,,2026-07-31_003816,,
8db3c2d6386f13ad3ef082c2,2026-07-31,2026-07-31 00:38:47 EDT,CRWD,Scanner,STALE STOCK DATA,Stock aggregate data is not real-time,Scanner decision,Decision,NO_ENTRY_TRIGGER,False,STALE_STOCK_DATA,ENTER or ENTER_PAPER,,False,59.0,2.33,,2026-07-30T23:53:00+00:00,186.0,186.0,186.0,186.0,1084.0,NO_RECOMMENDATION,NOT_REQUESTED,NOT_REQUESTED,,NOT_CREATED,NO_LIFECYCLE_EVENT,NO_LIFECYCLE_EVENT,2026-07-31_003816,,
96f2bcc14b1cc4d2e4ed4b45,2026-07-31,2026-07-31 00:38:47 EDT,CRWD,Scanner,RULE FAILED,59.0 / required 81.0,Rule evaluation,Entry,Setup,False,59.0,81.0,,,,,,,,,,,,,,,,,,,2026-07-31_003816,,
8bd42bc2b85bd0abd3a0b4f9,2026-07-31,2026-07-31 00:38:47 EDT,CRWD,Scanner,RULE PASSED,2.33 / required 2.0,Rule evaluation,Risk,RR,True,2.33,2.0,,,,,,,,,,,,,,,,,,,2026-07-31_003816,,
16d4e5b4a6468d79dd88ab2d,2026-07-31,2026-07-31 00:38:47 EDT,CRWD,Scanner,RULE FAILED,0.0 / required 65.0,Rule evaluation,Option,Option Quality,False,0.0,65.0,,,,,,,,,,,,,,,,,,,2026-07-31_003816,,
b3277a53537e2c12ea6d338d,2026-07-31,2026-07-31 00:38:47 EDT,CRWD,Scanner,RULE FAILED,None / required LIVE_QUOTE,Rule evaluation,Realtime,Quote Freshness,False,,LIVE_QUOTE,,,,,,,,,,,,,,,,,,,2026-07-31_003816,,
597360c8530fabc256c71d10,2026-07-31,2026-07-31 00:38:47 EDT,CRWD,Scanner,RULE PASSED,True / required True,Rule evaluation,Affordability,Affordability,True,True,True,,,,,,,,,,,,,,,,,,,2026-07-31_003816,,
90fa79165abbd0ed9ba4acbd,2026-07-31,2026-07-31 00:38:47 EDT,CRWD,Scanner,RULE FAILED,NOT_LIFECYCLE_EVENT / required ELIGIBLE,Rule evaluation,Telegram,Telegram,False,NOT_LIFECYCLE_EVENT,ELIGIBLE,,,,,,,,,,,,,,,,,,,2026-07-31_003816,,
3e9a474fb1af316bc067652b,2026-07-31,2026-07-31 00:38:49 EDT,SMCI,Scanner,STALE STOCK DATA,Stock aggregate data is not real-time,Scanner decision,Decision,RISK_REJECTED,False,STALE_STOCK_DATA,ENTER or ENTER_PAPER,,False,59.0,1.88,,2026-07-30T23:58:00+00:00,28.39,28.41,28.39,28.41,4388.0,NO_RECOMMENDATION,NOT_REQUESTED,NOT_REQUESTED,,NOT_CREATED,NO_LIFECYCLE_EVENT,NO_LIFECYCLE_EVENT,2026-07-31_003816,,
5f0bf4bcb4dd39dd9b929c33,2026-07-31,2026-07-31 00:38:49 EDT,SMCI,Scanner,RULE FAILED,59.0 / required 81.0,Rule evaluation,Entry,Setup,False,59.0,81.0,,,,,,,,,,,,,,,,,,,2026-07-31_003816,,
14d496a38cfe43fd7c4abf74,2026-07-31,2026-07-31 00:38:49 EDT,SMCI,Scanner,RULE FAILED,1.88 / required 2.0,Rule evaluation,Risk,RR,False,1.88,2.0,,,,,,,,,,,,,,,,,,,2026-07-31_003816,,
44e2d4ceaf1eff10ca18910e,2026-07-31,2026-07-31 00:38:49 EDT,SMCI,Scanner,RULE FAILED,0.0 / required 65.0,Rule evaluation,Option,Option Quality,False,0.0,65.0,,,,,,,,,,,,,,,,,,,2026-07-31_003816,,
b2aa82d2da130de30d40a868,2026-07-31,2026-07-31 00:38:49 EDT,SMCI,Scanner,RULE FAILED,None / required LIVE_QUOTE,Rule evaluation,Realtime,Quote Freshness,False,,LIVE_QUOTE,,,,,,,,,,,,,,,,,,,2026-07-31_003816,,
6a2d64207f2db716237fa7a6,2026-07-31,2026-07-31 00:38:49 EDT,SMCI,Scanner,RULE PASSED,True / required True,Rule evaluation,Affordability,Affordability,True,True,True,,,,,,,,,,,,,,,,,,,2026-07-31_003816,,
4445f5ef255c406ed245559e,2026-07-31,2026-07-31 00:38:49 EDT,SMCI,Scanner,RULE FAILED,NOT_LIFECYCLE_EVENT / required ELIGIBLE,Rule evaluation,Telegram,Telegram,False,NOT_LIFECYCLE_EVENT,ELIGIBLE,,,,,,,,,,,,,,,,,,,2026-07-31_003816,,
f5d6ef4b324e3e882039e056,2026-07-31,2026-07-31 00:38:51 EDT,SPCX,Scanner,NO TRADE MARKET CLOSED,Market closed; no live intraday trade,Scanner decision,Decision,NO_DIRECTIONAL_EDGE,False,NO_TRADE_MARKET_CLOSED,ENTER or ENTER_PAPER,,False,0.0,0.0,,2026-07-30T23:58:00+00:00,112.9,112.93,112.79,112.79,10909.0,NO_RECOMMENDATION,NOT_REQUESTED,NOT_REQUESTED,,NOT_CREATED,NO_LIFECYCLE_EVENT,NO_LIFECYCLE_EVENT,2026-07-31_003816,,
565c2f797e8cdf84656910db,2026-07-31,2026-07-31 00:38:51 EDT,SPCX,Scanner,RULE FAILED,0.0 / required 85.0,Rule evaluation,Entry,Setup,False,0.0,85.0,,,,,,,,,,,,,,,,,,,2026-07-31_003816,,
9be5413a418308e091ccf5e1,2026-07-31,2026-07-31 00:38:51 EDT,SPCX,Scanner,RULE FAILED,0.0 / required 2.0,Rule evaluation,Risk,RR,False,0.0,2.0,,,,,,,,,,,,,,,,,,,2026-07-31_003816,,
2639ff9cab69997ebc300aed,2026-07-31,2026-07-31 00:38:51 EDT,SPCX,Scanner,RULE FAILED,0.0 / required 65.0,Rule evaluation,Option,Option Quality,False,0.0,65.0,,,,,,,,,,,,,,,,,,,2026-07-31_003816,,
138f1495b95f24492daf52cc,2026-07-31,2026-07-31 00:38:51 EDT,SPCX,Scanner,RULE FAILED,None / required LIVE_QUOTE,Rule evaluation,Realtime,Quote Freshness,False,,LIVE_QUOTE,,,,,,,,,,,,,,,,,,,2026-07-31_003816,,
ef805d7e4afcd33437c815ec,2026-07-31,2026-07-31 00:38:51 EDT,SPCX,Scanner,RULE PASSED,True / required True,Rule evaluation,Affordability,Affordability,True,True,True,,,,,,,,,,,,,,,,,,,2026-07-31_003816,,
568b0520ad4ea4ef79df2c86,2026-07-31,2026-07-31 00:38:51 EDT,SPCX,Scanner,RULE FAILED,NOT_LIFECYCLE_EVENT / required ELIGIBLE,Rule evaluation,Telegram,Telegram,False,NOT_LIFECYCLE_EVENT,ELIGIBLE,,,,,,,,,,,,,,,,,,,2026-07-31_003816,,
05b757b7aaf21c17c294f8ea,2026-07-31,2026-07-31 00:38:53 EDT,SMH,Scanner,STALE STOCK DATA,Stock aggregate data is not real-time,Scanner decision,Decision,LOW_RR,False,STALE_STOCK_DATA,ENTER or ENTER_PAPER,,False,59.0,1.4,,2026-07-30T23:58:00+00:00,550.32,550.93,550.32,550.93,2417.0,NO_RECOMMENDATION,NOT_REQUESTED,NOT_REQUESTED,,NOT_CREATED,NO_LIFECYCLE_EVENT,NO_LIFECYCLE_EVENT,2026-07-31_003816,,
5d798ab8fca163d632ca22d6,2026-07-31,2026-07-31 00:38:53 EDT,SMH,Scanner,RULE FAILED,59.0 / required 85.0,Rule evaluation,Entry,Setup,False,59.0,85.0,,,,,,,,,,,,,,,,,,,2026-07-31_003816,,
d7fd3398f62330c14487a706,2026-07-31,2026-07-31 00:38:53 EDT,SMH,Scanner,RULE FAILED,1.4 / required 2.0,Rule evaluation,Risk,RR,False,1.4,2.0,,,,,,,,,,,,,,,,,,,2026-07-31_003816,,
cc46ba852a9d8afe65c45c56,2026-07-31,2026-07-31 00:38:53 EDT,SMH,Scanner,RULE FAILED,0.0 / required 65.0,Rule evaluation,Option,Option Quality,False,0.0,65.0,,,,,,,,,,,,,,,,,,,2026-07-31_003816,,
fff0e86d6eeec2d1a031da29,2026-07-31,2026-07-31 00:38:53 EDT,SMH,Scanner,RULE FAILED,None / required LIVE_QUOTE,Rule evaluation,Realtime,Quote Freshness,False,,LIVE_QUOTE,,,,,,,,,,,,,,,,,,,2026-07-31_003816,,
4e23a6851b0da1597b84f3aa,2026-07-31,2026-07-31 00:38:53 EDT,SMH,Scanner,RULE PASSED,True / required True,Rule evaluation,Affordability,Affordability,True,True,True,,,,,,,,,,,,,,,,,,,2026-07-31_003816,,
19b7af99f5f8876a2a484e59,2026-07-31,2026-07-31 00:38:53 EDT,SMH,Scanner,RULE FAILED,NOT_LIFECYCLE_EVENT / required ELIGIBLE,Rule evaluation,Telegram,Telegram,False,NOT_LIFECYCLE_EVENT,ELIGIBLE,,,,,,,,,,,,,,,,,,,2026-07-31_003816,,
c4348ba0298a750189b54489,2026-07-31,2026-07-31 00:38:55 EDT,ARM,Scanner,STALE STOCK DATA,Stock aggregate data is not real-time,Scanner decision,Decision,RISK_REJECTED,False,STALE_STOCK_DATA,ENTER or ENTER_PAPER,,False,59.0,1.79,,2026-07-30T23:58:00+00:00,248.55,248.55,248.55,248.55,406.0,NO_RECOMMENDATION,NOT_REQUESTED,NOT_REQUESTED,,NOT_CREATED,NO_LIFECYCLE_EVENT,NO_LIFECYCLE_EVENT,2026-07-31_003816,,
9579079fac039c7517f91eeb,2026-07-31,2026-07-31 00:38:55 EDT,ARM,Scanner,RULE FAILED,59.0 / required 81.0,Rule evaluation,Entry,Setup,False,59.0,81.0,,,,,,,,,,,,,,,,,,,2026-07-31_003816,,
2df307c3a11e51ea917acc29,2026-07-31,2026-07-31 00:38:55 EDT,ARM,Scanner,RULE FAILED,1.79 / required 2.0,Rule evaluation,Risk,RR,False,1.79,2.0,,,,,,,,,,,,,,,,,,,2026-07-31_003816,,
3ad5cb906c1afbf55dba2bac,2026-07-31,2026-07-31 00:38:55 EDT,ARM,Scanner,RULE FAILED,0.0 / required 65.0,Rule evaluation,Option,Option Quality,False,0.0,65.0,,,,,,,,,,,,,,,,,,,2026-07-31_003816,,
fedd59b112490113f3e9d874,2026-07-31,2026-07-31 00:38:55 EDT,ARM,Scanner,RULE FAILED,None / required LIVE_QUOTE,Rule evaluation,Realtime,Quote Freshness,False,,LIVE_QUOTE,,,,,,,,,,,,,,,,,,,2026-07-31_003816,,
707478a054a9dac9c1061d41,2026-07-31,2026-07-31 00:38:55 EDT,ARM,Scanner,RULE PASSED,True / required True,Rule evaluation,Affordability,Affordability,True,True,True,,,,,,,,,,,,,,,,,,,2026-07-31_003816,,
b72f216a0d94a8a5b1e44870,2026-07-31,2026-07-31 00:38:55 EDT,ARM,Scanner,RULE FAILED,NOT_LIFECYCLE_EVENT / required ELIGIBLE,Rule evaluation,Telegram,Telegram,False,NOT_LIFECYCLE_EVENT,ELIGIBLE,,,,,,,,,,,,,,,,,,,2026-07-31_003816,,
2980805a42a4d18826a5a5b1,2026-07-31,2026-07-31 00:38:57 EDT,TSM,Scanner,STALE STOCK DATA,Stock aggregate data is not real-time,Scanner decision,Decision,NO_ENTRY_TRIGGER,False,STALE_STOCK_DATA,ENTER or ENTER_PAPER,,False,45.0,2.33,,2026-07-30T23:58:00+00:00,412.68,412.77,412.0,412.0,2527.47,NO_RECOMMENDATION,NOT_REQUESTED,NOT_REQUESTED,,NOT_CREATED,NO_LIFECYCLE_EVENT,NO_LIFECYCLE_EVENT,2026-07-31_003816,,
b4b54c62cff4c2d2e221844d,2026-07-31,2026-07-31 00:38:57 EDT,TSM,Scanner,RULE FAILED,45.0 / required 81.0,Rule evaluation,Entry,Setup,False,45.0,81.0,,,,,,,,,,,,,,,,,,,2026-07-31_003816,,
1c849ec7734e2d3bb68c73d8,2026-07-31,2026-07-31 00:38:57 EDT,TSM,Scanner,RULE PASSED,2.33 / required 2.0,Rule evaluation,Risk,RR,True,2.33,2.0,,,,,,,,,,,,,,,,,,,2026-07-31_003816,,
f956133846517fd21f18dda9,2026-07-31,2026-07-31 00:38:57 EDT,TSM,Scanner,RULE FAILED,0.0 / required 65.0,Rule evaluation,Option,Option Quality,False,0.0,65.0,,,,,,,,,,,,,,,,,,,2026-07-31_003816,,
f87c3b3c82fed456629e4dad,2026-07-31,2026-07-31 00:38:57 EDT,TSM,Scanner,RULE FAILED,None / required LIVE_QUOTE,Rule evaluation,Realtime,Quote Freshness,False,,LIVE_QUOTE,,,,,,,,,,,,,,,,,,,2026-07-31_003816,,
353e1dbfb06bb1941414044c,2026-07-31,2026-07-31 00:38:57 EDT,TSM,Scanner,RULE PASSED,True / required True,Rule evaluation,Affordability,Affordability,True,True,True,,,,,,,,,,,,,,,,,,,2026-07-31_003816,,
92238418d4a23e27b04cd85d,2026-07-31,2026-07-31 00:38:57 EDT,TSM,Scanner,RULE FAILED,NOT_LIFECYCLE_EVENT / required ELIGIBLE,Rule evaluation,Telegram,Telegram,False,NOT_LIFECYCLE_EVENT,ELIGIBLE,,,,,,,,,,,,,,,,,,,2026-07-31_003816,,
5fee02e58e2cea4f8c0a9e8d,2026-07-31,2026-07-31 00:38:59 EDT,INTC,Scanner,STALE STOCK DATA,Stock aggregate data is not real-time,Scanner decision,Decision,RISK_REJECTED,False,STALE_STOCK_DATA,ENTER or ENTER_PAPER,,False,53.0,2.36,,2026-07-30T23:58:00+00:00,95.34,95.34,95.16,95.16,28785.02,NO_RECOMMENDATION,NOT_REQUESTED,NOT_REQUESTED,,NOT_CREATED,NO_LIFECYCLE_EVENT,NO_LIFECYCLE_EVENT,2026-07-31_003816,,
d7921627506050c6c6dea5b1,2026-07-31,2026-07-31 00:38:59 EDT,INTC,Scanner,RULE FAILED,53.0 / required 81.0,Rule evaluation,Entry,Setup,False,53.0,81.0,,,,,,,,,,,,,,,,,,,2026-07-31_003816,,
ea3b3db5e691870e890b1285,2026-07-31,2026-07-31 00:38:59 EDT,INTC,Scanner,RULE PASSED,2.36 / required 2.0,Rule evaluation,Risk,RR,True,2.36,2.0,,,,,,,,,,,,,,,,,,,2026-07-31_003816,,
f1dcb00421d140d5e0efaf39,2026-07-31,2026-07-31 00:38:59 EDT,INTC,Scanner,RULE FAILED,0.0 / required 65.0,Rule evaluation,Option,Option Quality,False,0.0,65.0,,,,,,,,,,,,,,,,,,,2026-07-31_003816,,
0852f1a81ca357e0ebbcc672,2026-07-31,2026-07-31 00:38:59 EDT,INTC,Scanner,RULE FAILED,None / required LIVE_QUOTE,Rule evaluation,Realtime,Quote Freshness,False,,LIVE_QUOTE,,,,,,,,,,,,,,,,,,,2026-07-31_003816,,
d1fd684412e5b93038a3e528,2026-07-31,2026-07-31 00:38:59 EDT,INTC,Scanner,RULE PASSED,True / required True,Rule evaluation,Affordability,Affordability,True,True,True,,,,,,,,,,,,,,,,,,,2026-07-31_003816,,
0b1a333ba84d65ae7311f132,2026-07-31,2026-07-31 00:38:59 EDT,INTC,Scanner,RULE FAILED,NOT_LIFECYCLE_EVENT / required ELIGIBLE,Rule evaluation,Telegram,Telegram,False,NOT_LIFECYCLE_EVENT,ELIGIBLE,,,,,,,,,,,,,,,,,,,2026-07-31_003816,,
7e57081950c860ef05b3c89f,2026-07-31,2026-07-31 00:39:01 EDT,AMAT,Scanner,STALE STOCK DATA,Stock aggregate data is not real-time,Scanner decision,Decision,NO_ENTRY_TRIGGER,False,STALE_STOCK_DATA,ENTER or ENTER_PAPER,,False,53.0,2.22,,2026-07-30T23:59:00+00:00,519.99,519.99,519.99,519.99,180.0,NO_RECOMMENDATION,NOT_REQUESTED,NOT_REQUESTED,,NOT_CREATED,NO_LIFECYCLE_EVENT,NO_LIFECYCLE_EVENT,2026-07-31_003816,,
8b4b6a7c8374adcaeeaf86b8,2026-07-31,2026-07-31 00:39:01 EDT,AMAT,Scanner,RULE FAILED,53.0 / required 81.0,Rule evaluation,Entry,Setup,False,53.0,81.0,,,,,,,,,,,,,,,,,,,2026-07-31_003816,,
5d6d9367dcfdaa398332a8fa,2026-07-31,2026-07-31 00:39:01 EDT,AMAT,Scanner,RULE PASSED,2.22 / required 2.0,Rule evaluation,Risk,RR,True,2.22,2.0,,,,,,,,,,,,,,,,,,,2026-07-31_003816,,
7792db8a2820f8cb90d35ed5,2026-07-31,2026-07-31 00:39:01 EDT,AMAT,Scanner,RULE FAILED,0.0 / required 65.0,Rule evaluation,Option,Option Quality,False,0.0,65.0,,,,,,,,,,,,,,,,,,,2026-07-31_003816,,
5a4fb23a1118f0c6495e4d69,2026-07-31,2026-07-31 00:39:01 EDT,AMAT,Scanner,RULE FAILED,None / required LIVE_QUOTE,Rule evaluation,Realtime,Quote Freshness,False,,LIVE_QUOTE,,,,,,,,,,,,,,,,,,,2026-07-31_003816,,
913e1e240daa65dc0895c4c6,2026-07-31,2026-07-31 00:39:01 EDT,AMAT,Scanner,RULE PASSED,True / required True,Rule evaluation,Affordability,Affordability,True,True,True,,,,,,,,,,,,,,,,,,,2026-07-31_003816,,
2a5fc51ede2108b7d4df7219,2026-07-31,2026-07-31 00:39:01 EDT,AMAT,Scanner,RULE FAILED,NOT_LIFECYCLE_EVENT / required ELIGIBLE,Rule evaluation,Telegram,Telegram,False,NOT_LIFECYCLE_EVENT,ELIGIBLE,,,,,,,,,,,,,,,,,,,2026-07-31_003816,,
1f23bf779c5269bc37d98923,2026-07-31,2026-07-31 00:39:03 EDT,LRCX,Scanner,STALE STOCK DATA,Stock aggregate data is not real-time,Scanner decision,Decision,NO_ENTRY_TRIGGER,False,STALE_STOCK_DATA,ENTER or ENTER_PAPER,,False,47.0,2.22,,2026-07-30T23:54:00+00:00,305.79,305.79,305.62,305.62,618.0,NO_RECOMMENDATION,NOT_REQUESTED,NOT_REQUESTED,,NOT_CREATED,NO_LIFECYCLE_EVENT,NO_LIFECYCLE_EVENT,2026-07-31_003816,,
1b0dfef2abb67f9d8738db2c,2026-07-31,2026-07-31 00:39:03 EDT,LRCX,Scanner,RULE FAILED,47.0 / required 81.0,Rule evaluation,Entry,Setup,False,47.0,81.0,,,,,,,,,,,,,,,,,,,2026-07-31_003816,,
15db61f20edbc43b31777b30,2026-07-31,2026-07-31 00:39:03 EDT,LRCX,Scanner,RULE PASSED,2.22 / required 2.0,Rule evaluation,Risk,RR,True,2.22,2.0,,,,,,,,,,,,,,,,,,,2026-07-31_003816,,
b4fceb3202885198c0b0d343,2026-07-31,2026-07-31 00:39:03 EDT,LRCX,Scanner,RULE FAILED,0.0 / required 65.0,Rule evaluation,Option,Option Quality,False,0.0,65.0,,,,,,,,,,,,,,,,,,,2026-07-31_003816,,
277af0d1332303a9c0fec965,2026-07-31,2026-07-31 00:39:03 EDT,LRCX,Scanner,RULE FAILED,None / required LIVE_QUOTE,Rule evaluation,Realtime,Quote Freshness,False,,LIVE_QUOTE,,,,,,,,,,,,,,,,,,,2026-07-31_003816,,
a65d28ea72fb6738a676677a,2026-07-31,2026-07-31 00:39:03 EDT,LRCX,Scanner,RULE PASSED,True / required True,Rule evaluation,Affordability,Affordability,True,True,True,,,,,,,,,,,,,,,,,,,2026-07-31_003816,,
3f6e4b4bab5539ec7248586d,2026-07-31,2026-07-31 00:39:03 EDT,LRCX,Scanner,RULE FAILED,NOT_LIFECYCLE_EVENT / required ELIGIBLE,Rule evaluation,Telegram,Telegram,False,NOT_LIFECYCLE_EVENT,ELIGIBLE,,,,,,,,,,,,,,,,,,,2026-07-31_003816,,
ab02e676ac74f4036c0ace75,2026-07-31,2026-07-31 00:39:05 EDT,MRVL,Scanner,STALE STOCK DATA,Stock aggregate data is not real-time,Scanner decision,Decision,RISK_REJECTED,False,STALE_STOCK_DATA,ENTER or ENTER_PAPER,,False,57.0,2.5,,2026-07-30T23:59:00+00:00,195.2,195.3,195.2,195.22,1139.0,NO_RECOMMENDATION,NOT_REQUESTED,NOT_REQUESTED,,NOT_CREATED,NO_LIFECYCLE_EVENT,NO_LIFECYCLE_EVENT,2026-07-31_003816,,
3fba74a1e94d285402e94f64,2026-07-31,2026-07-31 00:39:05 EDT,MRVL,Scanner,RULE FAILED,57.0 / required 81.0,Rule evaluation,Entry,Setup,False,57.0,81.0,,,,,,,,,,,,,,,,,,,2026-07-31_003816,,
89c4db22a0b46030d5ba935f,2026-07-31,2026-07-31 00:39:05 EDT,MRVL,Scanner,RULE PASSED,2.5 / required 2.0,Rule evaluation,Risk,RR,True,2.5,2.0,,,,,,,,,,,,,,,,,,,2026-07-31_003816,,
7b6fcdc874fd01a71e1a27fd,2026-07-31,2026-07-31 00:39:05 EDT,MRVL,Scanner,RULE FAILED,0.0 / required 65.0,Rule evaluation,Option,Option Quality,False,0.0,65.0,,,,,,,,,,,,,,,,,,,2026-07-31_003816,,
eec5c6b20c0e80388b6d2f2c,2026-07-31,2026-07-31 00:39:05 EDT,MRVL,Scanner,RULE FAILED,None / required LIVE_QUOTE,Rule evaluation,Realtime,Quote Freshness,False,,LIVE_QUOTE,,,,,,,,,,,,,,,,,,,2026-07-31_003816,,
aa3fe4b8e67359ba0f0d5d10,2026-07-31,2026-07-31 00:39:05 EDT,MRVL,Scanner,RULE PASSED,True / required True,Rule evaluation,Affordability,Affordability,True,True,True,,,,,,,,,,,,,,,,,,,2026-07-31_003816,,
371a7458d4c92576eeb0b306,2026-07-31,2026-07-31 00:39:05 EDT,MRVL,Scanner,RULE FAILED,NOT_LIFECYCLE_EVENT / required ELIGIBLE,Rule evaluation,Telegram,Telegram,False,NOT_LIFECYCLE_EVENT,ELIGIBLE,,,,,,,,,,,,,,,,,,,2026-07-31_003816,,
3fbeefaeb2fa98d1b277f279,2026-07-31,2026-07-31 00:39:07 EDT,ORCL,Scanner,STALE STOCK DATA,Stock aggregate data is not real-time,Scanner decision,Decision,RISK_REJECTED,False,STALE_STOCK_DATA,ENTER or ENTER_PAPER,,False,40.0,1.73,,2026-07-30T23:59:00+00:00,129.21,129.5,129.19,129.2,10412.04,NO_RECOMMENDATION,NOT_REQUESTED,NOT_REQUESTED,,NOT_CREATED,NO_LIFECYCLE_EVENT,NO_LIFECYCLE_EVENT,2026-07-31_003816,,
eeb83e2a6d0f658af2ca59e7,2026-07-31,2026-07-31 00:39:07 EDT,ORCL,Scanner,RULE FAILED,40.0 / required 81.0,Rule evaluation,Entry,Setup,False,40.0,81.0,,,,,,,,,,,,,,,,,,,2026-07-31_003816,,
b92a0a9b7e1e548b0a8d5db2,2026-07-31,2026-07-31 00:39:07 EDT,ORCL,Scanner,RULE FAILED,1.73 / required 2.0,Rule evaluation,Risk,RR,False,1.73,2.0,,,,,,,,,,,,,,,,,,,2026-07-31_003816,,
08ea4c8bf82e27d8bb756f3b,2026-07-31,2026-07-31 00:39:07 EDT,ORCL,Scanner,RULE FAILED,0.0 / required 65.0,Rule evaluation,Option,Option Quality,False,0.0,65.0,,,,,,,,,,,,,,,,,,,2026-07-31_003816,,
be12865496f2af30afbaaef8,2026-07-31,2026-07-31 00:39:07 EDT,ORCL,Scanner,RULE FAILED,None / required LIVE_QUOTE,Rule evaluation,Realtime,Quote Freshness,False,,LIVE_QUOTE,,,,,,,,,,,,,,,,,,,2026-07-31_003816,,
d3f87c5ea2a94ce11c7e8d19,2026-07-31,2026-07-31 00:39:07 EDT,ORCL,Scanner,RULE PASSED,True / required True,Rule evaluation,Affordability,Affordability,True,True,True,,,,,,,,,,,,,,,,,,,2026-07-31_003816,,
f2f803a417e2293fca99964a,2026-07-31,2026-07-31 00:39:07 EDT,ORCL,Scanner,RULE FAILED,NOT_LIFECYCLE_EVENT / required ELIGIBLE,Rule evaluation,Telegram,Telegram,False,NOT_LIFECYCLE_EVENT,ELIGIBLE,,,,,,,,,,,,,,,,,,,2026-07-31_003816,,
fc0187a2cc405157efacc7a6,2026-07-31,2026-07-31 00:39:09 EDT,PANW,Scanner,STALE STOCK DATA,Stock aggregate data is not real-time,Scanner decision,Decision,NO_ENTRY_TRIGGER,False,STALE_STOCK_DATA,ENTER or ENTER_PAPER,,False,56.0,1.23,,2026-07-30T23:54:00+00:00,326.25,326.25,326.25,326.25,262.09,NO_RECOMMENDATION,NOT_REQUESTED,NOT_REQUESTED,,NOT_CREATED,NO_LIFECYCLE_EVENT,NO_LIFECYCLE_EVENT,2026-07-31_003816,,
eb19eabae6092ebd1f2873e6,2026-07-31,2026-07-31 00:39:09 EDT,PANW,Scanner,RULE FAILED,56.0 / required 85.0,Rule evaluation,Entry,Setup,False,56.0,85.0,,,,,,,,,,,,,,,,,,,2026-07-31_003816,,
bd8539230180d67fe19e0699,2026-07-31,2026-07-31 00:39:09 EDT,PANW,Scanner,RULE FAILED,1.23 / required 2.0,Rule evaluation,Risk,RR,False,1.23,2.0,,,,,,,,,,,,,,,,,,,2026-07-31_003816,,
de917bd82b134b1e8f535286,2026-07-31,2026-07-31 00:39:09 EDT,PANW,Scanner,RULE FAILED,0.0 / required 65.0,Rule evaluation,Option,Option Quality,False,0.0,65.0,,,,,,,,,,,,,,,,,,,2026-07-31_003816,,
5e13f08b461309e48215b854,2026-07-31,2026-07-31 00:39:09 EDT,PANW,Scanner,RULE FAILED,None / required LIVE_QUOTE,Rule evaluation,Realtime,Quote Freshness,False,,LIVE_QUOTE,,,,,,,,,,,,,,,,,,,2026-07-31_003816,,
34c4bc6266ae4a51a90696f4,2026-07-31,2026-07-31 00:39:09 EDT,PANW,Scanner,RULE PASSED,True / required True,Rule evaluation,Affordability,Affordability,True,True,True,,,,,,,,,,,,,,,,,,,2026-07-31_003816,,
4d2fe3ff070d9ae788d31291,2026-07-31,2026-07-31 00:39:09 EDT,PANW,Scanner,RULE FAILED,NOT_LIFECYCLE_EVENT / required ELIGIBLE,Rule evaluation,Telegram,Telegram,False,NOT_LIFECYCLE_EVENT,ELIGIBLE,,,,,,,,,,,,,,,,,,,2026-07-31_003816,,
c6f263beac3dfdf2d2a30773,2026-07-31,2026-07-31 00:39:11 EDT,SOXL,Scanner,STALE STOCK DATA,Stock aggregate data is not real-time,Scanner decision,Decision,NO_ENTRY_TRIGGER,False,STALE_STOCK_DATA,ENTER or ENTER_PAPER,,False,55.0,2.22,,2026-07-30T23:59:00+00:00,124.53,124.6,124.5,124.58,11960.73,NO_RECOMMENDATION,NOT_REQUESTED,NOT_REQUESTED,,NOT_CREATED,NO_LIFECYCLE_EVENT,NO_LIFECYCLE_EVENT,2026-07-31_003816,,
9cd2cae46921dade17023be5,2026-07-31,2026-07-31 00:39:11 EDT,SOXL,Scanner,RULE FAILED,55.0 / required 81.0,Rule evaluation,Entry,Setup,False,55.0,81.0,,,,,,,,,,,,,,,,,,,2026-07-31_003816,,
bb86846e6db351e6e9c58275,2026-07-31,2026-07-31 00:39:11 EDT,SOXL,Scanner,RULE PASSED,2.22 / required 2.0,Rule evaluation,Risk,RR,True,2.22,2.0,,,,,,,,,,,,,,,,,,,2026-07-31_003816,,
216ca5e03293de3851984291,2026-07-31,2026-07-31 00:39:11 EDT,SOXL,Scanner,RULE FAILED,0.0 / required 65.0,Rule evaluation,Option,Option Quality,False,0.0,65.0,,,,,,,,,,,,,,,,,,,2026-07-31_003816,,
512680cc326416e81cb23620,2026-07-31,2026-07-31 00:39:11 EDT,SOXL,Scanner,RULE FAILED,None / required LIVE_QUOTE,Rule evaluation,Realtime,Quote Freshness,False,,LIVE_QUOTE,,,,,,,,,,,,,,,,,,,2026-07-31_003816,,
50ce9598aabe7e58587d3378,2026-07-31,2026-07-31 00:39:11 EDT,SOXL,Scanner,RULE PASSED,True / required True,Rule evaluation,Affordability,Affordability,True,True,True,,,,,,,,,,,,,,,,,,,2026-07-31_003816,,
337cb84eff91d437b8d10c2e,2026-07-31,2026-07-31 00:39:11 EDT,SOXL,Scanner,RULE FAILED,NOT_LIFECYCLE_EVENT / required ELIGIBLE,Rule evaluation,Telegram,Telegram,False,NOT_LIFECYCLE_EVENT,ELIGIBLE,,,,,,,,,,,,,,,,,,,2026-07-31_003816,,
ff1804b66ce3f2c1a26294ce,2026-07-31,2026-07-31 00:40:38 EDT,QQQ,Scanner,STALE STOCK DATA,Stock aggregate data is not real-time,Scanner decision,Decision,LOW_RR,False,STALE_STOCK_DATA,ENTER or ENTER_PAPER,STALE STOCK DATA,False,59.0,0.72,,2026-07-30T23:55:00+00:00,688.5,688.74,688.2,688.28,23052.2,NO_RECOMMENDATION,NOT_REQUESTED,NOT_REQUESTED,,NOT_CREATED,NO_LIFECYCLE_EVENT,NO_LIFECYCLE_EVENT,2026-07-31_004034,,
fdcec6b7c2663f1a9b8d5712,2026-07-31,2026-07-31 00:40:38 EDT,QQQ,Scanner,RULE FAILED,59.0 / required 85.0,Rule evaluation,Entry,Setup,False,59.0,85.0,,,,,,,,,,,,,,,,,,,2026-07-31_004034,,
3ef783ce2e599d5497d0f495,2026-07-31,2026-07-31 00:40:38 EDT,QQQ,Scanner,RULE FAILED,0.72 / required 2.0,Rule evaluation,Risk,RR,False,0.72,2.0,,,,,,,,,,,,,,,,,,,2026-07-31_004034,,
7de0fe040b50a77792df1feb,2026-07-31,2026-07-31 00:40:38 EDT,QQQ,Scanner,RULE FAILED,0.0 / required 65.0,Rule evaluation,Option,Option Quality,False,0.0,65.0,,,,,,,,,,,,,,,,,,,2026-07-31_004034,,
6c55ae194fdd7537dccc3108,2026-07-31,2026-07-31 00:40:38 EDT,QQQ,Scanner,RULE FAILED,None / required LIVE_QUOTE,Rule evaluation,Realtime,Quote Freshness,False,,LIVE_QUOTE,,,,,,,,,,,,,,,,,,,2026-07-31_004034,,
e3cfca582ffe9a6e459c8ff3,2026-07-31,2026-07-31 00:40:38 EDT,QQQ,Scanner,RULE PASSED,True / required True,Rule evaluation,Affordability,Affordability,True,True,True,,,,,,,,,,,,,,,,,,,2026-07-31_004034,,
537533b8c09c5c44af56e302,2026-07-31,2026-07-31 00:40:38 EDT,QQQ,Scanner,RULE FAILED,NOT_LIFECYCLE_EVENT / required ELIGIBLE,Rule evaluation,Telegram,Telegram,False,NOT_LIFECYCLE_EVENT,ELIGIBLE,,,,,,,,,,,,,,,,,,,2026-07-31_004034,,
2eda415e34cbac7850311383,2026-07-31,2026-07-31 00:40:40 EDT,SPY,Scanner,STALE STOCK DATA,Stock aggregate data is not real-time,Scanner decision,Decision,LOW_RR,False,STALE_STOCK_DATA,ENTER or ENTER_PAPER,STALE STOCK DATA,False,59.0,0.37,,2026-07-30T23:55:00+00:00,743.55,743.69,743.33,743.33,11278.22,NO_RECOMMENDATION,NOT_REQUESTED,NOT_REQUESTED,,NOT_CREATED,NO_LIFECYCLE_EVENT,NO_LIFECYCLE_EVENT,2026-07-31_004034,,
8a9e0f05f8dda9b77837d1f9,2026-07-31,2026-07-31 00:40:40 EDT,SPY,Scanner,RULE FAILED,59.0 / required 81.0,Rule evaluation,Entry,Setup,False,59.0,81.0,,,,,,,,,,,,,,,,,,,2026-07-31_004034,,
e097e155e53680899a077c36,2026-07-31,2026-07-31 00:40:40 EDT,SPY,Scanner,RULE FAILED,0.37 / required 2.0,Rule evaluation,Risk,RR,False,0.37,2.0,,,,,,,,,,,,,,,,,,,2026-07-31_004034,,
b234599a3cfd5b1b42150f0f,2026-07-31,2026-07-31 00:40:40 EDT,SPY,Scanner,RULE FAILED,0.0 / required 65.0,Rule evaluation,Option,Option Quality,False,0.0,65.0,,,,,,,,,,,,,,,,,,,2026-07-31_004034,,
6c8e0c27320947001b063611,2026-07-31,2026-07-31 00:40:40 EDT,SPY,Scanner,RULE FAILED,None / required LIVE_QUOTE,Rule evaluation,Realtime,Quote Freshness,False,,LIVE_QUOTE,,,,,,,,,,,,,,,,,,,2026-07-31_004034,,
7105319ca19a42f49f5b745d,2026-07-31,2026-07-31 00:40:40 EDT,SPY,Scanner,RULE PASSED,True / required True,Rule evaluation,Affordability,Affordability,True,True,True,,,,,,,,,,,,,,,,,,,2026-07-31_004034,,
8d0795f78ff7918df4d76e68,2026-07-31,2026-07-31 00:40:40 EDT,SPY,Scanner,RULE FAILED,NOT_LIFECYCLE_EVENT / required ELIGIBLE,Rule evaluation,Telegram,Telegram,False,NOT_LIFECYCLE_EVENT,ELIGIBLE,,,,,,,,,,,,,,,,,,,2026-07-31_004034,,
2be79a8aaf56e20fd2a7f016,2026-07-31,2026-07-31 00:40:42 EDT,NVDA,Scanner,STALE STOCK DATA,Stock aggregate data is not real-time,Scanner decision,Decision,LOW_RR,False,STALE_STOCK_DATA,ENTER or ENTER_PAPER,STALE STOCK DATA,False,59.0,1.14,,2026-07-30T23:55:00+00:00,196.66,196.85,196.64,196.84,33012.92,NO_RECOMMENDATION,NOT_REQUESTED,NOT_REQUESTED,,NOT_CREATED,NO_LIFECYCLE_EVENT,NO_LIFECYCLE_EVENT,2026-07-31_004034,,
4dbcab7adf1d9f89dd022286,2026-07-31,2026-07-31 00:40:42 EDT,NVDA,Scanner,RULE FAILED,59.0 / required 81.0,Rule evaluation,Entry,Setup,False,59.0,81.0,,,,,,,,,,,,,,,,,,,2026-07-31_004034,,
8a0f64170215a0580d28c9aa,2026-07-31,2026-07-31 00:40:42 EDT,NVDA,Scanner,RULE FAILED,1.14 / required 2.0,Rule evaluation,Risk,RR,False,1.14,2.0,,,,,,,,,,,,,,,,,,,2026-07-31_004034,,
a4f56ad733ac3d24ab0e7f7a,2026-07-31,2026-07-31 00:40:42 EDT,NVDA,Scanner,RULE FAILED,0.0 / required 65.0,Rule evaluation,Option,Option Quality,False,0.0,65.0,,,,,,,,,,,,,,,,,,,2026-07-31_004034,,
74662a0e3b2126c600b3768c,2026-07-31,2026-07-31 00:40:42 EDT,NVDA,Scanner,RULE FAILED,None / required LIVE_QUOTE,Rule evaluation,Realtime,Quote Freshness,False,,LIVE_QUOTE,,,,,,,,,,,,,,,,,,,2026-07-31_004034,,
af63efb06f3f87ee569e845a,2026-07-31,2026-07-31 00:40:42 EDT,NVDA,Scanner,RULE PASSED,True / required True,Rule evaluation,Affordability,Affordability,True,True,True,,,,,,,,,,,,,,,,,,,2026-07-31_004034,,
244caba232ef9ae918433e50,2026-07-31,2026-07-31 00:40:42 EDT,NVDA,Scanner,RULE FAILED,NOT_LIFECYCLE_EVENT / required ELIGIBLE,Rule evaluation,Telegram,Telegram,False,NOT_LIFECYCLE_EVENT,ELIGIBLE,,,,,,,,,,,,,,,,,,,2026-07-31_004034,,
fb2566061b11a1d2d900ce98,2026-07-31,2026-07-31 00:40:44 EDT,AAPL,Scanner,STALE STOCK DATA,Stock aggregate data is not real-time,Scanner decision,Decision,RISK_REJECTED,False,STALE_STOCK_DATA,ENTER or ENTER_PAPER,STALE STOCK DATA,False,40.0,2.3,,2026-07-30T23:55:00+00:00,313.2,313.4,312.3,312.33,62125.02,NO_RECOMMENDATION,NOT_REQUESTED,NOT_REQUESTED,,NOT_CREATED,NO_LIFECYCLE_EVENT,NO_LIFECYCLE_EVENT,2026-07-31_004034,,
0a1a8b0436b41058dbd09849,2026-07-31,2026-07-31 00:40:44 EDT,AAPL,Scanner,RULE FAILED,40.0 / required 81.0,Rule evaluation,Entry,Setup,False,40.0,81.0,,,,,,,,,,,,,,,,,,,2026-07-31_004034,,
f389e77bacc036996afbdfaf,2026-07-31,2026-07-31 00:40:44 EDT,AAPL,Scanner,RULE PASSED,2.3 / required 2.0,Rule evaluation,Risk,RR,True,2.3,2.0,,,,,,,,,,,,,,,,,,,2026-07-31_004034,,
dbaae9373ca590a429d44bae,2026-07-31,2026-07-31 00:40:44 EDT,AAPL,Scanner,RULE FAILED,0.0 / required 65.0,Rule evaluation,Option,Option Quality,False,0.0,65.0,,,,,,,,,,,,,,,,,,,2026-07-31_004034,,
1a93a2d850bc352eaf1a391c,2026-07-31,2026-07-31 00:40:44 EDT,AAPL,Scanner,RULE FAILED,None / required LIVE_QUOTE,Rule evaluation,Realtime,Quote Freshness,False,,LIVE_QUOTE,,,,,,,,,,,,,,,,,,,2026-07-31_004034,,
26287a68c224fd730e60138a,2026-07-31,2026-07-31 00:40:44 EDT,AAPL,Scanner,RULE PASSED,True / required True,Rule evaluation,Affordability,Affordability,True,True,True,,,,,,,,,,,,,,,,,,,2026-07-31_004034,,
9147f490759ce99102b3d34e,2026-07-31,2026-07-31 00:40:44 EDT,AAPL,Scanner,RULE FAILED,NOT_LIFECYCLE_EVENT / required ELIGIBLE,Rule evaluation,Telegram,Telegram,False,NOT_LIFECYCLE_EVENT,ELIGIBLE,,,,,,,,,,,,,,,,,,,2026-07-31_004034,,
3c1e3d0cb71c94d2b5004285,2026-07-31,2026-07-31 00:40:46 EDT,MSFT,Scanner,NO TRADE MARKET CLOSED,Market closed; no live intraday trade,Scanner decision,Decision,NO_DIRECTIONAL_EDGE,False,NO_TRADE_MARKET_CLOSED,ENTER or ENTER_PAPER,NO TRADE MARKET CLOSED,False,8.0,0.0,,2026-07-30T23:55:00+00:00,448.2,448.5,448.08,448.47,9407.35,NO_RECOMMENDATION,NOT_REQUESTED,NOT_REQUESTED,,NOT_CREATED,NO_LIFECYCLE_EVENT,NO_LIFECYCLE_EVENT,2026-07-31_004034,,
af1c05ef1bab1005447be996,2026-07-31,2026-07-31 00:40:46 EDT,MSFT,Scanner,RULE FAILED,8.0 / required 85.0,Rule evaluation,Entry,Setup,False,8.0,85.0,,,,,,,,,,,,,,,,,,,2026-07-31_004034,,
3f29e65b0b627d1344f48a63,2026-07-31,2026-07-31 00:40:46 EDT,MSFT,Scanner,RULE FAILED,0.0 / required 2.0,Rule evaluation,Risk,RR,False,0.0,2.0,,,,,,,,,,,,,,,,,,,2026-07-31_004034,,
2e4780e93e13872ff2d8d66e,2026-07-31,2026-07-31 00:40:46 EDT,MSFT,Scanner,RULE FAILED,0.0 / required 65.0,Rule evaluation,Option,Option Quality,False,0.0,65.0,,,,,,,,,,,,,,,,,,,2026-07-31_004034,,
4d1586cd76d467207706e41f,2026-07-31,2026-07-31 00:40:46 EDT,MSFT,Scanner,RULE FAILED,None / required LIVE_QUOTE,Rule evaluation,Realtime,Quote Freshness,False,,LIVE_QUOTE,,,,,,,,,,,,,,,,,,,2026-07-31_004034,,
a37ae7caa6e00d7d6efcffeb,2026-07-31,2026-07-31 00:40:46 EDT,MSFT,Scanner,RULE PASSED,True / required True,Rule evaluation,Affordability,Affordability,True,True,True,,,,,,,,,,,,,,,,,,,2026-07-31_004034,,
1cb7d5ca01ecdebc1f503a23,2026-07-31,2026-07-31 00:40:46 EDT,MSFT,Scanner,RULE FAILED,NOT_LIFECYCLE_EVENT / required ELIGIBLE,Rule evaluation,Telegram,Telegram,False,NOT_LIFECYCLE_EVENT,ELIGIBLE,,,,,,,,,,,,,,,,,,,2026-07-31_004034,,
58c618dd8f22bb087e69b9ba,2026-07-31,2026-07-31 00:40:48 EDT,AMZN,Scanner,STALE STOCK DATA,Stock aggregate data is not real-time,Scanner decision,Decision,RISK_REJECTED,False,STALE_STOCK_DATA,ENTER or ENTER_PAPER,STALE STOCK DATA,False,59.0,2.76,,2026-07-30T23:55:00+00:00,258.11,258.25,257.9,258.0,57349.71,NO_RECOMMENDATION,NOT_REQUESTED,NOT_REQUESTED,,NOT_CREATED,NO_LIFECYCLE_EVENT,NO_LIFECYCLE_EVENT,2026-07-31_004034,,
16e001bc1e5dd41bd5d5a048,2026-07-31,2026-07-31 00:40:48 EDT,AMZN,Scanner,RULE FAILED,59.0 / required 81.0,Rule evaluation,Entry,Setup,False,59.0,81.0,,,,,,,,,,,,,,,,,,,2026-07-31_004034,,
07ce3f96420e6361d9b09d51,2026-07-31,2026-07-31 00:40:48 EDT,AMZN,Scanner,RULE PASSED,2.76 / required 2.0,Rule evaluation,Risk,RR,True,2.76,2.0,,,,,,,,,,,,,,,,,,,2026-07-31_004034,,
bb6cfbbd5c3e7f1148be5ecd,2026-07-31,2026-07-31 00:40:48 EDT,AMZN,Scanner,RULE FAILED,0.0 / required 65.0,Rule evaluation,Option,Option Quality,False,0.0,65.0,,,,,,,,,,,,,,,,,,,2026-07-31_004034,,
824c9e0821d65047b49f51a9,2026-07-31,2026-07-31 00:40:48 EDT,AMZN,Scanner,RULE FAILED,None / required LIVE_QUOTE,Rule evaluation,Realtime,Quote Freshness,False,,LIVE_QUOTE,,,,,,,,,,,,,,,,,,,2026-07-31_004034,,
e85f17550472984712a833d4,2026-07-31,2026-07-31 00:40:48 EDT,AMZN,Scanner,RULE PASSED,True / required True,Rule evaluation,Affordability,Affordability,True,True,True,,,,,,,,,,,,,,,,,,,2026-07-31_004034,,
7b3eb08925ae2d2aef7d1ad6,2026-07-31,2026-07-31 00:40:48 EDT,AMZN,Scanner,RULE FAILED,NOT_LIFECYCLE_EVENT / required ELIGIBLE,Rule evaluation,Telegram,Telegram,False,NOT_LIFECYCLE_EVENT,ELIGIBLE,,,,,,,,,,,,,,,,,,,2026-07-31_004034,,
6fcd48ada138a4497ceef798,2026-07-31,2026-07-31 00:40:50 EDT,META,Scanner,STALE STOCK DATA,Stock aggregate data is not real-time,Scanner decision,Decision,LOW_RR,False,STALE_STOCK_DATA,ENTER or ENTER_PAPER,STALE STOCK DATA,False,39.0,1.16,,2026-07-30T23:55:00+00:00,543.0,543.1,542.42,542.75,4954.45,NO_RECOMMENDATION,NOT_REQUESTED,NOT_REQUESTED,,NOT_CREATED,NO_LIFECYCLE_EVENT,NO_LIFECYCLE_EVENT,2026-07-31_004034,,
501fcddb0e52b8abdf68071a,2026-07-31,2026-07-31 00:40:50 EDT,META,Scanner,RULE FAILED,39.0 / required 85.0,Rule evaluation,Entry,Setup,False,39.0,85.0,,,,,,,,,,,,,,,,,,,2026-07-31_004034,,
c5df161d4490854ebc2628c8,2026-07-31,2026-07-31 00:40:50 EDT,META,Scanner,RULE FAILED,1.16 / required 2.0,Rule evaluation,Risk,RR,False,1.16,2.0,,,,,,,,,,,,,,,,,,,2026-07-31_004034,,
4a04f96189a7b2552dffba3a,2026-07-31,2026-07-31 00:40:50 EDT,META,Scanner,RULE FAILED,0.0 / required 65.0,Rule evaluation,Option,Option Quality,False,0.0,65.0,,,,,,,,,,,,,,,,,,,2026-07-31_004034,,
3b143afd7bb6cb8f60fb67ef,2026-07-31,2026-07-31 00:40:50 EDT,META,Scanner,RULE FAILED,None / required LIVE_QUOTE,Rule evaluation,Realtime,Quote Freshness,False,,LIVE_QUOTE,,,,,,,,,,,,,,,,,,,2026-07-31_004034,,
7ee5ab61b6b7ec9b2862d9fb,2026-07-31,2026-07-31 00:40:50 EDT,META,Scanner,RULE PASSED,True / required True,Rule evaluation,Affordability,Affordability,True,True,True,,,,,,,,,,,,,,,,,,,2026-07-31_004034,,
2828136b282122ec9b88340d,2026-07-31,2026-07-31 00:40:50 EDT,META,Scanner,RULE FAILED,NOT_LIFECYCLE_EVENT / required ELIGIBLE,Rule evaluation,Telegram,Telegram,False,NOT_LIFECYCLE_EVENT,ELIGIBLE,,,,,,,,,,,,,,,,,,,2026-07-31_004034,,
05c612c4a6abbadab1dc1ca1,2026-07-31,2026-07-31 00:40:52 EDT,TSLA,Scanner,STALE STOCK DATA,Stock aggregate data is not real-time,Scanner decision,Decision,NO_ENTRY_TRIGGER,False,STALE_STOCK_DATA,ENTER or ENTER_PAPER,STALE STOCK DATA,False,24.0,0.78,,2026-07-30T23:55:00+00:00,309.12,309.16,309.0,309.1,11617.0,NO_RECOMMENDATION,NOT_REQUESTED,NOT_REQUESTED,,NOT_CREATED,NO_LIFECYCLE_EVENT,NO_LIFECYCLE_EVENT,2026-07-31_004034,,
991ea2056190f508f8eb12cd,2026-07-31,2026-07-31 00:40:52 EDT,TSLA,Scanner,RULE FAILED,24.0 / required 85.0,Rule evaluation,Entry,Setup,False,24.0,85.0,,,,,,,,,,,,,,,,,,,2026-07-31_004034,,
754b5951ca2d4247079043af,2026-07-31,2026-07-31 00:40:52 EDT,TSLA,Scanner,RULE FAILED,0.78 / required 2.0,Rule evaluation,Risk,RR,False,0.78,2.0,,,,,,,,,,,,,,,,,,,2026-07-31_004034,,
9d51481e08e53a4ddcea7249,2026-07-31,2026-07-31 00:40:52 EDT,TSLA,Scanner,RULE FAILED,0.0 / required 65.0,Rule evaluation,Option,Option Quality,False,0.0,65.0,,,,,,,,,,,,,,,,,,,2026-07-31_004034,,
9b9507bd8269ad70f50f8035,2026-07-31,2026-07-31 00:40:52 EDT,TSLA,Scanner,RULE FAILED,None / required LIVE_QUOTE,Rule evaluation,Realtime,Quote Freshness,False,,LIVE_QUOTE,,,,,,,,,,,,,,,,,,,2026-07-31_004034,,
3b2832711ff6a4836fb5c549,2026-07-31,2026-07-31 00:40:52 EDT,TSLA,Scanner,RULE PASSED,True / required True,Rule evaluation,Affordability,Affordability,True,True,True,,,,,,,,,,,,,,,,,,,2026-07-31_004034,,
2a4a71b61d772d6f9d00b0cf,2026-07-31,2026-07-31 00:40:52 EDT,TSLA,Scanner,RULE FAILED,NOT_LIFECYCLE_EVENT / required ELIGIBLE,Rule evaluation,Telegram,Telegram,False,NOT_LIFECYCLE_EVENT,ELIGIBLE,,,,,,,,,,,,,,,,,,,2026-07-31_004034,,
1def8e76d7fef2b164f6a046,2026-07-31,2026-07-31 00:40:54 EDT,AMD,Scanner,STALE STOCK DATA,Stock aggregate data is not real-time,Scanner decision,Decision,NO_ENTRY_TRIGGER,False,STALE_STOCK_DATA,ENTER or ENTER_PAPER,NO TRADE MARKET CLOSED,True,47.0,2.22,,2026-07-30T23:55:00+00:00,499.74,499.8,499.22,499.26,12134.01,NO_RECOMMENDATION,NOT_REQUESTED,NOT_REQUESTED,,NOT_CREATED,NO_LIFECYCLE_EVENT,NO_LIFECYCLE_EVENT,2026-07-31_004034,,
3392a20cd77ff593af366ba9,2026-07-31,2026-07-31 00:40:54 EDT,AMD,Scanner,RULE FAILED,47.0 / required 81.0,Rule evaluation,Entry,Setup,False,47.0,81.0,,,,,,,,,,,,,,,,,,,2026-07-31_004034,,
ba3ff4b9ae9ca44cc150cf22,2026-07-31,2026-07-31 00:40:54 EDT,AMD,Scanner,RULE PASSED,2.22 / required 2.0,Rule evaluation,Risk,RR,True,2.22,2.0,,,,,,,,,,,,,,,,,,,2026-07-31_004034,,
db8aef8db542f2ad1e4b6408,2026-07-31,2026-07-31 00:40:54 EDT,AMD,Scanner,RULE FAILED,0.0 / required 65.0,Rule evaluation,Option,Option Quality,False,0.0,65.0,,,,,,,,,,,,,,,,,,,2026-07-31_004034,,
2c304ff773fa63f983372742,2026-07-31,2026-07-31 00:40:54 EDT,AMD,Scanner,RULE FAILED,None / required LIVE_QUOTE,Rule evaluation,Realtime,Quote Freshness,False,,LIVE_QUOTE,,,,,,,,,,,,,,,,,,,2026-07-31_004034,,
0e00348412ac4b894d97bd91,2026-07-31,2026-07-31 00:40:54 EDT,AMD,Scanner,RULE PASSED,True / required True,Rule evaluation,Affordability,Affordability,True,True,True,,,,,,,,,,,,,,,,,,,2026-07-31_004034,,
80ef17cc087c426e3f14e200,2026-07-31,2026-07-31 00:40:54 EDT,AMD,Scanner,RULE FAILED,NOT_LIFECYCLE_EVENT / required ELIGIBLE,Rule evaluation,Telegram,Telegram,False,NOT_LIFECYCLE_EVENT,ELIGIBLE,,,,,,,,,,,,,,,,,,,2026-07-31_004034,,
7e892358edf7763b590044c8,2026-07-31,2026-07-31 00:40:56 EDT,AVGO,Scanner,STALE STOCK DATA,Stock aggregate data is not real-time,Scanner decision,Decision,LOW_RR,False,STALE_STOCK_DATA,ENTER or ENTER_PAPER,STALE STOCK DATA,False,59.0,1.08,,2026-07-30T23:55:00+00:00,390.06,390.7,390.06,390.6,1445.05,NO_RECOMMENDATION,NOT_REQUESTED,NOT_REQUESTED,,NOT_CREATED,NO_LIFECYCLE_EVENT,NO_LIFECYCLE_EVENT,2026-07-31_004034,,
64111e099132fa8a2d88ff96,2026-07-31,2026-07-31 00:40:56 EDT,AVGO,Scanner,RULE FAILED,59.0 / required 85.0,Rule evaluation,Entry,Setup,False,59.0,85.0,,,,,,,,,,,,,,,,,,,2026-07-31_004034,,
1ea265f46e61f7ccda88d974,2026-07-31,2026-07-31 00:40:56 EDT,AVGO,Scanner,RULE FAILED,1.08 / required 2.0,Rule evaluation,Risk,RR,False,1.08,2.0,,,,,,,,,,,,,,,,,,,2026-07-31_004034,,
6a41319f26c83181ae7cd85d,2026-07-31,2026-07-31 00:40:56 EDT,AVGO,Scanner,RULE FAILED,0.0 / required 65.0,Rule evaluation,Option,Option Quality,False,0.0,65.0,,,,,,,,,,,,,,,,,,,2026-07-31_004034,,
603f2d71c259d11cbc4c8f39,2026-07-31,2026-07-31 00:40:56 EDT,AVGO,Scanner,RULE FAILED,None / required LIVE_QUOTE,Rule evaluation,Realtime,Quote Freshness,False,,LIVE_QUOTE,,,,,,,,,,,,,,,,,,,2026-07-31_004034,,
4df25e8fcd281f28a4976bdd,2026-07-31,2026-07-31 00:40:56 EDT,AVGO,Scanner,RULE PASSED,True / required True,Rule evaluation,Affordability,Affordability,True,True,True,,,,,,,,,,,,,,,,,,,2026-07-31_004034,,
71cddaf25b53a88d41601896,2026-07-31,2026-07-31 00:40:56 EDT,AVGO,Scanner,RULE FAILED,NOT_LIFECYCLE_EVENT / required ELIGIBLE,Rule evaluation,Telegram,Telegram,False,NOT_LIFECYCLE_EVENT,ELIGIBLE,,,,,,,,,,,,,,,,,,,2026-07-31_004034,,
8f4f44ce984b9a29e5afa753,2026-07-31,2026-07-31 00:40:58 EDT,MU,Scanner,STALE STOCK DATA,Stock aggregate data is not real-time,Scanner decision,Decision,RISK_REJECTED,False,STALE_STOCK_DATA,ENTER or ENTER_PAPER,STALE STOCK DATA,False,57.0,3.26,,2026-07-30T23:55:00+00:00,902.0,904.0,902.0,903.0,37546.75,NO_RECOMMENDATION,NOT_REQUESTED,NOT_REQUESTED,,NOT_CREATED,NO_LIFECYCLE_EVENT,NO_LIFECYCLE_EVENT,2026-07-31_004034,,
677ef5a130806a4a966cd3ae,2026-07-31,2026-07-31 00:40:58 EDT,MU,Scanner,RULE FAILED,57.0 / required 81.0,Rule evaluation,Entry,Setup,False,57.0,81.0,,,,,,,,,,,,,,,,,,,2026-07-31_004034,,
5c23ee743c3b3b820c815a2e,2026-07-31,2026-07-31 00:40:58 EDT,MU,Scanner,RULE PASSED,3.26 / required 2.0,Rule evaluation,Risk,RR,True,3.26,2.0,,,,,,,,,,,,,,,,,,,2026-07-31_004034,,
c3cc6acb0504a81b2152745e,2026-07-31,2026-07-31 00:40:58 EDT,MU,Scanner,RULE FAILED,0.0 / required 65.0,Rule evaluation,Option,Option Quality,False,0.0,65.0,,,,,,,,,,,,,,,,,,,2026-07-31_004034,,
10ab11070b65a10fa4777232,2026-07-31,2026-07-31 00:40:58 EDT,MU,Scanner,RULE FAILED,None / required LIVE_QUOTE,Rule evaluation,Realtime,Quote Freshness,False,,LIVE_QUOTE,,,,,,,,,,,,,,,,,,,2026-07-31_004034,,
f889f7447fc09523e58be852,2026-07-31,2026-07-31 00:40:58 EDT,MU,Scanner,RULE PASSED,True / required True,Rule evaluation,Affordability,Affordability,True,True,True,,,,,,,,,,,,,,,,,,,2026-07-31_004034,,
4a5abbec28d27cae638a78ed,2026-07-31,2026-07-31 00:40:58 EDT,MU,Scanner,RULE FAILED,NOT_LIFECYCLE_EVENT / required ELIGIBLE,Rule evaluation,Telegram,Telegram,False,NOT_LIFECYCLE_EVENT,ELIGIBLE,,,,,,,,,,,,,,,,,,,2026-07-31_004034,,
c4fcd3bebce2dee7ce1e4eb3,2026-07-31,2026-07-31 00:41:00 EDT,PLTR,Scanner,STALE STOCK DATA,Stock aggregate data is not real-time,Scanner decision,Decision,LOW_RR,False,STALE_STOCK_DATA,ENTER or ENTER_PAPER,STALE STOCK DATA,False,58.0,1.02,,2026-07-30T23:56:00+00:00,123.27,123.45,123.24,123.25,3400.0,NO_RECOMMENDATION,NOT_REQUESTED,NOT_REQUESTED,,NOT_CREATED,NO_LIFECYCLE_EVENT,NO_LIFECYCLE_EVENT,2026-07-31_004034,,
fd34b3109083605093ec8e47,2026-07-31,2026-07-31 00:41:00 EDT,PLTR,Scanner,RULE FAILED,58.0 / required 85.0,Rule evaluation,Entry,Setup,False,58.0,85.0,,,,,,,,,,,,,,,,,,,2026-07-31_004034,,
ffe8de6e32e2403eb73f472f,2026-07-31,2026-07-31 00:41:00 EDT,PLTR,Scanner,RULE FAILED,1.02 / required 2.0,Rule evaluation,Risk,RR,False,1.02,2.0,,,,,,,,,,,,,,,,,,,2026-07-31_004034,,
e4be1598d072ed32c732f91b,2026-07-31,2026-07-31 00:41:00 EDT,PLTR,Scanner,RULE FAILED,0.0 / required 65.0,Rule evaluation,Option,Option Quality,False,0.0,65.0,,,,,,,,,,,,,,,,,,,2026-07-31_004034,,
5e5201d4c472e4757d7edaf1,2026-07-31,2026-07-31 00:41:00 EDT,PLTR,Scanner,RULE FAILED,None / required LIVE_QUOTE,Rule evaluation,Realtime,Quote Freshness,False,,LIVE_QUOTE,,,,,,,,,,,,,,,,,,,2026-07-31_004034,,
db8eb1492f6ec5a87f671521,2026-07-31,2026-07-31 00:41:00 EDT,PLTR,Scanner,RULE PASSED,True / required True,Rule evaluation,Affordability,Affordability,True,True,True,,,,,,,,,,,,,,,,,,,2026-07-31_004034,,
af3f00fe3ba572b3359a3fb3,2026-07-31,2026-07-31 00:41:00 EDT,PLTR,Scanner,RULE FAILED,NOT_LIFECYCLE_EVENT / required ELIGIBLE,Rule evaluation,Telegram,Telegram,False,NOT_LIFECYCLE_EVENT,ELIGIBLE,,,,,,,,,,,,,,,,,,,2026-07-31_004034,,
7a0150291c7e0030dd837bf8,2026-07-31,2026-07-31 00:41:02 EDT,NFLX,Scanner,STALE STOCK DATA,Stock aggregate data is not real-time,Scanner decision,Decision,LOW_RR,False,STALE_STOCK_DATA,ENTER or ENTER_PAPER,STALE STOCK DATA,False,59.0,1.16,,2026-07-30T23:56:00+00:00,72.73,72.73,72.68,72.68,1169.38,NO_RECOMMENDATION,NOT_REQUESTED,NOT_REQUESTED,,NOT_CREATED,NO_LIFECYCLE_EVENT,NO_LIFECYCLE_EVENT,2026-07-31_004034,,
53e14aee83656197fc7cf7d4,2026-07-31,2026-07-31 00:41:02 EDT,NFLX,Scanner,RULE FAILED,59.0 / required 85.0,Rule evaluation,Entry,Setup,False,59.0,85.0,,,,,,,,,,,,,,,,,,,2026-07-31_004034,,
8fa3bdc749efcf596f714800,2026-07-31,2026-07-31 00:41:02 EDT,NFLX,Scanner,RULE FAILED,1.16 / required 2.0,Rule evaluation,Risk,RR,False,1.16,2.0,,,,,,,,,,,,,,,,,,,2026-07-31_004034,,
b8515d458365db77f69aae25,2026-07-31,2026-07-31 00:41:02 EDT,NFLX,Scanner,RULE FAILED,0.0 / required 65.0,Rule evaluation,Option,Option Quality,False,0.0,65.0,,,,,,,,,,,,,,,,,,,2026-07-31_004034,,
2241a3256a4120634542c120,2026-07-31,2026-07-31 00:41:02 EDT,NFLX,Scanner,RULE FAILED,None / required LIVE_QUOTE,Rule evaluation,Realtime,Quote Freshness,False,,LIVE_QUOTE,,,,,,,,,,,,,,,,,,,2026-07-31_004034,,
c7fefc16e31cf3160ec29ce5,2026-07-31,2026-07-31 00:41:02 EDT,NFLX,Scanner,RULE PASSED,True / required True,Rule evaluation,Affordability,Affordability,True,True,True,,,,,,,,,,,,,,,,,,,2026-07-31_004034,,
5543bb8c545c918e12fafbee,2026-07-31,2026-07-31 00:41:02 EDT,NFLX,Scanner,RULE FAILED,NOT_LIFECYCLE_EVENT / required ELIGIBLE,Rule evaluation,Telegram,Telegram,False,NOT_LIFECYCLE_EVENT,ELIGIBLE,,,,,,,,,,,,,,,,,,,2026-07-31_004034,,
824516c9ecad1e802d390e85,2026-07-31,2026-07-31 00:41:04 EDT,CRWD,Scanner,STALE STOCK DATA,Stock aggregate data is not real-time,Scanner decision,Decision,NO_ENTRY_TRIGGER,False,STALE_STOCK_DATA,ENTER or ENTER_PAPER,STALE STOCK DATA,False,59.0,2.33,,2026-07-30T23:56:00+00:00,186.0,186.0,186.0,186.0,1084.0,NO_RECOMMENDATION,NOT_REQUESTED,NOT_REQUESTED,,NOT_CREATED,NO_LIFECYCLE_EVENT,NO_LIFECYCLE_EVENT,2026-07-31_004034,,
5e230fbe1dbf5ac7ba8ad4cb,2026-07-31,2026-07-31 00:41:04 EDT,CRWD,Scanner,RULE FAILED,59.0 / required 81.0,Rule evaluation,Entry,Setup,False,59.0,81.0,,,,,,,,,,,,,,,,,,,2026-07-31_004034,,
e3d0d28d36c54d6309023269,2026-07-31,2026-07-31 00:41:04 EDT,CRWD,Scanner,RULE PASSED,2.33 / required 2.0,Rule evaluation,Risk,RR,True,2.33,2.0,,,,,,,,,,,,,,,,,,,2026-07-31_004034,,
bfe70d5a8311225f56eeace1,2026-07-31,2026-07-31 00:41:04 EDT,CRWD,Scanner,RULE FAILED,0.0 / required 65.0,Rule evaluation,Option,Option Quality,False,0.0,65.0,,,,,,,,,,,,,,,,,,,2026-07-31_004034,,
739c8a7e6dd8784fc47bd67b,2026-07-31,2026-07-31 00:41:04 EDT,CRWD,Scanner,RULE FAILED,None / required LIVE_QUOTE,Rule evaluation,Realtime,Quote Freshness,False,,LIVE_QUOTE,,,,,,,,,,,,,,,,,,,2026-07-31_004034,,
42b8971111912ccb2862387d,2026-07-31,2026-07-31 00:41:04 EDT,CRWD,Scanner,RULE PASSED,True / required True,Rule evaluation,Affordability,Affordability,True,True,True,,,,,,,,,,,,,,,,,,,2026-07-31_004034,,
259add010ed9646e512d31a0,2026-07-31,2026-07-31 00:41:04 EDT,CRWD,Scanner,RULE FAILED,NOT_LIFECYCLE_EVENT / required ELIGIBLE,Rule evaluation,Telegram,Telegram,False,NOT_LIFECYCLE_EVENT,ELIGIBLE,,,,,,,,,,,,,,,,,,,2026-07-31_004034,,
0538f62c8f4fdd488480f380,2026-07-31,2026-07-31 00:41:06 EDT,SMCI,Scanner,STALE STOCK DATA,Stock aggregate data is not real-time,Scanner decision,Decision,RISK_REJECTED,False,STALE_STOCK_DATA,ENTER or ENTER_PAPER,STALE STOCK DATA,False,59.0,1.53,,2026-07-30T23:56:00+00:00,28.38,28.41,28.37,28.41,7671.0,NO_RECOMMENDATION,NOT_REQUESTED,NOT_REQUESTED,,NOT_CREATED,NO_LIFECYCLE_EVENT,NO_LIFECYCLE_EVENT,2026-07-31_004034,,
969e569a2b6467867ee6075c,2026-07-31,2026-07-31 00:41:06 EDT,SMCI,Scanner,RULE FAILED,59.0 / required 81.0,Rule evaluation,Entry,Setup,False,59.0,81.0,,,,,,,,,,,,,,,,,,,2026-07-31_004034,,
cc2c32e8bc05a681f7f66fbf,2026-07-31,2026-07-31 00:41:06 EDT,SMCI,Scanner,RULE FAILED,1.53 / required 2.0,Rule evaluation,Risk,RR,False,1.53,2.0,,,,,,,,,,,,,,,,,,,2026-07-31_004034,,
864f63ab1b41f1138dc3db46,2026-07-31,2026-07-31 00:41:06 EDT,SMCI,Scanner,RULE FAILED,0.0 / required 65.0,Rule evaluation,Option,Option Quality,False,0.0,65.0,,,,,,,,,,,,,,,,,,,2026-07-31_004034,,
43bc4c642f770bf84f758c0c,2026-07-31,2026-07-31 00:41:06 EDT,SMCI,Scanner,RULE FAILED,None / required LIVE_QUOTE,Rule evaluation,Realtime,Quote Freshness,False,,LIVE_QUOTE,,,,,,,,,,,,,,,,,,,2026-07-31_004034,,
29e485d096be0046e88f0bd9,2026-07-31,2026-07-31 00:41:06 EDT,SMCI,Scanner,RULE PASSED,True / required True,Rule evaluation,Affordability,Affordability,True,True,True,,,,,,,,,,,,,,,,,,,2026-07-31_004034,,
0b90d1d1a057ccbe996ddb7a,2026-07-31,2026-07-31 00:41:06 EDT,SMCI,Scanner,RULE FAILED,NOT_LIFECYCLE_EVENT / required ELIGIBLE,Rule evaluation,Telegram,Telegram,False,NOT_LIFECYCLE_EVENT,ELIGIBLE,,,,,,,,,,,,,,,,,,,2026-07-31_004034,,
163fb4f3463c68f1ee6cfd99,2026-07-31,2026-07-31 00:41:07 EDT,SPCX,Scanner,NO TRADE MARKET CLOSED,Market closed; no live intraday trade,Scanner decision,Decision,NO_DIRECTIONAL_EDGE,False,NO_TRADE_MARKET_CLOSED,ENTER or ENTER_PAPER,NO TRADE MARKET CLOSED,False,0.0,0.0,,2026-07-30T23:56:00+00:00,112.88,112.93,112.79,112.79,30621.15,NO_RECOMMENDATION,NOT_REQUESTED,NOT_REQUESTED,,NOT_CREATED,NO_LIFECYCLE_EVENT,NO_LIFECYCLE_EVENT,2026-07-31_004034,,
bb542056ae7546a6b9da55c6,2026-07-31,2026-07-31 00:41:07 EDT,SPCX,Scanner,RULE FAILED,0.0 / required 85.0,Rule evaluation,Entry,Setup,False,0.0,85.0,,,,,,,,,,,,,,,,,,,2026-07-31_004034,,
1eb45e53543cd5132ae1409d,2026-07-31,2026-07-31 00:41:07 EDT,SPCX,Scanner,RULE FAILED,0.0 / required 2.0,Rule evaluation,Risk,RR,False,0.0,2.0,,,,,,,,,,,,,,,,,,,2026-07-31_004034,,
0096527e9b8a3f40e70495f3,2026-07-31,2026-07-31 00:41:07 EDT,SPCX,Scanner,RULE FAILED,0.0 / required 65.0,Rule evaluation,Option,Option Quality,False,0.0,65.0,,,,,,,,,,,,,,,,,,,2026-07-31_004034,,
a082ff56d3f50a2541c473ac,2026-07-31,2026-07-31 00:41:07 EDT,SPCX,Scanner,RULE FAILED,None / required LIVE_QUOTE,Rule evaluation,Realtime,Quote Freshness,False,,LIVE_QUOTE,,,,,,,,,,,,,,,,,,,2026-07-31_004034,,
48c3a24eb22ae5765dec41e4,2026-07-31,2026-07-31 00:41:07 EDT,SPCX,Scanner,RULE PASSED,True / required True,Rule evaluation,Affordability,Affordability,True,True,True,,,,,,,,,,,,,,,,,,,2026-07-31_004034,,
7e97f7e82d67eb33f3d23af8,2026-07-31,2026-07-31 00:41:07 EDT,SPCX,Scanner,RULE FAILED,NOT_LIFECYCLE_EVENT / required ELIGIBLE,Rule evaluation,Telegram,Telegram,False,NOT_LIFECYCLE_EVENT,ELIGIBLE,,,,,,,,,,,,,,,,,,,2026-07-31_004034,,
c113b23776c70709ecebd1e7,2026-07-31,2026-07-31 00:41:09 EDT,SMH,Scanner,STALE STOCK DATA,Stock aggregate data is not real-time,Scanner decision,Decision,NO_ENTRY_TRIGGER,False,STALE_STOCK_DATA,ENTER or ENTER_PAPER,STALE STOCK DATA,False,50.0,1.25,,2026-07-30T23:56:00+00:00,550.0,550.93,550.0,550.93,3496.0,NO_RECOMMENDATION,NOT_REQUESTED,NOT_REQUESTED,,NOT_CREATED,NO_LIFECYCLE_EVENT,NO_LIFECYCLE_EVENT,2026-07-31_004034,,
71cdf00b8b42c2ef3d70ceb7,2026-07-31,2026-07-31 00:41:09 EDT,SMH,Scanner,RULE FAILED,50.0 / required 85.0,Rule evaluation,Entry,Setup,False,50.0,85.0,,,,,,,,,,,,,,,,,,,2026-07-31_004034,,
59f4402078345c0f9c188e6f,2026-07-31,2026-07-31 00:41:09 EDT,SMH,Scanner,RULE FAILED,1.25 / required 2.0,Rule evaluation,Risk,RR,False,1.25,2.0,,,,,,,,,,,,,,,,,,,2026-07-31_004034,,
9ec9850297f49153a63b3ac1,2026-07-31,2026-07-31 00:41:09 EDT,SMH,Scanner,RULE FAILED,0.0 / required 65.0,Rule evaluation,Option,Option Quality,False,0.0,65.0,,,,,,,,,,,,,,,,,,,2026-07-31_004034,,
2d3053e67fa0d937d7867ccd,2026-07-31,2026-07-31 00:41:09 EDT,SMH,Scanner,RULE FAILED,None / required LIVE_QUOTE,Rule evaluation,Realtime,Quote Freshness,False,,LIVE_QUOTE,,,,,,,,,,,,,,,,,,,2026-07-31_004034,,
a1b577d29a43992141390ce5,2026-07-31,2026-07-31 00:41:09 EDT,SMH,Scanner,RULE PASSED,True / required True,Rule evaluation,Affordability,Affordability,True,True,True,,,,,,,,,,,,,,,,,,,2026-07-31_004034,,
01ff07b172e47abff31ce0e1,2026-07-31,2026-07-31 00:41:09 EDT,SMH,Scanner,RULE FAILED,NOT_LIFECYCLE_EVENT / required ELIGIBLE,Rule evaluation,Telegram,Telegram,False,NOT_LIFECYCLE_EVENT,ELIGIBLE,,,,,,,,,,,,,,,,,,,2026-07-31_004034,,
bfc6a642d8659325dfc3ab6b,2026-07-31,2026-07-31 00:41:11 EDT,ARM,Scanner,STALE STOCK DATA,Stock aggregate data is not real-time,Scanner decision,Decision,RISK_REJECTED,False,STALE_STOCK_DATA,ENTER or ENTER_PAPER,STALE STOCK DATA,False,59.0,1.7,,2026-07-30T23:56:00+00:00,248.55,248.55,248.55,248.55,406.0,NO_RECOMMENDATION,NOT_REQUESTED,NOT_REQUESTED,,NOT_CREATED,NO_LIFECYCLE_EVENT,NO_LIFECYCLE_EVENT,2026-07-31_004034,,
08ebf73a7088b24187b51429,2026-07-31,2026-07-31 00:41:11 EDT,ARM,Scanner,RULE FAILED,59.0 / required 81.0,Rule evaluation,Entry,Setup,False,59.0,81.0,,,,,,,,,,,,,,,,,,,2026-07-31_004034,,
6a1470c5dec76f9b3d3d06c9,2026-07-31,2026-07-31 00:41:11 EDT,ARM,Scanner,RULE FAILED,1.7 / required 2.0,Rule evaluation,Risk,RR,False,1.7,2.0,,,,,,,,,,,,,,,,,,,2026-07-31_004034,,
4b77709ea4dad003a39aaead,2026-07-31,2026-07-31 00:41:11 EDT,ARM,Scanner,RULE FAILED,0.0 / required 65.0,Rule evaluation,Option,Option Quality,False,0.0,65.0,,,,,,,,,,,,,,,,,,,2026-07-31_004034,,
371dcf3a451b8c8e21268319,2026-07-31,2026-07-31 00:41:11 EDT,ARM,Scanner,RULE FAILED,None / required LIVE_QUOTE,Rule evaluation,Realtime,Quote Freshness,False,,LIVE_QUOTE,,,,,,,,,,,,,,,,,,,2026-07-31_004034,,
45f9bbe24435818d19c3845c,2026-07-31,2026-07-31 00:41:11 EDT,ARM,Scanner,RULE PASSED,True / required True,Rule evaluation,Affordability,Affordability,True,True,True,,,,,,,,,,,,,,,,,,,2026-07-31_004034,,
67ba1d6997587186bc4d77e7,2026-07-31,2026-07-31 00:41:11 EDT,ARM,Scanner,RULE FAILED,NOT_LIFECYCLE_EVENT / required ELIGIBLE,Rule evaluation,Telegram,Telegram,False,NOT_LIFECYCLE_EVENT,ELIGIBLE,,,,,,,,,,,,,,,,,,,2026-07-31_004034,,
9f76c5cb2cb2641ca8380519,2026-07-31,2026-07-31 00:41:13 EDT,TSM,Scanner,STALE STOCK DATA,Stock aggregate data is not real-time,Scanner decision,Decision,NO_ENTRY_TRIGGER,False,STALE_STOCK_DATA,ENTER or ENTER_PAPER,STALE STOCK DATA,False,47.0,2.33,,2026-07-30T23:56:00+00:00,412.32,412.77,412.0,412.0,3832.08,NO_RECOMMENDATION,NOT_REQUESTED,NOT_REQUESTED,,NOT_CREATED,NO_LIFECYCLE_EVENT,NO_LIFECYCLE_EVENT,2026-07-31_004034,,
97b0072a14ea9617a6a5afd3,2026-07-31,2026-07-31 00:41:13 EDT,TSM,Scanner,RULE FAILED,47.0 / required 81.0,Rule evaluation,Entry,Setup,False,47.0,81.0,,,,,,,,,,,,,,,,,,,2026-07-31_004034,,
72dff0f66eeae9d65b9e5e93,2026-07-31,2026-07-31 00:41:13 EDT,TSM,Scanner,RULE PASSED,2.33 / required 2.0,Rule evaluation,Risk,RR,True,2.33,2.0,,,,,,,,,,,,,,,,,,,2026-07-31_004034,,
603e4af96b88d9a51ffea69e,2026-07-31,2026-07-31 00:41:13 EDT,TSM,Scanner,RULE FAILED,0.0 / required 65.0,Rule evaluation,Option,Option Quality,False,0.0,65.0,,,,,,,,,,,,,,,,,,,2026-07-31_004034,,
b996687c94e542b53ab5ea69,2026-07-31,2026-07-31 00:41:13 EDT,TSM,Scanner,RULE FAILED,None / required LIVE_QUOTE,Rule evaluation,Realtime,Quote Freshness,False,,LIVE_QUOTE,,,,,,,,,,,,,,,,,,,2026-07-31_004034,,
7faa26a5f9f3eb0bc472b09c,2026-07-31,2026-07-31 00:41:13 EDT,TSM,Scanner,RULE PASSED,True / required True,Rule evaluation,Affordability,Affordability,True,True,True,,,,,,,,,,,,,,,,,,,2026-07-31_004034,,
9166817058fff19c37ba9909,2026-07-31,2026-07-31 00:41:13 EDT,TSM,Scanner,RULE FAILED,NOT_LIFECYCLE_EVENT / required ELIGIBLE,Rule evaluation,Telegram,Telegram,False,NOT_LIFECYCLE_EVENT,ELIGIBLE,,,,,,,,,,,,,,,,,,,2026-07-31_004034,,
5c4458683a1ae9080a95bebc,2026-07-31,2026-07-31 00:41:15 EDT,INTC,Scanner,STALE STOCK DATA,Stock aggregate data is not real-time,Scanner decision,Decision,NO_ENTRY_TRIGGER,False,STALE_STOCK_DATA,ENTER or ENTER_PAPER,STALE STOCK DATA,False,49.0,2.22,,2026-07-30T23:56:00+00:00,95.23,95.35,95.16,95.16,70201.59,NO_RECOMMENDATION,NOT_REQUESTED,NOT_REQUESTED,,NOT_CREATED,NO_LIFECYCLE_EVENT,NO_LIFECYCLE_EVENT,2026-07-31_004034,,
996f76d581ebeafd1d7c25cd,2026-07-31,2026-07-31 00:41:15 EDT,INTC,Scanner,RULE FAILED,49.0 / required 81.0,Rule evaluation,Entry,Setup,False,49.0,81.0,,,,,,,,,,,,,,,,,,,2026-07-31_004034,,
05ca75e55cf06dd1416c9b8a,2026-07-31,2026-07-31 00:41:15 EDT,INTC,Scanner,RULE PASSED,2.22 / required 2.0,Rule evaluation,Risk,RR,True,2.22,2.0,,,,,,,,,,,,,,,,,,,2026-07-31_004034,,
899adbb05426bcefe849f055,2026-07-31,2026-07-31 00:41:15 EDT,INTC,Scanner,RULE FAILED,0.0 / required 65.0,Rule evaluation,Option,Option Quality,False,0.0,65.0,,,,,,,,,,,,,,,,,,,2026-07-31_004034,,
02fc8f27cef4ef0c4b0fc3a7,2026-07-31,2026-07-31 00:41:15 EDT,INTC,Scanner,RULE FAILED,None / required LIVE_QUOTE,Rule evaluation,Realtime,Quote Freshness,False,,LIVE_QUOTE,,,,,,,,,,,,,,,,,,,2026-07-31_004034,,
499842a60b61b44390c50ad2,2026-07-31,2026-07-31 00:41:15 EDT,INTC,Scanner,RULE PASSED,True / required True,Rule evaluation,Affordability,Affordability,True,True,True,,,,,,,,,,,,,,,,,,,2026-07-31_004034,,
3969e868157ffb8709f2ef21,2026-07-31,2026-07-31 00:41:15 EDT,INTC,Scanner,RULE FAILED,NOT_LIFECYCLE_EVENT / required ELIGIBLE,Rule evaluation,Telegram,Telegram,False,NOT_LIFECYCLE_EVENT,ELIGIBLE,,,,,,,,,,,,,,,,,,,2026-07-31_004034,,
33fd7b85a4b69860fe2a898b,2026-07-31,2026-07-31 00:41:17 EDT,AMAT,Scanner,STALE STOCK DATA,Stock aggregate data is not real-time,Scanner decision,Decision,NO_ENTRY_TRIGGER,False,STALE_STOCK_DATA,ENTER or ENTER_PAPER,STALE STOCK DATA,False,53.0,2.22,,2026-07-30T23:56:00+00:00,519.84,519.99,519.12,519.99,468.0,NO_RECOMMENDATION,NOT_REQUESTED,NOT_REQUESTED,,NOT_CREATED,NO_LIFECYCLE_EVENT,NO_LIFECYCLE_EVENT,2026-07-31_004034,,
96bcd93fa8afac8f170caaa8,2026-07-31,2026-07-31 00:41:17 EDT,AMAT,Scanner,RULE FAILED,53.0 / required 81.0,Rule evaluation,Entry,Setup,False,53.0,81.0,,,,,,,,,,,,,,,,,,,2026-07-31_004034,,
03cbf3c28f8bd2fb5db2688c,2026-07-31,2026-07-31 00:41:17 EDT,AMAT,Scanner,RULE PASSED,2.22 / required 2.0,Rule evaluation,Risk,RR,True,2.22,2.0,,,,,,,,,,,,,,,,,,,2026-07-31_004034,,
05328a3b2341ced34bf6ff27,2026-07-31,2026-07-31 00:41:17 EDT,AMAT,Scanner,RULE FAILED,0.0 / required 65.0,Rule evaluation,Option,Option Quality,False,0.0,65.0,,,,,,,,,,,,,,,,,,,2026-07-31_004034,,
8855d019cd0353178a92f011,2026-07-31,2026-07-31 00:41:17 EDT,AMAT,Scanner,RULE FAILED,None / required LIVE_QUOTE,Rule evaluation,Realtime,Quote Freshness,False,,LIVE_QUOTE,,,,,,,,,,,,,,,,,,,2026-07-31_004034,,
a8f73647af851de108396425,2026-07-31,2026-07-31 00:41:17 EDT,AMAT,Scanner,RULE PASSED,True / required True,Rule evaluation,Affordability,Affordability,True,True,True,,,,,,,,,,,,,,,,,,,2026-07-31_004034,,
d90bcb8827940c2214c3ab51,2026-07-31,2026-07-31 00:41:17 EDT,AMAT,Scanner,RULE FAILED,NOT_LIFECYCLE_EVENT / required ELIGIBLE,Rule evaluation,Telegram,Telegram,False,NOT_LIFECYCLE_EVENT,ELIGIBLE,,,,,,,,,,,,,,,,,,,2026-07-31_004034,,
2f2b6fab300d5e285ab6325d,2026-07-31,2026-07-31 00:41:19 EDT,LRCX,Scanner,STALE STOCK DATA,Stock aggregate data is not real-time,Scanner decision,Decision,NO_ENTRY_TRIGGER,False,STALE_STOCK_DATA,ENTER or ENTER_PAPER,STALE STOCK DATA,False,57.0,2.22,,2026-07-30T23:56:00+00:00,305.62,305.62,305.62,305.62,274.0,NO_RECOMMENDATION,NOT_REQUESTED,NOT_REQUESTED,,NOT_CREATED,NO_LIFECYCLE_EVENT,NO_LIFECYCLE_EVENT,2026-07-31_004034,,
3b5b68e2b23d0c24369ca333,2026-07-31,2026-07-31 00:41:19 EDT,LRCX,Scanner,RULE FAILED,57.0 / required 81.0,Rule evaluation,Entry,Setup,False,57.0,81.0,,,,,,,,,,,,,,,,,,,2026-07-31_004034,,
3c9fe7e82650418498f1f9a0,2026-07-31,2026-07-31 00:41:19 EDT,LRCX,Scanner,RULE PASSED,2.22 / required 2.0,Rule evaluation,Risk,RR,True,2.22,2.0,,,,,,,,,,,,,,,,,,,2026-07-31_004034,,
9d7361613403885b100f2966,2026-07-31,2026-07-31 00:41:19 EDT,LRCX,Scanner,RULE FAILED,0.0 / required 65.0,Rule evaluation,Option,Option Quality,False,0.0,65.0,,,,,,,,,,,,,,,,,,,2026-07-31_004034,,
62a24a3dfc3d80ad8a2caafe,2026-07-31,2026-07-31 00:41:19 EDT,LRCX,Scanner,RULE FAILED,None / required LIVE_QUOTE,Rule evaluation,Realtime,Quote Freshness,False,,LIVE_QUOTE,,,,,,,,,,,,,,,,,,,2026-07-31_004034,,
1a2a6c02ab42f85429471c35,2026-07-31,2026-07-31 00:41:19 EDT,LRCX,Scanner,RULE PASSED,True / required True,Rule evaluation,Affordability,Affordability,True,True,True,,,,,,,,,,,,,,,,,,,2026-07-31_004034,,
0d72bb7e8419cfd84144f853,2026-07-31,2026-07-31 00:41:19 EDT,LRCX,Scanner,RULE FAILED,NOT_LIFECYCLE_EVENT / required ELIGIBLE,Rule evaluation,Telegram,Telegram,False,NOT_LIFECYCLE_EVENT,ELIGIBLE,,,,,,,,,,,,,,,,,,,2026-07-31_004034,,
db487e58509a68f6d2c1424b,2026-07-31,2026-07-31 00:41:21 EDT,MRVL,Scanner,STALE STOCK DATA,Stock aggregate data is not real-time,Scanner decision,Decision,NO_ENTRY_TRIGGER,False,STALE_STOCK_DATA,ENTER or ENTER_PAPER,STALE STOCK DATA,False,55.0,2.22,,2026-07-30T23:56:00+00:00,195.37,195.47,195.16,195.22,7401.2,NO_RECOMMENDATION,NOT_REQUESTED,NOT_REQUESTED,,NOT_CREATED,NO_LIFECYCLE_EVENT,NO_LIFECYCLE_EVENT,2026-07-31_004034,,
0c7918f5460c2101edca1f5a,2026-07-31,2026-07-31 00:41:21 EDT,MRVL,Scanner,RULE FAILED,55.0 / required 81.0,Rule evaluation,Entry,Setup,False,55.0,81.0,,,,,,,,,,,,,,,,,,,2026-07-31_004034,,
2fa96a15893a09355703cabc,2026-07-31,2026-07-31 00:41:21 EDT,MRVL,Scanner,RULE PASSED,2.22 / required 2.0,Rule evaluation,Risk,RR,True,2.22,2.0,,,,,,,,,,,,,,,,,,,2026-07-31_004034,,
0a800753b8428bccc4935a2a,2026-07-31,2026-07-31 00:41:21 EDT,MRVL,Scanner,RULE FAILED,0.0 / required 65.0,Rule evaluation,Option,Option Quality,False,0.0,65.0,,,,,,,,,,,,,,,,,,,2026-07-31_004034,,
d32e8556637eef3e83dcfd93,2026-07-31,2026-07-31 00:41:21 EDT,MRVL,Scanner,RULE FAILED,None / required LIVE_QUOTE,Rule evaluation,Realtime,Quote Freshness,False,,LIVE_QUOTE,,,,,,,,,,,,,,,,,,,2026-07-31_004034,,
799c808f9bc53cc96265482b,2026-07-31,2026-07-31 00:41:21 EDT,MRVL,Scanner,RULE PASSED,True / required True,Rule evaluation,Affordability,Affordability,True,True,True,,,,,,,,,,,,,,,,,,,2026-07-31_004034,,
1f1cc3f30ae7762816fd33cc,2026-07-31,2026-07-31 00:41:21 EDT,MRVL,Scanner,RULE FAILED,NOT_LIFECYCLE_EVENT / required ELIGIBLE,Rule evaluation,Telegram,Telegram,False,NOT_LIFECYCLE_EVENT,ELIGIBLE,,,,,,,,,,,,,,,,,,,2026-07-31_004034,,
333099397fcc5084c8d94b0d,2026-07-31,2026-07-31 00:41:23 EDT,ORCL,Scanner,STALE STOCK DATA,Stock aggregate data is not real-time,Scanner decision,Decision,RISK_REJECTED,False,STALE_STOCK_DATA,ENTER or ENTER_PAPER,STALE STOCK DATA,False,42.0,1.72,,2026-07-30T23:56:00+00:00,129.5,129.55,129.19,129.2,24277.83,NO_RECOMMENDATION,NOT_REQUESTED,NOT_REQUESTED,,NOT_CREATED,NO_LIFECYCLE_EVENT,NO_LIFECYCLE_EVENT,2026-07-31_004034,,
8de8beb0f73cab598cb95507,2026-07-31,2026-07-31 00:41:23 EDT,ORCL,Scanner,RULE FAILED,42.0 / required 81.0,Rule evaluation,Entry,Setup,False,42.0,81.0,,,,,,,,,,,,,,,,,,,2026-07-31_004034,,
42b29893ffa2e18e3568b5d4,2026-07-31,2026-07-31 00:41:23 EDT,ORCL,Scanner,RULE FAILED,1.72 / required 2.0,Rule evaluation,Risk,RR,False,1.72,2.0,,,,,,,,,,,,,,,,,,,2026-07-31_004034,,
4146e92b4e26df79904025f1,2026-07-31,2026-07-31 00:41:23 EDT,ORCL,Scanner,RULE FAILED,0.0 / required 65.0,Rule evaluation,Option,Option Quality,False,0.0,65.0,,,,,,,,,,,,,,,,,,,2026-07-31_004034,,
e0bd7d8d2bd66d4f4a1bf470,2026-07-31,2026-07-31 00:41:23 EDT,ORCL,Scanner,RULE FAILED,None / required LIVE_QUOTE,Rule evaluation,Realtime,Quote Freshness,False,,LIVE_QUOTE,,,,,,,,,,,,,,,,,,,2026-07-31_004034,,
9b7127c3d8c8098e36de1f4a,2026-07-31,2026-07-31 00:41:23 EDT,ORCL,Scanner,RULE PASSED,True / required True,Rule evaluation,Affordability,Affordability,True,True,True,,,,,,,,,,,,,,,,,,,2026-07-31_004034,,
5bd84d8b5419263b71337872,2026-07-31,2026-07-31 00:41:23 EDT,ORCL,Scanner,RULE FAILED,NOT_LIFECYCLE_EVENT / required ELIGIBLE,Rule evaluation,Telegram,Telegram,False,NOT_LIFECYCLE_EVENT,ELIGIBLE,,,,,,,,,,,,,,,,,,,2026-07-31_004034,,
246b313ad583dce3a38dbebc,2026-07-31,2026-07-31 00:41:25 EDT,PANW,Scanner,STALE STOCK DATA,Stock aggregate data is not real-time,Scanner decision,Decision,NO_ENTRY_TRIGGER,False,STALE_STOCK_DATA,ENTER or ENTER_PAPER,STALE STOCK DATA,False,59.0,2.22,,2026-07-30T23:55:00+00:00,326.25,326.25,326.25,326.25,262.09,NO_RECOMMENDATION,NOT_REQUESTED,NOT_REQUESTED,,NOT_CREATED,NO_LIFECYCLE_EVENT,NO_LIFECYCLE_EVENT,2026-07-31_004034,,
1f50243ddfb55d275880d14b,2026-07-31,2026-07-31 00:41:25 EDT,PANW,Scanner,RULE FAILED,59.0 / required 81.0,Rule evaluation,Entry,Setup,False,59.0,81.0,,,,,,,,,,,,,,,,,,,2026-07-31_004034,,
253e1b88d4ef0fc02f978d2e,2026-07-31,2026-07-31 00:41:25 EDT,PANW,Scanner,RULE PASSED,2.22 / required 2.0,Rule evaluation,Risk,RR,True,2.22,2.0,,,,,,,,,,,,,,,,,,,2026-07-31_004034,,
c1029853bd556f4d55e67632,2026-07-31,2026-07-31 00:41:25 EDT,PANW,Scanner,RULE FAILED,0.0 / required 65.0,Rule evaluation,Option,Option Quality,False,0.0,65.0,,,,,,,,,,,,,,,,,,,2026-07-31_004034,,
eab63ecd09a5cdcbff3eb483,2026-07-31,2026-07-31 00:41:25 EDT,PANW,Scanner,RULE FAILED,None / required LIVE_QUOTE,Rule evaluation,Realtime,Quote Freshness,False,,LIVE_QUOTE,,,,,,,,,,,,,,,,,,,2026-07-31_004034,,
a3e0d41fe24386257e3da751,2026-07-31,2026-07-31 00:41:25 EDT,PANW,Scanner,RULE PASSED,True / required True,Rule evaluation,Affordability,Affordability,True,True,True,,,,,,,,,,,,,,,,,,,2026-07-31_004034,,
920af327f8936139d5ebc4ad,2026-07-31,2026-07-31 00:41:25 EDT,PANW,Scanner,RULE FAILED,NOT_LIFECYCLE_EVENT / required ELIGIBLE,Rule evaluation,Telegram,Telegram,False,NOT_LIFECYCLE_EVENT,ELIGIBLE,,,,,,,,,,,,,,,,,,,2026-07-31_004034,,
39bfdf8d3c0975eb93852168,2026-07-31,2026-07-31 00:41:27 EDT,SOXL,Scanner,STALE STOCK DATA,Stock aggregate data is not real-time,Scanner decision,Decision,NO_ENTRY_TRIGGER,False,STALE_STOCK_DATA,ENTER or ENTER_PAPER,STALE STOCK DATA,False,34.0,2.22,,2026-07-30T23:56:00+00:00,124.4,124.6,124.38,124.58,58557.7,NO_RECOMMENDATION,NOT_REQUESTED,NOT_REQUESTED,,NOT_CREATED,NO_LIFECYCLE_EVENT,NO_LIFECYCLE_EVENT,2026-07-31_004034,,
893c75fb137376e156214ad3,2026-07-31,2026-07-31 00:41:27 EDT,SOXL,Scanner,RULE FAILED,34.0 / required 81.0,Rule evaluation,Entry,Setup,False,34.0,81.0,,,,,,,,,,,,,,,,,,,2026-07-31_004034,,
16f0a652687c4a82e098c5ef,2026-07-31,2026-07-31 00:41:27 EDT,SOXL,Scanner,RULE PASSED,2.22 / required 2.0,Rule evaluation,Risk,RR,True,2.22,2.0,,,,,,,,,,,,,,,,,,,2026-07-31_004034,,
6e205db13236ccf8e61cf5ad,2026-07-31,2026-07-31 00:41:27 EDT,SOXL,Scanner,RULE FAILED,0.0 / required 65.0,Rule evaluation,Option,Option Quality,False,0.0,65.0,,,,,,,,,,,,,,,,,,,2026-07-31_004034,,
9a7883a829435d836cc5c98d,2026-07-31,2026-07-31 00:41:27 EDT,SOXL,Scanner,RULE FAILED,None / required LIVE_QUOTE,Rule evaluation,Realtime,Quote Freshness,False,,LIVE_QUOTE,,,,,,,,,,,,,,,,,,,2026-07-31_004034,,
e2dae8488e3427cb909375ee,2026-07-31,2026-07-31 00:41:27 EDT,SOXL,Scanner,RULE PASSED,True / required True,Rule evaluation,Affordability,Affordability,True,True,True,,,,,,,,,,,,,,,,,,,2026-07-31_004034,,
43fd6309c60af4b063cd94f7,2026-07-31,2026-07-31 00:41:27 EDT,SOXL,Scanner,RULE FAILED,NOT_LIFECYCLE_EVENT / required ELIGIBLE,Rule evaluation,Telegram,Telegram,False,NOT_LIFECYCLE_EVENT,ELIGIBLE,,,,,,,,,,,,,,,,,,,2026-07-31_004034,,
4f7d37c910a2d0320ccddfde,2026-07-31,2026-07-31 00:52:25 EDT,QQQ,Scanner,STALE STOCK DATA,Stock aggregate data is not real-time,Scanner decision,Decision,LOW_RR,False,STALE_STOCK_DATA,ENTER or ENTER_PAPER,STALE STOCK DATA,False,59.0,0.73,,2026-07-30T23:57:00+00:00,688.65,688.65,688.2,688.28,11447.13,NO_RECOMMENDATION,NOT_REQUESTED,NOT_REQUESTED,,NOT_CREATED,NO_LIFECYCLE_EVENT,NO_LIFECYCLE_EVENT,2026-07-31_005221,,
7bc859c8a5de154a87a6dea7,2026-07-31,2026-07-31 00:52:25 EDT,QQQ,Scanner,RULE FAILED,59.0 / required 85.0,Rule evaluation,Entry,Setup,False,59.0,85.0,,,,,,,,,,,,,,,,,,,2026-07-31_005221,,
bfdab56d00061073ec04a5f7,2026-07-31,2026-07-31 00:52:25 EDT,QQQ,Scanner,RULE FAILED,0.73 / required 2.0,Rule evaluation,Risk,RR,False,0.73,2.0,,,,,,,,,,,,,,,,,,,2026-07-31_005221,,
235203e1ea833f9229c9f2fc,2026-07-31,2026-07-31 00:52:25 EDT,QQQ,Scanner,RULE FAILED,0.0 / required 65.0,Rule evaluation,Option,Option Quality,False,0.0,65.0,,,,,,,,,,,,,,,,,,,2026-07-31_005221,,
fb844369e711efbfeb977ac6,2026-07-31,2026-07-31 00:52:25 EDT,QQQ,Scanner,RULE FAILED,None / required LIVE_QUOTE,Rule evaluation,Realtime,Quote Freshness,False,,LIVE_QUOTE,,,,,,,,,,,,,,,,,,,2026-07-31_005221,,
cb5ea1e49065dfed622a31bf,2026-07-31,2026-07-31 00:52:25 EDT,QQQ,Scanner,RULE PASSED,True / required True,Rule evaluation,Affordability,Affordability,True,True,True,,,,,,,,,,,,,,,,,,,2026-07-31_005221,,
50a37b79fb61d2467067246b,2026-07-31,2026-07-31 00:52:25 EDT,QQQ,Scanner,RULE FAILED,NOT_LIFECYCLE_EVENT / required ELIGIBLE,Rule evaluation,Telegram,Telegram,False,NOT_LIFECYCLE_EVENT,ELIGIBLE,,,,,,,,,,,,,,,,,,,2026-07-31_005221,,
9af3ea9b94c23ec3ec82f5b5,2026-07-31,2026-07-31 00:52:28 EDT,SPY,Scanner,STALE STOCK DATA,Stock aggregate data is not real-time,Scanner decision,Decision,LOW_RR,False,STALE_STOCK_DATA,ENTER or ENTER_PAPER,STALE STOCK DATA,False,59.0,0.39,,2026-07-30T23:57:00+00:00,743.6,743.64,743.33,743.33,9740.22,NO_RECOMMENDATION,NOT_REQUESTED,NOT_REQUESTED,,NOT_CREATED,NO_LIFECYCLE_EVENT,NO_LIFECYCLE_EVENT,2026-07-31_005221,,
b36ed8135f963fcf4829f11c,2026-07-31,2026-07-31 00:52:28 EDT,SPY,Scanner,RULE FAILED,59.0 / required 81.0,Rule evaluation,Entry,Setup,False,59.0,81.0,,,,,,,,,,,,,,,,,,,2026-07-31_005221,,
c96faca7a97b6ec2be9c23cd,2026-07-31,2026-07-31 00:52:28 EDT,SPY,Scanner,RULE FAILED,0.39 / required 2.0,Rule evaluation,Risk,RR,False,0.39,2.0,,,,,,,,,,,,,,,,,,,2026-07-31_005221,,
9928cb900785d8dc130cfb26,2026-07-31,2026-07-31 00:52:28 EDT,SPY,Scanner,RULE FAILED,0.0 / required 65.0,Rule evaluation,Option,Option Quality,False,0.0,65.0,,,,,,,,,,,,,,,,,,,2026-07-31_005221,,
9f4a5f6e2037c6b7137a1711,2026-07-31,2026-07-31 00:52:28 EDT,SPY,Scanner,RULE FAILED,None / required LIVE_QUOTE,Rule evaluation,Realtime,Quote Freshness,False,,LIVE_QUOTE,,,,,,,,,,,,,,,,,,,2026-07-31_005221,,
69cf7c1a3efc21d36a9ccc93,2026-07-31,2026-07-31 00:52:28 EDT,SPY,Scanner,RULE PASSED,True / required True,Rule evaluation,Affordability,Affordability,True,True,True,,,,,,,,,,,,,,,,,,,2026-07-31_005221,,
d063227fe6fbc8b0bc09a65c,2026-07-31,2026-07-31 00:52:28 EDT,SPY,Scanner,RULE FAILED,NOT_LIFECYCLE_EVENT / required ELIGIBLE,Rule evaluation,Telegram,Telegram,False,NOT_LIFECYCLE_EVENT,ELIGIBLE,,,,,,,,,,,,,,,,,,,2026-07-31_005221,,
64ede2ad5f4e590d214b0408,2026-07-31,2026-07-31 00:52:30 EDT,NVDA,Scanner,STALE STOCK DATA,Stock aggregate data is not real-time,Scanner decision,Decision,LOW_RR,False,STALE_STOCK_DATA,ENTER or ENTER_PAPER,STALE STOCK DATA,False,59.0,1.21,,2026-07-30T23:57:00+00:00,196.84,196.85,196.75,196.84,18711.6,NO_RECOMMENDATION,NOT_REQUESTED,NOT_REQUESTED,,NOT_CREATED,NO_LIFECYCLE_EVENT,NO_LIFECYCLE_EVENT,2026-07-31_005221,,
d412248472d5eacb16571f48,2026-07-31,2026-07-31 00:52:30 EDT,NVDA,Scanner,RULE FAILED,59.0 / required 81.0,Rule evaluation,Entry,Setup,False,59.0,81.0,,,,,,,,,,,,,,,,,,,2026-07-31_005221,,
36cb48dbf1337143da2716ee,2026-07-31,2026-07-31 00:52:30 EDT,NVDA,Scanner,RULE FAILED,1.21 / required 2.0,Rule evaluation,Risk,RR,False,1.21,2.0,,,,,,,,,,,,,,,,,,,2026-07-31_005221,,
f860b224af5556f356f9bfa6,2026-07-31,2026-07-31 00:52:30 EDT,NVDA,Scanner,RULE FAILED,0.0 / required 65.0,Rule evaluation,Option,Option Quality,False,0.0,65.0,,,,,,,,,,,,,,,,,,,2026-07-31_005221,,
229d3217c6c17a03ab9fc735,2026-07-31,2026-07-31 00:52:30 EDT,NVDA,Scanner,RULE FAILED,None / required LIVE_QUOTE,Rule evaluation,Realtime,Quote Freshness,False,,LIVE_QUOTE,,,,,,,,,,,,,,,,,,,2026-07-31_005221,,
465992c148be2a42af691ff1,2026-07-31,2026-07-31 00:52:30 EDT,NVDA,Scanner,RULE PASSED,True / required True,Rule evaluation,Affordability,Affordability,True,True,True,,,,,,,,,,,,,,,,,,,2026-07-31_005221,,
f1d9eb0b8384fac81dd925a4,2026-07-31,2026-07-31 00:52:30 EDT,NVDA,Scanner,RULE FAILED,NOT_LIFECYCLE_EVENT / required ELIGIBLE,Rule evaluation,Telegram,Telegram,False,NOT_LIFECYCLE_EVENT,ELIGIBLE,,,,,,,,,,,,,,,,,,,2026-07-31_005221,,
fb96bdfa7fcd5a276ffea341,2026-07-31,2026-07-31 00:52:32 EDT,AAPL,Scanner,STALE STOCK DATA,Stock aggregate data is not real-time,Scanner decision,Decision,RISK_REJECTED,False,STALE_STOCK_DATA,ENTER or ENTER_PAPER,STALE STOCK DATA,False,40.0,2.25,,2026-07-30T23:57:00+00:00,313.12,313.12,312.3,312.33,48998.02,NO_RECOMMENDATION,NOT_REQUESTED,NOT_REQUESTED,,NOT_CREATED,NO_LIFECYCLE_EVENT,NO_LIFECYCLE_EVENT,2026-07-31_005221,,
7658d3706cb21ec685f3ec9e,2026-07-31,2026-07-31 00:52:32 EDT,AAPL,Scanner,RULE FAILED,40.0 / required 81.0,Rule evaluation,Entry,Setup,False,40.0,81.0,,,,,,,,,,,,,,,,,,,2026-07-31_005221,,
bf31e94905c012f7a2c44b12,2026-07-31,2026-07-31 00:52:32 EDT,AAPL,Scanner,RULE PASSED,2.25 / required 2.0,Rule evaluation,Risk,RR,True,2.25,2.0,,,,,,,,,,,,,,,,,,,2026-07-31_005221,,
f903cd8a7f4fa8fdbd40d96d,2026-07-31,2026-07-31 00:52:32 EDT,AAPL,Scanner,RULE FAILED,0.0 / required 65.0,Rule evaluation,Option,Option Quality,False,0.0,65.0,,,,,,,,,,,,,,,,,,,2026-07-31_005221,,
1f9885b1af517d9dbd15ce2b,2026-07-31,2026-07-31 00:52:32 EDT,AAPL,Scanner,RULE FAILED,None / required LIVE_QUOTE,Rule evaluation,Realtime,Quote Freshness,False,,LIVE_QUOTE,,,,,,,,,,,,,,,,,,,2026-07-31_005221,,
dbfc495d7eb32dc0946b524f,2026-07-31,2026-07-31 00:52:32 EDT,AAPL,Scanner,RULE PASSED,True / required True,Rule evaluation,Affordability,Affordability,True,True,True,,,,,,,,,,,,,,,,,,,2026-07-31_005221,,
88078805c70c4807ba90585a,2026-07-31,2026-07-31 00:52:32 EDT,AAPL,Scanner,RULE FAILED,NOT_LIFECYCLE_EVENT / required ELIGIBLE,Rule evaluation,Telegram,Telegram,False,NOT_LIFECYCLE_EVENT,ELIGIBLE,,,,,,,,,,,,,,,,,,,2026-07-31_005221,,
8041d7f47a848be6584c2238,2026-07-31,2026-07-31 00:52:34 EDT,MSFT,Scanner,STALE STOCK DATA,Stock aggregate data is not real-time,Scanner decision,Decision,NO_ENTRY_TRIGGER,False,STALE_STOCK_DATA,ENTER or ENTER_PAPER,NO TRADE MARKET CLOSED,True,4.0,0.0,,2026-07-30T23:57:00+00:00,448.2,448.5,448.16,448.47,7686.21,NO_RECOMMENDATION,NOT_REQUESTED,NOT_REQUESTED,,NOT_CREATED,NO_LIFECYCLE_EVENT,NO_LIFECYCLE_EVENT,2026-07-31_005221,,
1715abf4f53dcba4b72185c7,2026-07-31,2026-07-31 00:52:34 EDT,MSFT,Scanner,RULE FAILED,4.0 / required 85.0,Rule evaluation,Entry,Setup,False,4.0,85.0,,,,,,,,,,,,,,,,,,,2026-07-31_005221,,
963c7f63644080267baedeab,2026-07-31,2026-07-31 00:52:34 EDT,MSFT,Scanner,RULE FAILED,0.0 / required 2.0,Rule evaluation,Risk,RR,False,0.0,2.0,,,,,,,,,,,,,,,,,,,2026-07-31_005221,,
7381a17b1eab618b06327197,2026-07-31,2026-07-31 00:52:34 EDT,MSFT,Scanner,RULE FAILED,0.0 / required 65.0,Rule evaluation,Option,Option Quality,False,0.0,65.0,,,,,,,,,,,,,,,,,,,2026-07-31_005221,,
e9f856e3cc8a16e7063cdcf1,2026-07-31,2026-07-31 00:52:34 EDT,MSFT,Scanner,RULE FAILED,None / required LIVE_QUOTE,Rule evaluation,Realtime,Quote Freshness,False,,LIVE_QUOTE,,,,,,,,,,,,,,,,,,,2026-07-31_005221,,
35b2ede6e0427f6dd989ae17,2026-07-31,2026-07-31 00:52:34 EDT,MSFT,Scanner,RULE PASSED,True / required True,Rule evaluation,Affordability,Affordability,True,True,True,,,,,,,,,,,,,,,,,,,2026-07-31_005221,,
bbcdd01dd3a280e7e266f7d0,2026-07-31,2026-07-31 00:52:34 EDT,MSFT,Scanner,RULE FAILED,NOT_LIFECYCLE_EVENT / required ELIGIBLE,Rule evaluation,Telegram,Telegram,False,NOT_LIFECYCLE_EVENT,ELIGIBLE,,,,,,,,,,,,,,,,,,,2026-07-31_005221,,
d422a0fadebab7f1cd0ccde3,2026-07-31,2026-07-31 00:52:36 EDT,AMZN,Scanner,STALE STOCK DATA,Stock aggregate data is not real-time,Scanner decision,Decision,RISK_REJECTED,False,STALE_STOCK_DATA,ENTER or ENTER_PAPER,STALE STOCK DATA,False,59.0,3.31,,2026-07-30T23:57:00+00:00,258.02,258.11,257.9,258.0,33914.62,NO_RECOMMENDATION,NOT_REQUESTED,NOT_REQUESTED,,NOT_CREATED,NO_LIFECYCLE_EVENT,NO_LIFECYCLE_EVENT,2026-07-31_005221,,
b017066d8beb993c7cb492ae,2026-07-31,2026-07-31 00:52:36 EDT,AMZN,Scanner,RULE FAILED,59.0 / required 81.0,Rule evaluation,Entry,Setup,False,59.0,81.0,,,,,,,,,,,,,,,,,,,2026-07-31_005221,,
45e03780c70e26d0ae674671,2026-07-31,2026-07-31 00:52:36 EDT,AMZN,Scanner,RULE PASSED,3.31 / required 2.0,Rule evaluation,Risk,RR,True,3.31,2.0,,,,,,,,,,,,,,,,,,,2026-07-31_005221,,
872da91a074da50cb8f26de8,2026-07-31,2026-07-31 00:52:36 EDT,AMZN,Scanner,RULE FAILED,0.0 / required 65.0,Rule evaluation,Option,Option Quality,False,0.0,65.0,,,,,,,,,,,,,,,,,,,2026-07-31_005221,,
2b7f42c9fce05d546727c4e8,2026-07-31,2026-07-31 00:52:36 EDT,AMZN,Scanner,RULE FAILED,None / required LIVE_QUOTE,Rule evaluation,Realtime,Quote Freshness,False,,LIVE_QUOTE,,,,,,,,,,,,,,,,,,,2026-07-31_005221,,
91833e2d50e79a603834118e,2026-07-31,2026-07-31 00:52:36 EDT,AMZN,Scanner,RULE PASSED,True / required True,Rule evaluation,Affordability,Affordability,True,True,True,,,,,,,,,,,,,,,,,,,2026-07-31_005221,,
b0fd8430bc781fb59a176177,2026-07-31,2026-07-31 00:52:36 EDT,AMZN,Scanner,RULE FAILED,NOT_LIFECYCLE_EVENT / required ELIGIBLE,Rule evaluation,Telegram,Telegram,False,NOT_LIFECYCLE_EVENT,ELIGIBLE,,,,,,,,,,,,,,,,,,,2026-07-31_005221,,
772d51abf34385d2010a05b4,2026-07-31,2026-07-31 00:52:38 EDT,META,Scanner,STALE STOCK DATA,Stock aggregate data is not real-time,Scanner decision,Decision,LOW_RR,False,STALE_STOCK_DATA,ENTER or ENTER_PAPER,STALE STOCK DATA,False,35.0,1.15,,2026-07-30T23:57:00+00:00,543.0,543.03,542.42,542.75,3996.46,NO_RECOMMENDATION,NOT_REQUESTED,NOT_REQUESTED,,NOT_CREATED,NO_LIFECYCLE_EVENT,NO_LIFECYCLE_EVENT,2026-07-31_005221,,
76565be127e0d489609ae6de,2026-07-31,2026-07-31 00:52:38 EDT,META,Scanner,RULE FAILED,35.0 / required 85.0,Rule evaluation,Entry,Setup,False,35.0,85.0,,,,,,,,,,,,,,,,,,,2026-07-31_005221,,
a9d1c39e0d474c0fc355bd92,2026-07-31,2026-07-31 00:52:38 EDT,META,Scanner,RULE FAILED,1.15 / required 2.0,Rule evaluation,Risk,RR,False,1.15,2.0,,,,,,,,,,,,,,,,,,,2026-07-31_005221,,
cf62793d35ed52cf1839eaaa,2026-07-31,2026-07-31 00:52:38 EDT,META,Scanner,RULE FAILED,0.0 / required 65.0,Rule evaluation,Option,Option Quality,False,0.0,65.0,,,,,,,,,,,,,,,,,,,2026-07-31_005221,,
47d9bd862d6296ab5d3c6deb,2026-07-31,2026-07-31 00:52:38 EDT,META,Scanner,RULE FAILED,None / required LIVE_QUOTE,Rule evaluation,Realtime,Quote Freshness,False,,LIVE_QUOTE,,,,,,,,,,,,,,,,,,,2026-07-31_005221,,
de98f699d3af0707322abc27,2026-07-31,2026-07-31 00:52:38 EDT,META,Scanner,RULE PASSED,True / required True,Rule evaluation,Affordability,Affordability,True,True,True,,,,,,,,,,,,,,,,,,,2026-07-31_005221,,
36bf0d0cec45fe4b12a54175,2026-07-31,2026-07-31 00:52:38 EDT,META,Scanner,RULE FAILED,NOT_LIFECYCLE_EVENT / required ELIGIBLE,Rule evaluation,Telegram,Telegram,False,NOT_LIFECYCLE_EVENT,ELIGIBLE,,,,,,,,,,,,,,,,,,,2026-07-31_005221,,
30f0efb7cb1184f1edb9d782,2026-07-31,2026-07-31 00:52:40 EDT,TSLA,Scanner,NO TRADE MARKET CLOSED,Market closed; no live intraday trade,Scanner decision,Decision,NO_DIRECTIONAL_EDGE,False,NO_TRADE_MARKET_CLOSED,ENTER or ENTER_PAPER,STALE STOCK DATA,True,14.0,0.0,,2026-07-30T23:57:00+00:00,309.0,309.1,309.0,309.1,9119.0,NO_RECOMMENDATION,NOT_REQUESTED,NOT_REQUESTED,,NOT_CREATED,NO_LIFECYCLE_EVENT,NO_LIFECYCLE_EVENT,2026-07-31_005221,,
b65b8abfdc211e3d91ea2113,2026-07-31,2026-07-31 00:52:40 EDT,TSLA,Scanner,RULE FAILED,14.0 / required 85.0,Rule evaluation,Entry,Setup,False,14.0,85.0,,,,,,,,,,,,,,,,,,,2026-07-31_005221,,
f358faebf9b5391c55a4a9cf,2026-07-31,2026-07-31 00:52:40 EDT,TSLA,Scanner,RULE FAILED,0.0 / required 2.0,Rule evaluation,Risk,RR,False,0.0,2.0,,,,,,,,,,,,,,,,,,,2026-07-31_005221,,
25920015ccc1afd31a85db57,2026-07-31,2026-07-31 00:52:40 EDT,TSLA,Scanner,RULE FAILED,0.0 / required 65.0,Rule evaluation,Option,Option Quality,False,0.0,65.0,,,,,,,,,,,,,,,,,,,2026-07-31_005221,,
6e3394af69bf2741a857a22f,2026-07-31,2026-07-31 00:52:40 EDT,TSLA,Scanner,RULE FAILED,None / required LIVE_QUOTE,Rule evaluation,Realtime,Quote Freshness,False,,LIVE_QUOTE,,,,,,,,,,,,,,,,,,,2026-07-31_005221,,
a878da60cf1d922aa09c200f,2026-07-31,2026-07-31 00:52:40 EDT,TSLA,Scanner,RULE PASSED,True / required True,Rule evaluation,Affordability,Affordability,True,True,True,,,,,,,,,,,,,,,,,,,2026-07-31_005221,,
89f43b2a9f0d0623b006a075,2026-07-31,2026-07-31 00:52:40 EDT,TSLA,Scanner,RULE FAILED,NOT_LIFECYCLE_EVENT / required ELIGIBLE,Rule evaluation,Telegram,Telegram,False,NOT_LIFECYCLE_EVENT,ELIGIBLE,,,,,,,,,,,,,,,,,,,2026-07-31_005221,,
2e5c127cef089bf25de8b15b,2026-07-31,2026-07-31 00:52:42 EDT,AMD,Scanner,NO TRADE MARKET CLOSED,Market closed; no live intraday trade,Scanner decision,Decision,NO_DIRECTIONAL_EDGE,False,NO_TRADE_MARKET_CLOSED,ENTER or ENTER_PAPER,STALE STOCK DATA,True,15.0,0.0,,2026-07-30T23:57:00+00:00,499.7,499.8,499.26,499.26,9845.01,NO_RECOMMENDATION,NOT_REQUESTED,NOT_REQUESTED,,NOT_CREATED,NO_LIFECYCLE_EVENT,NO_LIFECYCLE_EVENT,2026-07-31_005221,,
93cd7a1107cc52be0d3cb1bf,2026-07-31,2026-07-31 00:52:42 EDT,AMD,Scanner,RULE FAILED,15.0 / required 81.0,Rule evaluation,Entry,Setup,False,15.0,81.0,,,,,,,,,,,,,,,,,,,2026-07-31_005221,,
60a680c36dddeca77137e889,2026-07-31,2026-07-31 00:52:42 EDT,AMD,Scanner,RULE FAILED,0.0 / required 2.0,Rule evaluation,Risk,RR,False,0.0,2.0,,,,,,,,,,,,,,,,,,,2026-07-31_005221,,
98798115606aa3e2258135e9,2026-07-31,2026-07-31 00:52:42 EDT,AMD,Scanner,RULE FAILED,0.0 / required 65.0,Rule evaluation,Option,Option Quality,False,0.0,65.0,,,,,,,,,,,,,,,,,,,2026-07-31_005221,,
b1277b6d75ee2e44dd5a4a3a,2026-07-31,2026-07-31 00:52:42 EDT,AMD,Scanner,RULE FAILED,None / required LIVE_QUOTE,Rule evaluation,Realtime,Quote Freshness,False,,LIVE_QUOTE,,,,,,,,,,,,,,,,,,,2026-07-31_005221,,
3a6a412bc365c5028317f353,2026-07-31,2026-07-31 00:52:42 EDT,AMD,Scanner,RULE PASSED,True / required True,Rule evaluation,Affordability,Affordability,True,True,True,,,,,,,,,,,,,,,,,,,2026-07-31_005221,,
7c0b838aa66fda3ce58f4962,2026-07-31,2026-07-31 00:52:42 EDT,AMD,Scanner,RULE FAILED,NOT_LIFECYCLE_EVENT / required ELIGIBLE,Rule evaluation,Telegram,Telegram,False,NOT_LIFECYCLE_EVENT,ELIGIBLE,,,,,,,,,,,,,,,,,,,2026-07-31_005221,,
6f9c927bc349ec0a4e594e57,2026-07-31,2026-07-31 00:52:44 EDT,AVGO,Scanner,STALE STOCK DATA,Stock aggregate data is not real-time,Scanner decision,Decision,LOW_RR,False,STALE_STOCK_DATA,ENTER or ENTER_PAPER,STALE STOCK DATA,False,59.0,1.17,,2026-07-30T23:57:00+00:00,390.7,390.7,390.5,390.6,1036.0,NO_RECOMMENDATION,NOT_REQUESTED,NOT_REQUESTED,,NOT_CREATED,NO_LIFECYCLE_EVENT,NO_LIFECYCLE_EVENT,2026-07-31_005221,,
94a2595a85126f9b5926fd82,2026-07-31,2026-07-31 00:52:44 EDT,AVGO,Scanner,RULE FAILED,59.0 / required 85.0,Rule evaluation,Entry,Setup,False,59.0,85.0,,,,,,,,,,,,,,,,,,,2026-07-31_005221,,
852e6be348ebbbd493360125,2026-07-31,2026-07-31 00:52:44 EDT,AVGO,Scanner,RULE FAILED,1.17 / required 2.0,Rule evaluation,Risk,RR,False,1.17,2.0,,,,,,,,,,,,,,,,,,,2026-07-31_005221,,
a25c778652e2cd1f6068c5a1,2026-07-31,2026-07-31 00:52:44 EDT,AVGO,Scanner,RULE FAILED,0.0 / required 65.0,Rule evaluation,Option,Option Quality,False,0.0,65.0,,,,,,,,,,,,,,,,,,,2026-07-31_005221,,
584f90f6a57979643c05e02b,2026-07-31,2026-07-31 00:52:44 EDT,AVGO,Scanner,RULE FAILED,None / required LIVE_QUOTE,Rule evaluation,Realtime,Quote Freshness,False,,LIVE_QUOTE,,,,,,,,,,,,,,,,,,,2026-07-31_005221,,
990e3537e8000fc1624febac,2026-07-31,2026-07-31 00:52:44 EDT,AVGO,Scanner,RULE PASSED,True / required True,Rule evaluation,Affordability,Affordability,True,True,True,,,,,,,,,,,,,,,,,,,2026-07-31_005221,,
d00311d98352fe7c0f271b5f,2026-07-31,2026-07-31 00:52:44 EDT,AVGO,Scanner,RULE FAILED,NOT_LIFECYCLE_EVENT / required ELIGIBLE,Rule evaluation,Telegram,Telegram,False,NOT_LIFECYCLE_EVENT,ELIGIBLE,,,,,,,,,,,,,,,,,,,2026-07-31_005221,,
84be2e64045ff3bfa3cfe91b,2026-07-31,2026-07-31 00:52:45 EDT,MU,Scanner,STALE STOCK DATA,Stock aggregate data is not real-time,Scanner decision,Decision,RISK_REJECTED,False,STALE_STOCK_DATA,ENTER or ENTER_PAPER,STALE STOCK DATA,False,55.0,3.16,,2026-07-30T23:57:00+00:00,902.8,903.5,902.56,903.0,21930.79,NO_RECOMMENDATION,NOT_REQUESTED,NOT_REQUESTED,,NOT_CREATED,NO_LIFECYCLE_EVENT,NO_LIFECYCLE_EVENT,2026-07-31_005221,,
63636d82bf2958b81a308edc,2026-07-31,2026-07-31 00:52:45 EDT,MU,Scanner,RULE FAILED,55.0 / required 81.0,Rule evaluation,Entry,Setup,False,55.0,81.0,,,,,,,,,,,,,,,,,,,2026-07-31_005221,,
15806fa826a0e8dbc3bef6f7,2026-07-31,2026-07-31 00:52:45 EDT,MU,Scanner,RULE PASSED,3.16 / required 2.0,Rule evaluation,Risk,RR,True,3.16,2.0,,,,,,,,,,,,,,,,,,,2026-07-31_005221,,
4a4158d05c2b2e507f8bffad,2026-07-31,2026-07-31 00:52:45 EDT,MU,Scanner,RULE FAILED,0.0 / required 65.0,Rule evaluation,Option,Option Quality,False,0.0,65.0,,,,,,,,,,,,,,,,,,,2026-07-31_005221,,
08cec8ab9f72e08103580f84,2026-07-31,2026-07-31 00:52:45 EDT,MU,Scanner,RULE FAILED,None / required LIVE_QUOTE,Rule evaluation,Realtime,Quote Freshness,False,,LIVE_QUOTE,,,,,,,,,,,,,,,,,,,2026-07-31_005221,,
e3f5ece0512e15251275e676,2026-07-31,2026-07-31 00:52:45 EDT,MU,Scanner,RULE PASSED,True / required True,Rule evaluation,Affordability,Affordability,True,True,True,,,,,,,,,,,,,,,,,,,2026-07-31_005221,,
2dc26401734823228eb481b4,2026-07-31,2026-07-31 00:52:45 EDT,MU,Scanner,RULE FAILED,NOT_LIFECYCLE_EVENT / required ELIGIBLE,Rule evaluation,Telegram,Telegram,False,NOT_LIFECYCLE_EVENT,ELIGIBLE,,,,,,,,,,,,,,,,,,,2026-07-31_005221,,
28db2e16845b907827512087,2026-07-31,2026-07-31 00:52:47 EDT,PLTR,Scanner,STALE STOCK DATA,Stock aggregate data is not real-time,Scanner decision,Decision,LOW_RR,False,STALE_STOCK_DATA,ENTER or ENTER_PAPER,STALE STOCK DATA,False,56.0,1.02,,2026-07-30T23:57:00+00:00,123.35,123.35,123.24,123.25,2196.0,NO_RECOMMENDATION,NOT_REQUESTED,NOT_REQUESTED,,NOT_CREATED,NO_LIFECYCLE_EVENT,NO_LIFECYCLE_EVENT,2026-07-31_005221,,
3b7fbbd0dc1dcbb5471d59cf,2026-07-31,2026-07-31 00:52:47 EDT,PLTR,Scanner,RULE FAILED,56.0 / required 85.0,Rule evaluation,Entry,Setup,False,56.0,85.0,,,,,,,,,,,,,,,,,,,2026-07-31_005221,,
907e1510403aeb3abe0be211,2026-07-31,2026-07-31 00:52:47 EDT,PLTR,Scanner,RULE FAILED,1.02 / required 2.0,Rule evaluation,Risk,RR,False,1.02,2.0,,,,,,,,,,,,,,,,,,,2026-07-31_005221,,
b03a0c46bebebb2626465b61,2026-07-31,2026-07-31 00:52:47 EDT,PLTR,Scanner,RULE FAILED,0.0 / required 65.0,Rule evaluation,Option,Option Quality,False,0.0,65.0,,,,,,,,,,,,,,,,,,,2026-07-31_005221,,
a4f9182465b879dd8032d8df,2026-07-31,2026-07-31 00:52:47 EDT,PLTR,Scanner,RULE FAILED,None / required LIVE_QUOTE,Rule evaluation,Realtime,Quote Freshness,False,,LIVE_QUOTE,,,,,,,,,,,,,,,,,,,2026-07-31_005221,,
40852ed5689207c7e8cfda89,2026-07-31,2026-07-31 00:52:47 EDT,PLTR,Scanner,RULE PASSED,True / required True,Rule evaluation,Affordability,Affordability,True,True,True,,,,,,,,,,,,,,,,,,,2026-07-31_005221,,
ee48f0f3cc385df8414799d3,2026-07-31,2026-07-31 00:52:47 EDT,PLTR,Scanner,RULE FAILED,NOT_LIFECYCLE_EVENT / required ELIGIBLE,Rule evaluation,Telegram,Telegram,False,NOT_LIFECYCLE_EVENT,ELIGIBLE,,,,,,,,,,,,,,,,,,,2026-07-31_005221,,
e228120171176ea89a312146,2026-07-31,2026-07-31 00:52:49 EDT,NFLX,Scanner,STALE STOCK DATA,Stock aggregate data is not real-time,Scanner decision,Decision,LOW_RR,False,STALE_STOCK_DATA,ENTER or ENTER_PAPER,STALE STOCK DATA,False,56.0,1.17,,2026-07-30T23:57:00+00:00,72.73,72.73,72.68,72.68,1169.38,NO_RECOMMENDATION,NOT_REQUESTED,NOT_REQUESTED,,NOT_CREATED,NO_LIFECYCLE_EVENT,NO_LIFECYCLE_EVENT,2026-07-31_005221,,
280269673cbe14c7ccb7a26c,2026-07-31,2026-07-31 00:52:49 EDT,NFLX,Scanner,RULE FAILED,56.0 / required 85.0,Rule evaluation,Entry,Setup,False,56.0,85.0,,,,,,,,,,,,,,,,,,,2026-07-31_005221,,
e60bceb64b47d0c780195a5b,2026-07-31,2026-07-31 00:52:49 EDT,NFLX,Scanner,RULE FAILED,1.17 / required 2.0,Rule evaluation,Risk,RR,False,1.17,2.0,,,,,,,,,,,,,,,,,,,2026-07-31_005221,,
f90cc5671aa82e2aba728eff,2026-07-31,2026-07-31 00:52:49 EDT,NFLX,Scanner,RULE FAILED,0.0 / required 65.0,Rule evaluation,Option,Option Quality,False,0.0,65.0,,,,,,,,,,,,,,,,,,,2026-07-31_005221,,
65877c3ac9f1e7d35f76b802,2026-07-31,2026-07-31 00:52:49 EDT,NFLX,Scanner,RULE FAILED,None / required LIVE_QUOTE,Rule evaluation,Realtime,Quote Freshness,False,,LIVE_QUOTE,,,,,,,,,,,,,,,,,,,2026-07-31_005221,,
8ac4e0b653ab1c51979247d1,2026-07-31,2026-07-31 00:52:49 EDT,NFLX,Scanner,RULE PASSED,True / required True,Rule evaluation,Affordability,Affordability,True,True,True,,,,,,,,,,,,,,,,,,,2026-07-31_005221,,
979e4243222a37fd53e33c27,2026-07-31,2026-07-31 00:52:49 EDT,NFLX,Scanner,RULE FAILED,NOT_LIFECYCLE_EVENT / required ELIGIBLE,Rule evaluation,Telegram,Telegram,False,NOT_LIFECYCLE_EVENT,ELIGIBLE,,,,,,,,,,,,,,,,,,,2026-07-31_005221,,
3b0d63c8425bdbb963ee2fda,2026-07-31,2026-07-31 00:52:51 EDT,CRWD,Scanner,STALE STOCK DATA,Stock aggregate data is not real-time,Scanner decision,Decision,NO_ENTRY_TRIGGER,False,STALE_STOCK_DATA,ENTER or ENTER_PAPER,STALE STOCK DATA,False,59.0,2.33,,2026-07-30T23:52:00+00:00,186.0,186.0,186.0,186.0,1084.0,NO_RECOMMENDATION,NOT_REQUESTED,NOT_REQUESTED,,NOT_CREATED,NO_LIFECYCLE_EVENT,NO_LIFECYCLE_EVENT,2026-07-31_005221,,
650925c97ba5de1831e35d3d,2026-07-31,2026-07-31 00:52:51 EDT,CRWD,Scanner,RULE FAILED,59.0 / required 81.0,Rule evaluation,Entry,Setup,False,59.0,81.0,,,,,,,,,,,,,,,,,,,2026-07-31_005221,,
0cfca3a372e1f2a808fa92ac,2026-07-31,2026-07-31 00:52:51 EDT,CRWD,Scanner,RULE PASSED,2.33 / required 2.0,Rule evaluation,Risk,RR,True,2.33,2.0,,,,,,,,,,,,,,,,,,,2026-07-31_005221,,
ac4870e926cd7fc9fc43f659,2026-07-31,2026-07-31 00:52:51 EDT,CRWD,Scanner,RULE FAILED,0.0 / required 65.0,Rule evaluation,Option,Option Quality,False,0.0,65.0,,,,,,,,,,,,,,,,,,,2026-07-31_005221,,
4da6d29714dc4828bf47419b,2026-07-31,2026-07-31 00:52:51 EDT,CRWD,Scanner,RULE FAILED,None / required LIVE_QUOTE,Rule evaluation,Realtime,Quote Freshness,False,,LIVE_QUOTE,,,,,,,,,,,,,,,,,,,2026-07-31_005221,,
dcaf42a756108be247fa62d8,2026-07-31,2026-07-31 00:52:51 EDT,CRWD,Scanner,RULE PASSED,True / required True,Rule evaluation,Affordability,Affordability,True,True,True,,,,,,,,,,,,,,,,,,,2026-07-31_005221,,
0a277c9901cdeaf0375310b2,2026-07-31,2026-07-31 00:52:51 EDT,CRWD,Scanner,RULE FAILED,NOT_LIFECYCLE_EVENT / required ELIGIBLE,Rule evaluation,Telegram,Telegram,False,NOT_LIFECYCLE_EVENT,ELIGIBLE,,,,,,,,,,,,,,,,,,,2026-07-31_005221,,
00dd8acaa619ec4931cf270f,2026-07-31,2026-07-31 00:52:53 EDT,SMCI,Scanner,STALE STOCK DATA,Stock aggregate data is not real-time,Scanner decision,Decision,RISK_REJECTED,False,STALE_STOCK_DATA,ENTER or ENTER_PAPER,STALE STOCK DATA,False,59.0,1.69,,2026-07-30T23:57:00+00:00,28.38,28.41,28.37,28.41,5928.0,NO_RECOMMENDATION,NOT_REQUESTED,NOT_REQUESTED,,NOT_CREATED,NO_LIFECYCLE_EVENT,NO_LIFECYCLE_EVENT,2026-07-31_005221,,
9cd92639421f1a57381a8f51,2026-07-31,2026-07-31 00:52:53 EDT,SMCI,Scanner,RULE FAILED,59.0 / required 81.0,Rule evaluation,Entry,Setup,False,59.0,81.0,,,,,,,,,,,,,,,,,,,2026-07-31_005221,,
35eb72f047fb509f790946fa,2026-07-31,2026-07-31 00:52:53 EDT,SMCI,Scanner,RULE FAILED,1.69 / required 2.0,Rule evaluation,Risk,RR,False,1.69,2.0,,,,,,,,,,,,,,,,,,,2026-07-31_005221,,
172f0e5c35de0170633855cf,2026-07-31,2026-07-31 00:52:53 EDT,SMCI,Scanner,RULE FAILED,0.0 / required 65.0,Rule evaluation,Option,Option Quality,False,0.0,65.0,,,,,,,,,,,,,,,,,,,2026-07-31_005221,,
aaa0bdb461abf2d3c62246ed,2026-07-31,2026-07-31 00:52:53 EDT,SMCI,Scanner,RULE FAILED,None / required LIVE_QUOTE,Rule evaluation,Realtime,Quote Freshness,False,,LIVE_QUOTE,,,,,,,,,,,,,,,,,,,2026-07-31_005221,,
ca7173e73473fb813180eb5c,2026-07-31,2026-07-31 00:52:53 EDT,SMCI,Scanner,RULE PASSED,True / required True,Rule evaluation,Affordability,Affordability,True,True,True,,,,,,,,,,,,,,,,,,,2026-07-31_005221,,
dbf9f4323384bb26f55bba8e,2026-07-31,2026-07-31 00:52:53 EDT,SMCI,Scanner,RULE FAILED,NOT_LIFECYCLE_EVENT / required ELIGIBLE,Rule evaluation,Telegram,Telegram,False,NOT_LIFECYCLE_EVENT,ELIGIBLE,,,,,,,,,,,,,,,,,,,2026-07-31_005221,,
6e2773f1ebdb824cadefe446,2026-07-31,2026-07-31 00:52:55 EDT,SPCX,Scanner,NO TRADE MARKET CLOSED,Market closed; no live intraday trade,Scanner decision,Decision,NO_DIRECTIONAL_EDGE,False,NO_TRADE_MARKET_CLOSED,ENTER or ENTER_PAPER,NO TRADE MARKET CLOSED,False,2.0,0.0,,2026-07-30T23:57:00+00:00,112.9,112.93,112.79,112.79,18991.0,NO_RECOMMENDATION,NOT_REQUESTED,NOT_REQUESTED,,NOT_CREATED,NO_LIFECYCLE_EVENT,NO_LIFECYCLE_EVENT,2026-07-31_005221,,
1618ad6bdb4a625458076409,2026-07-31,2026-07-31 00:52:55 EDT,SPCX,Scanner,RULE FAILED,2.0 / required 85.0,Rule evaluation,Entry,Setup,False,2.0,85.0,,,,,,,,,,,,,,,,,,,2026-07-31_005221,,
656bbeb28faf5548fea39c70,2026-07-31,2026-07-31 00:52:55 EDT,SPCX,Scanner,RULE FAILED,0.0 / required 2.0,Rule evaluation,Risk,RR,False,0.0,2.0,,,,,,,,,,,,,,,,,,,2026-07-31_005221,,
ab75452a380ce540e1344770,2026-07-31,2026-07-31 00:52:55 EDT,SPCX,Scanner,RULE FAILED,0.0 / required 65.0,Rule evaluation,Option,Option Quality,False,0.0,65.0,,,,,,,,,,,,,,,,,,,2026-07-31_005221,,
0b54b248eee152f29a5373cc,2026-07-31,2026-07-31 00:52:55 EDT,SPCX,Scanner,RULE FAILED,None / required LIVE_QUOTE,Rule evaluation,Realtime,Quote Freshness,False,,LIVE_QUOTE,,,,,,,,,,,,,,,,,,,2026-07-31_005221,,
f15e2e36b2962c090de25339,2026-07-31,2026-07-31 00:52:55 EDT,SPCX,Scanner,RULE PASSED,True / required True,Rule evaluation,Affordability,Affordability,True,True,True,,,,,,,,,,,,,,,,,,,2026-07-31_005221,,
c790f65e491eeb6a23af7ffd,2026-07-31,2026-07-31 00:52:55 EDT,SPCX,Scanner,RULE FAILED,NOT_LIFECYCLE_EVENT / required ELIGIBLE,Rule evaluation,Telegram,Telegram,False,NOT_LIFECYCLE_EVENT,ELIGIBLE,,,,,,,,,,,,,,,,,,,2026-07-31_005221,,
7fbd0aa15c8b17c7eb712b9b,2026-07-31,2026-07-31 00:52:57 EDT,SMH,Scanner,STALE STOCK DATA,Stock aggregate data is not real-time,Scanner decision,Decision,LOW_RR,False,STALE_STOCK_DATA,ENTER or ENTER_PAPER,STALE STOCK DATA,False,59.0,1.42,,2026-07-30T23:57:00+00:00,550.4,550.93,550.32,550.93,2577.0,NO_RECOMMENDATION,NOT_REQUESTED,NOT_REQUESTED,,NOT_CREATED,NO_LIFECYCLE_EVENT,NO_LIFECYCLE_EVENT,2026-07-31_005221,,
3989ae6970ea5d910cbf18e2,2026-07-31,2026-07-31 00:52:57 EDT,SMH,Scanner,RULE FAILED,59.0 / required 85.0,Rule evaluation,Entry,Setup,False,59.0,85.0,,,,,,,,,,,,,,,,,,,2026-07-31_005221,,
5391454d10d7c7ae60e7bdef,2026-07-31,2026-07-31 00:52:57 EDT,SMH,Scanner,RULE FAILED,1.42 / required 2.0,Rule evaluation,Risk,RR,False,1.42,2.0,,,,,,,,,,,,,,,,,,,2026-07-31_005221,,
c00324a8535021191fc92cf7,2026-07-31,2026-07-31 00:52:57 EDT,SMH,Scanner,RULE FAILED,0.0 / required 65.0,Rule evaluation,Option,Option Quality,False,0.0,65.0,,,,,,,,,,,,,,,,,,,2026-07-31_005221,,
96abd5adff02485e44c4a009,2026-07-31,2026-07-31 00:52:57 EDT,SMH,Scanner,RULE FAILED,None / required LIVE_QUOTE,Rule evaluation,Realtime,Quote Freshness,False,,LIVE_QUOTE,,,,,,,,,,,,,,,,,,,2026-07-31_005221,,
b5c51b7c1d609591e2eb4462,2026-07-31,2026-07-31 00:52:57 EDT,SMH,Scanner,RULE PASSED,True / required True,Rule evaluation,Affordability,Affordability,True,True,True,,,,,,,,,,,,,,,,,,,2026-07-31_005221,,
b7c741218ce50699d509ecc1,2026-07-31,2026-07-31 00:52:57 EDT,SMH,Scanner,RULE FAILED,NOT_LIFECYCLE_EVENT / required ELIGIBLE,Rule evaluation,Telegram,Telegram,False,NOT_LIFECYCLE_EVENT,ELIGIBLE,,,,,,,,,,,,,,,,,,,2026-07-31_005221,,
58924506b899c9189b864b7b,2026-07-31,2026-07-31 00:52:59 EDT,ARM,Scanner,STALE STOCK DATA,Stock aggregate data is not real-time,Scanner decision,Decision,RISK_REJECTED,False,STALE_STOCK_DATA,ENTER or ENTER_PAPER,STALE STOCK DATA,False,59.0,1.78,,2026-07-30T23:57:00+00:00,248.55,248.55,248.55,248.55,406.0,NO_RECOMMENDATION,NOT_REQUESTED,NOT_REQUESTED,,NOT_CREATED,NO_LIFECYCLE_EVENT,NO_LIFECYCLE_EVENT,2026-07-31_005221,,
9bfea6ecf57f5269727285e0,2026-07-31,2026-07-31 00:52:59 EDT,ARM,Scanner,RULE FAILED,59.0 / required 81.0,Rule evaluation,Entry,Setup,False,59.0,81.0,,,,,,,,,,,,,,,,,,,2026-07-31_005221,,
fc7a59a103882fde3fe8598e,2026-07-31,2026-07-31 00:52:59 EDT,ARM,Scanner,RULE FAILED,1.78 / required 2.0,Rule evaluation,Risk,RR,False,1.78,2.0,,,,,,,,,,,,,,,,,,,2026-07-31_005221,,
f0a771f07192a135d2f7b0b8,2026-07-31,2026-07-31 00:52:59 EDT,ARM,Scanner,RULE FAILED,0.0 / required 65.0,Rule evaluation,Option,Option Quality,False,0.0,65.0,,,,,,,,,,,,,,,,,,,2026-07-31_005221,,
158f2bcd93f7d89b95abc61d,2026-07-31,2026-07-31 00:52:59 EDT,ARM,Scanner,RULE FAILED,None / required LIVE_QUOTE,Rule evaluation,Realtime,Quote Freshness,False,,LIVE_QUOTE,,,,,,,,,,,,,,,,,,,2026-07-31_005221,,
b5d40cce5bdfeccf1090e676,2026-07-31,2026-07-31 00:52:59 EDT,ARM,Scanner,RULE PASSED,True / required True,Rule evaluation,Affordability,Affordability,True,True,True,,,,,,,,,,,,,,,,,,,2026-07-31_005221,,
d768abc56edfd092464b0236,2026-07-31,2026-07-31 00:52:59 EDT,ARM,Scanner,RULE FAILED,NOT_LIFECYCLE_EVENT / required ELIGIBLE,Rule evaluation,Telegram,Telegram,False,NOT_LIFECYCLE_EVENT,ELIGIBLE,,,,,,,,,,,,,,,,,,,2026-07-31_005221,,
1ce094d12f1ee1a0034ccf41,2026-07-31,2026-07-31 00:53:01 EDT,TSM,Scanner,STALE STOCK DATA,Stock aggregate data is not real-time,Scanner decision,Decision,NO_ENTRY_TRIGGER,False,STALE_STOCK_DATA,ENTER or ENTER_PAPER,STALE STOCK DATA,False,45.0,2.33,,2026-07-30T23:58:00+00:00,412.68,412.77,412.0,412.0,2527.47,NO_RECOMMENDATION,NOT_REQUESTED,NOT_REQUESTED,,NOT_CREATED,NO_LIFECYCLE_EVENT,NO_LIFECYCLE_EVENT,2026-07-31_005221,,
3ab35376273dac0d5e9a3389,2026-07-31,2026-07-31 00:53:01 EDT,TSM,Scanner,RULE FAILED,45.0 / required 81.0,Rule evaluation,Entry,Setup,False,45.0,81.0,,,,,,,,,,,,,,,,,,,2026-07-31_005221,,
02c0f7c1431a182f4afae78c,2026-07-31,2026-07-31 00:53:01 EDT,TSM,Scanner,RULE PASSED,2.33 / required 2.0,Rule evaluation,Risk,RR,True,2.33,2.0,,,,,,,,,,,,,,,,,,,2026-07-31_005221,,
97b2504b9e3601a0ae448a95,2026-07-31,2026-07-31 00:53:01 EDT,TSM,Scanner,RULE FAILED,0.0 / required 65.0,Rule evaluation,Option,Option Quality,False,0.0,65.0,,,,,,,,,,,,,,,,,,,2026-07-31_005221,,
9b0524e00e77599b7b773bce,2026-07-31,2026-07-31 00:53:01 EDT,TSM,Scanner,RULE FAILED,None / required LIVE_QUOTE,Rule evaluation,Realtime,Quote Freshness,False,,LIVE_QUOTE,,,,,,,,,,,,,,,,,,,2026-07-31_005221,,
0aa525bfb6261d69eb8bcc02,2026-07-31,2026-07-31 00:53:01 EDT,TSM,Scanner,RULE PASSED,True / required True,Rule evaluation,Affordability,Affordability,True,True,True,,,,,,,,,,,,,,,,,,,2026-07-31_005221,,
b168271c2efe0e36bb6e40a4,2026-07-31,2026-07-31 00:53:01 EDT,TSM,Scanner,RULE FAILED,NOT_LIFECYCLE_EVENT / required ELIGIBLE,Rule evaluation,Telegram,Telegram,False,NOT_LIFECYCLE_EVENT,ELIGIBLE,,,,,,,,,,,,,,,,,,,2026-07-31_005221,,
4fc6e9906330ffabbae97d56,2026-07-31,2026-07-31 00:53:03 EDT,INTC,Scanner,STALE STOCK DATA,Stock aggregate data is not real-time,Scanner decision,Decision,RISK_REJECTED,False,STALE_STOCK_DATA,ENTER or ENTER_PAPER,STALE STOCK DATA,False,53.0,2.36,,2026-07-30T23:58:00+00:00,95.34,95.34,95.16,95.16,28785.02,NO_RECOMMENDATION,NOT_REQUESTED,NOT_REQUESTED,,NOT_CREATED,NO_LIFECYCLE_EVENT,NO_LIFECYCLE_EVENT,2026-07-31_005221,,
2f2e450120436a58a2654dd0,2026-07-31,2026-07-31 00:53:03 EDT,INTC,Scanner,RULE FAILED,53.0 / required 81.0,Rule evaluation,Entry,Setup,False,53.0,81.0,,,,,,,,,,,,,,,,,,,2026-07-31_005221,,
966814a2fecdda2a52cbdcf8,2026-07-31,2026-07-31 00:53:03 EDT,INTC,Scanner,RULE PASSED,2.36 / required 2.0,Rule evaluation,Risk,RR,True,2.36,2.0,,,,,,,,,,,,,,,,,,,2026-07-31_005221,,
01304ebec5b832ab381258a1,2026-07-31,2026-07-31 00:53:03 EDT,INTC,Scanner,RULE FAILED,0.0 / required 65.0,Rule evaluation,Option,Option Quality,False,0.0,65.0,,,,,,,,,,,,,,,,,,,2026-07-31_005221,,
e60c9753345a30b3fa417ab3,2026-07-31,2026-07-31 00:53:03 EDT,INTC,Scanner,RULE FAILED,None / required LIVE_QUOTE,Rule evaluation,Realtime,Quote Freshness,False,,LIVE_QUOTE,,,,,,,,,,,,,,,,,,,2026-07-31_005221,,
ac6254e21ceda64d90186458,2026-07-31,2026-07-31 00:53:03 EDT,INTC,Scanner,RULE PASSED,True / required True,Rule evaluation,Affordability,Affordability,True,True,True,,,,,,,,,,,,,,,,,,,2026-07-31_005221,,
2ff94ba2f93cfd496b6dd60d,2026-07-31,2026-07-31 00:53:03 EDT,INTC,Scanner,RULE FAILED,NOT_LIFECYCLE_EVENT / required ELIGIBLE,Rule evaluation,Telegram,Telegram,False,NOT_LIFECYCLE_EVENT,ELIGIBLE,,,,,,,,,,,,,,,,,,,2026-07-31_005221,,
57e9c5cd41fcca6cb3f55be3,2026-07-31,2026-07-31 00:53:05 EDT,AMAT,Scanner,STALE STOCK DATA,Stock aggregate data is not real-time,Scanner decision,Decision,LOW_RR,False,STALE_STOCK_DATA,ENTER or ENTER_PAPER,STALE STOCK DATA,False,59.0,1.04,,2026-07-30T23:58:00+00:00,519.12,519.99,519.12,519.99,404.0,NO_RECOMMENDATION,NOT_REQUESTED,NOT_REQUESTED,,NOT_CREATED,NO_LIFECYCLE_EVENT,NO_LIFECYCLE_EVENT,2026-07-31_005221,,
eb12193499a40385e144cb90,2026-07-31,2026-07-31 00:53:05 EDT,AMAT,Scanner,RULE FAILED,59.0 / required 81.0,Rule evaluation,Entry,Setup,False,59.0,81.0,,,,,,,,,,,,,,,,,,,2026-07-31_005221,,
d363d93cadfceef76f236fbf,2026-07-31,2026-07-31 00:53:05 EDT,AMAT,Scanner,RULE FAILED,1.04 / required 2.0,Rule evaluation,Risk,RR,False,1.04,2.0,,,,,,,,,,,,,,,,,,,2026-07-31_005221,,
5c9a8dbba579300d57ec686d,2026-07-31,2026-07-31 00:53:05 EDT,AMAT,Scanner,RULE FAILED,0.0 / required 65.0,Rule evaluation,Option,Option Quality,False,0.0,65.0,,,,,,,,,,,,,,,,,,,2026-07-31_005221,,
64d841b6ee313bd345b1947b,2026-07-31,2026-07-31 00:53:05 EDT,AMAT,Scanner,RULE FAILED,None / required LIVE_QUOTE,Rule evaluation,Realtime,Quote Freshness,False,,LIVE_QUOTE,,,,,,,,,,,,,,,,,,,2026-07-31_005221,,
be193905e907a7f2a3da6e9a,2026-07-31,2026-07-31 00:53:05 EDT,AMAT,Scanner,RULE PASSED,True / required True,Rule evaluation,Affordability,Affordability,True,True,True,,,,,,,,,,,,,,,,,,,2026-07-31_005221,,
7de2c8057d49a38a7e94473e,2026-07-31,2026-07-31 00:53:05 EDT,AMAT,Scanner,RULE FAILED,NOT_LIFECYCLE_EVENT / required ELIGIBLE,Rule evaluation,Telegram,Telegram,False,NOT_LIFECYCLE_EVENT,ELIGIBLE,,,,,,,,,,,,,,,,,,,2026-07-31_005221,,
3c735c3d3496ab39573f596b,2026-07-31,2026-07-31 00:53:07 EDT,LRCX,Scanner,STALE STOCK DATA,Stock aggregate data is not real-time,Scanner decision,Decision,NO_ENTRY_TRIGGER,False,STALE_STOCK_DATA,ENTER or ENTER_PAPER,STALE STOCK DATA,False,59.0,2.22,,2026-07-30T23:57:00+00:00,305.62,305.62,305.62,305.62,274.0,NO_RECOMMENDATION,NOT_REQUESTED,NOT_REQUESTED,,NOT_CREATED,NO_LIFECYCLE_EVENT,NO_LIFECYCLE_EVENT,2026-07-31_005221,,
a78ff6e41232277121c3c3db,2026-07-31,2026-07-31 00:53:07 EDT,LRCX,Scanner,RULE FAILED,59.0 / required 81.0,Rule evaluation,Entry,Setup,False,59.0,81.0,,,,,,,,,,,,,,,,,,,2026-07-31_005221,,
0732b4f9776847b953987f6b,2026-07-31,2026-07-31 00:53:07 EDT,LRCX,Scanner,RULE PASSED,2.22 / required 2.0,Rule evaluation,Risk,RR,True,2.22,2.0,,,,,,,,,,,,,,,,,,,2026-07-31_005221,,
9842afa61cb8831de5029511,2026-07-31,2026-07-31 00:53:07 EDT,LRCX,Scanner,RULE FAILED,0.0 / required 65.0,Rule evaluation,Option,Option Quality,False,0.0,65.0,,,,,,,,,,,,,,,,,,,2026-07-31_005221,,
309f03ee9574b9f142db672b,2026-07-31,2026-07-31 00:53:07 EDT,LRCX,Scanner,RULE FAILED,None / required LIVE_QUOTE,Rule evaluation,Realtime,Quote Freshness,False,,LIVE_QUOTE,,,,,,,,,,,,,,,,,,,2026-07-31_005221,,
bb125544731df7de30820196,2026-07-31,2026-07-31 00:53:07 EDT,LRCX,Scanner,RULE PASSED,True / required True,Rule evaluation,Affordability,Affordability,True,True,True,,,,,,,,,,,,,,,,,,,2026-07-31_005221,,
8aca37920ec6a05f46aa1205,2026-07-31,2026-07-31 00:53:07 EDT,LRCX,Scanner,RULE FAILED,NOT_LIFECYCLE_EVENT / required ELIGIBLE,Rule evaluation,Telegram,Telegram,False,NOT_LIFECYCLE_EVENT,ELIGIBLE,,,,,,,,,,,,,,,,,,,2026-07-31_005221,,
0134da46d0e01b58d27014ad,2026-07-31,2026-07-31 00:53:09 EDT,MRVL,Scanner,STALE STOCK DATA,Stock aggregate data is not real-time,Scanner decision,Decision,RISK_REJECTED,False,STALE_STOCK_DATA,ENTER or ENTER_PAPER,STALE STOCK DATA,False,50.0,2.45,,2026-07-30T23:58:00+00:00,195.47,195.47,195.2,195.22,4100.0,NO_RECOMMENDATION,NOT_REQUESTED,NOT_REQUESTED,,NOT_CREATED,NO_LIFECYCLE_EVENT,NO_LIFECYCLE_EVENT,2026-07-31_005221,,
24c6f66067fa0533d8419708,2026-07-31,2026-07-31 00:53:09 EDT,MRVL,Scanner,RULE FAILED,50.0 / required 81.0,Rule evaluation,Entry,Setup,False,50.0,81.0,,,,,,,,,,,,,,,,,,,2026-07-31_005221,,
a47202814d921f6004945a75,2026-07-31,2026-07-31 00:53:09 EDT,MRVL,Scanner,RULE PASSED,2.45 / required 2.0,Rule evaluation,Risk,RR,True,2.45,2.0,,,,,,,,,,,,,,,,,,,2026-07-31_005221,,
106c14c1605801b019a85187,2026-07-31,2026-07-31 00:53:09 EDT,MRVL,Scanner,RULE FAILED,0.0 / required 65.0,Rule evaluation,Option,Option Quality,False,0.0,65.0,,,,,,,,,,,,,,,,,,,2026-07-31_005221,,
384d6be7d05281dd96b8a487,2026-07-31,2026-07-31 00:53:09 EDT,MRVL,Scanner,RULE FAILED,None / required LIVE_QUOTE,Rule evaluation,Realtime,Quote Freshness,False,,LIVE_QUOTE,,,,,,,,,,,,,,,,,,,2026-07-31_005221,,
3f0661a4dcb5f63393ec3410,2026-07-31,2026-07-31 00:53:09 EDT,MRVL,Scanner,RULE PASSED,True / required True,Rule evaluation,Affordability,Affordability,True,True,True,,,,,,,,,,,,,,,,,,,2026-07-31_005221,,
076e6b473efeeafc37616998,2026-07-31,2026-07-31 00:53:09 EDT,MRVL,Scanner,RULE FAILED,NOT_LIFECYCLE_EVENT / required ELIGIBLE,Rule evaluation,Telegram,Telegram,False,NOT_LIFECYCLE_EVENT,ELIGIBLE,,,,,,,,,,,,,,,,,,,2026-07-31_005221,,
64be3adc25c65187c6a420bf,2026-07-31,2026-07-31 00:53:11 EDT,ORCL,Scanner,STALE STOCK DATA,Stock aggregate data is not real-time,Scanner decision,Decision,RISK_REJECTED,False,STALE_STOCK_DATA,ENTER or ENTER_PAPER,STALE STOCK DATA,False,50.0,1.73,,2026-07-30T23:58:00+00:00,129.55,129.55,129.19,129.2,17009.83,NO_RECOMMENDATION,NOT_REQUESTED,NOT_REQUESTED,,NOT_CREATED,NO_LIFECYCLE_EVENT,NO_LIFECYCLE_EVENT,2026-07-31_005221,,
b369bcc17c57d76e542f2daf,2026-07-31,2026-07-31 00:53:11 EDT,ORCL,Scanner,RULE FAILED,50.0 / required 81.0,Rule evaluation,Entry,Setup,False,50.0,81.0,,,,,,,,,,,,,,,,,,,2026-07-31_005221,,
38d6c9d62349b3d8e733137f,2026-07-31,2026-07-31 00:53:11 EDT,ORCL,Scanner,RULE FAILED,1.73 / required 2.0,Rule evaluation,Risk,RR,False,1.73,2.0,,,,,,,,,,,,,,,,,,,2026-07-31_005221,,
a9d3ac1f3af29faeabf5abd7,2026-07-31,2026-07-31 00:53:11 EDT,ORCL,Scanner,RULE FAILED,0.0 / required 65.0,Rule evaluation,Option,Option Quality,False,0.0,65.0,,,,,,,,,,,,,,,,,,,2026-07-31_005221,,
7c7546131465b58da2043175,2026-07-31,2026-07-31 00:53:11 EDT,ORCL,Scanner,RULE FAILED,None / required LIVE_QUOTE,Rule evaluation,Realtime,Quote Freshness,False,,LIVE_QUOTE,,,,,,,,,,,,,,,,,,,2026-07-31_005221,,
d3851557c584e6f9a19a34d7,2026-07-31,2026-07-31 00:53:11 EDT,ORCL,Scanner,RULE PASSED,True / required True,Rule evaluation,Affordability,Affordability,True,True,True,,,,,,,,,,,,,,,,,,,2026-07-31_005221,,
a0b6513595db2c3b3e027628,2026-07-31,2026-07-31 00:53:11 EDT,ORCL,Scanner,RULE FAILED,NOT_LIFECYCLE_EVENT / required ELIGIBLE,Rule evaluation,Telegram,Telegram,False,NOT_LIFECYCLE_EVENT,ELIGIBLE,,,,,,,,,,,,,,,,,,,2026-07-31_005221,,
c7281ce67145bf18727b1487,2026-07-31,2026-07-31 00:53:12 EDT,PANW,Scanner,STALE STOCK DATA,Stock aggregate data is not real-time,Scanner decision,Decision,NO_ENTRY_TRIGGER,False,STALE_STOCK_DATA,ENTER or ENTER_PAPER,STALE STOCK DATA,False,56.0,1.29,,2026-07-30T23:53:00+00:00,326.25,326.25,326.25,326.25,262.09,NO_RECOMMENDATION,NOT_REQUESTED,NOT_REQUESTED,,NOT_CREATED,NO_LIFECYCLE_EVENT,NO_LIFECYCLE_EVENT,2026-07-31_005221,,
148dab186eb2a3a9501488d7,2026-07-31,2026-07-31 00:53:12 EDT,PANW,Scanner,RULE FAILED,56.0 / required 85.0,Rule evaluation,Entry,Setup,False,56.0,85.0,,,,,,,,,,,,,,,,,,,2026-07-31_005221,,
dedf4e731165a45075b402c2,2026-07-31,2026-07-31 00:53:12 EDT,PANW,Scanner,RULE FAILED,1.29 / required 2.0,Rule evaluation,Risk,RR,False,1.29,2.0,,,,,,,,,,,,,,,,,,,2026-07-31_005221,,
f4467a3306b9865ca342cb99,2026-07-31,2026-07-31 00:53:12 EDT,PANW,Scanner,RULE FAILED,0.0 / required 65.0,Rule evaluation,Option,Option Quality,False,0.0,65.0,,,,,,,,,,,,,,,,,,,2026-07-31_005221,,
f1604475dffdcaae8786baf2,2026-07-31,2026-07-31 00:53:12 EDT,PANW,Scanner,RULE FAILED,None / required LIVE_QUOTE,Rule evaluation,Realtime,Quote Freshness,False,,LIVE_QUOTE,,,,,,,,,,,,,,,,,,,2026-07-31_005221,,
05d02b41f1c0c48117823a89,2026-07-31,2026-07-31 00:53:12 EDT,PANW,Scanner,RULE PASSED,True / required True,Rule evaluation,Affordability,Affordability,True,True,True,,,,,,,,,,,,,,,,,,,2026-07-31_005221,,
e97e32f1342316f13fa5d189,2026-07-31,2026-07-31 00:53:12 EDT,PANW,Scanner,RULE FAILED,NOT_LIFECYCLE_EVENT / required ELIGIBLE,Rule evaluation,Telegram,Telegram,False,NOT_LIFECYCLE_EVENT,ELIGIBLE,,,,,,,,,,,,,,,,,,,2026-07-31_005221,,
047d872cf9893e9e6b19d844,2026-07-31,2026-07-31 00:53:14 EDT,SOXL,Scanner,STALE STOCK DATA,Stock aggregate data is not real-time,Scanner decision,Decision,NO_ENTRY_TRIGGER,False,STALE_STOCK_DATA,ENTER or ENTER_PAPER,STALE STOCK DATA,False,49.0,2.22,,2026-07-30T23:58:00+00:00,124.5,124.6,124.46,124.58,31875.34,NO_RECOMMENDATION,NOT_REQUESTED,NOT_REQUESTED,,NOT_CREATED,NO_LIFECYCLE_EVENT,NO_LIFECYCLE_EVENT,2026-07-31_005221,,
923068c4675c6ac7e2051943,2026-07-31,2026-07-31 00:53:14 EDT,SOXL,Scanner,RULE FAILED,49.0 / required 81.0,Rule evaluation,Entry,Setup,False,49.0,81.0,,,,,,,,,,,,,,,,,,,2026-07-31_005221,,
f21940b4d9a9329c30ea4969,2026-07-31,2026-07-31 00:53:14 EDT,SOXL,Scanner,RULE PASSED,2.22 / required 2.0,Rule evaluation,Risk,RR,True,2.22,2.0,,,,,,,,,,,,,,,,,,,2026-07-31_005221,,
2b700efd88d23842796d4475,2026-07-31,2026-07-31 00:53:14 EDT,SOXL,Scanner,RULE FAILED,0.0 / required 65.0,Rule evaluation,Option,Option Quality,False,0.0,65.0,,,,,,,,,,,,,,,,,,,2026-07-31_005221,,
1a313b06e524bdb928fb4001,2026-07-31,2026-07-31 00:53:14 EDT,SOXL,Scanner,RULE FAILED,None / required LIVE_QUOTE,Rule evaluation,Realtime,Quote Freshness,False,,LIVE_QUOTE,,,,,,,,,,,,,,,,,,,2026-07-31_005221,,
a488be074539a83e3d0f9c34,2026-07-31,2026-07-31 00:53:14 EDT,SOXL,Scanner,RULE PASSED,True / required True,Rule evaluation,Affordability,Affordability,True,True,True,,,,,,,,,,,,,,,,,,,2026-07-31_005221,,
f8f0500a5f2735bde8dc0d55,2026-07-31,2026-07-31 00:53:14 EDT,SOXL,Scanner,RULE FAILED,NOT_LIFECYCLE_EVENT / required ELIGIBLE,Rule evaluation,Telegram,Telegram,False,NOT_LIFECYCLE_EVENT,ELIGIBLE,,,,,,,,,,,,,,,,,,,2026-07-31_005221,,
6401c361717392365a0d286b,2026-07-31,2026-07-31 01:12:03 EDT,QQQ,Scanner,STALE STOCK DATA,Stock aggregate data is not real-time,Scanner decision,Decision,LOW_RR,False,STALE_STOCK_DATA,ENTER or ENTER_PAPER,STALE STOCK DATA,False,59.0,0.73,,2026-07-30T23:57:00+00:00,688.65,688.65,688.2,688.28,11447.13,NO_RECOMMENDATION,NOT_REQUESTED,NOT_REQUESTED,,NOT_CREATED,NO_LIFECYCLE_EVENT,NO_LIFECYCLE_EVENT,2026-07-31_011159,,
ccef1b5c1b9779c1d1f7b72a,2026-07-31,2026-07-31 01:12:03 EDT,QQQ,Scanner,RULE FAILED,59.0 / required 85.0,Rule evaluation,Entry,Setup,False,59.0,85.0,,,,,,,,,,,,,,,,,,,2026-07-31_011159,,
d0d00dfa4dd18620b26d29bb,2026-07-31,2026-07-31 01:12:03 EDT,QQQ,Scanner,RULE FAILED,0.73 / required 2.0,Rule evaluation,Risk,RR,False,0.73,2.0,,,,,,,,,,,,,,,,,,,2026-07-31_011159,,
8e0f3eedc61f275d2906deee,2026-07-31,2026-07-31 01:12:03 EDT,QQQ,Scanner,RULE FAILED,0.0 / required 65.0,Rule evaluation,Option,Option Quality,False,0.0,65.0,,,,,,,,,,,,,,,,,,,2026-07-31_011159,,
1d0abc9b493fbc741e5b4daf,2026-07-31,2026-07-31 01:12:03 EDT,QQQ,Scanner,RULE FAILED,None / required LIVE_QUOTE,Rule evaluation,Realtime,Quote Freshness,False,,LIVE_QUOTE,,,,,,,,,,,,,,,,,,,2026-07-31_011159,,
39584c4e9fa2c17f77086414,2026-07-31,2026-07-31 01:12:03 EDT,QQQ,Scanner,RULE PASSED,True / required True,Rule evaluation,Affordability,Affordability,True,True,True,,,,,,,,,,,,,,,,,,,2026-07-31_011159,,
9002f22e4fa4cf73be86d194,2026-07-31,2026-07-31 01:12:03 EDT,QQQ,Scanner,RULE FAILED,NOT_LIFECYCLE_EVENT / required ELIGIBLE,Rule evaluation,Telegram,Telegram,False,NOT_LIFECYCLE_EVENT,ELIGIBLE,,,,,,,,,,,,,,,,,,,2026-07-31_011159,,
ea6e8be88474d9e340e80c52,2026-07-31,2026-07-31 01:12:06 EDT,SPY,Scanner,STALE STOCK DATA,Stock aggregate data is not real-time,Scanner decision,Decision,LOW_RR,False,STALE_STOCK_DATA,ENTER or ENTER_PAPER,STALE STOCK DATA,False,59.0,0.39,,2026-07-30T23:57:00+00:00,743.6,743.64,743.33,743.33,9740.22,NO_RECOMMENDATION,NOT_REQUESTED,NOT_REQUESTED,,NOT_CREATED,NO_LIFECYCLE_EVENT,NO_LIFECYCLE_EVENT,2026-07-31_011159,,
05c276b66f3dc4afc460f823,2026-07-31,2026-07-31 01:12:06 EDT,SPY,Scanner,RULE FAILED,59.0 / required 81.0,Rule evaluation,Entry,Setup,False,59.0,81.0,,,,,,,,,,,,,,,,,,,2026-07-31_011159,,
b7f7abfcd4903775c212e983,2026-07-31,2026-07-31 01:12:06 EDT,SPY,Scanner,RULE FAILED,0.39 / required 2.0,Rule evaluation,Risk,RR,False,0.39,2.0,,,,,,,,,,,,,,,,,,,2026-07-31_011159,,
5b0992db946eba502d5a95b1,2026-07-31,2026-07-31 01:12:06 EDT,SPY,Scanner,RULE FAILED,0.0 / required 65.0,Rule evaluation,Option,Option Quality,False,0.0,65.0,,,,,,,,,,,,,,,,,,,2026-07-31_011159,,
d2eef04372aec2e76f607b24,2026-07-31,2026-07-31 01:12:06 EDT,SPY,Scanner,RULE FAILED,None / required LIVE_QUOTE,Rule evaluation,Realtime,Quote Freshness,False,,LIVE_QUOTE,,,,,,,,,,,,,,,,,,,2026-07-31_011159,,
bbdd5bdf4d4ec2e3c3154103,2026-07-31,2026-07-31 01:12:06 EDT,SPY,Scanner,RULE PASSED,True / required True,Rule evaluation,Affordability,Affordability,True,True,True,,,,,,,,,,,,,,,,,,,2026-07-31_011159,,
1a4dd5e3f1f0ec1873b1a2d5,2026-07-31,2026-07-31 01:12:06 EDT,SPY,Scanner,RULE FAILED,NOT_LIFECYCLE_EVENT / required ELIGIBLE,Rule evaluation,Telegram,Telegram,False,NOT_LIFECYCLE_EVENT,ELIGIBLE,,,,,,,,,,,,,,,,,,,2026-07-31_011159,,
fb242c4e1ade08ae61e16786,2026-07-31,2026-07-31 01:12:08 EDT,NVDA,Scanner,STALE STOCK DATA,Stock aggregate data is not real-time,Scanner decision,Decision,LOW_RR,False,STALE_STOCK_DATA,ENTER or ENTER_PAPER,STALE STOCK DATA,False,59.0,1.21,,2026-07-30T23:57:00+00:00,196.84,196.85,196.75,196.84,18711.6,NO_RECOMMENDATION,NOT_REQUESTED,NOT_REQUESTED,,NOT_CREATED,NO_LIFECYCLE_EVENT,NO_LIFECYCLE_EVENT,2026-07-31_011159,,
a523936a0c5c1374887bd57b,2026-07-31,2026-07-31 01:12:08 EDT,NVDA,Scanner,RULE FAILED,59.0 / required 81.0,Rule evaluation,Entry,Setup,False,59.0,81.0,,,,,,,,,,,,,,,,,,,2026-07-31_011159,,
70bd6b2172c1ee5b1d4a633b,2026-07-31,2026-07-31 01:12:08 EDT,NVDA,Scanner,RULE FAILED,1.21 / required 2.0,Rule evaluation,Risk,RR,False,1.21,2.0,,,,,,,,,,,,,,,,,,,2026-07-31_011159,,
ddcba2d0a7e416dc15906ceb,2026-07-31,2026-07-31 01:12:08 EDT,NVDA,Scanner,RULE FAILED,0.0 / required 65.0,Rule evaluation,Option,Option Quality,False,0.0,65.0,,,,,,,,,,,,,,,,,,,2026-07-31_011159,,
1baab4af4287f033a50051e9,2026-07-31,2026-07-31 01:12:08 EDT,NVDA,Scanner,RULE FAILED,None / required LIVE_QUOTE,Rule evaluation,Realtime,Quote Freshness,False,,LIVE_QUOTE,,,,,,,,,,,,,,,,,,,2026-07-31_011159,,
de1c50b83f87b6b0291793ac,2026-07-31,2026-07-31 01:12:08 EDT,NVDA,Scanner,RULE PASSED,True / required True,Rule evaluation,Affordability,Affordability,True,True,True,,,,,,,,,,,,,,,,,,,2026-07-31_011159,,
d1e2860a1dc42ae1535c57b6,2026-07-31,2026-07-31 01:12:08 EDT,NVDA,Scanner,RULE FAILED,NOT_LIFECYCLE_EVENT / required ELIGIBLE,Rule evaluation,Telegram,Telegram,False,NOT_LIFECYCLE_EVENT,ELIGIBLE,,,,,,,,,,,,,,,,,,,2026-07-31_011159,,
259e763d4339e23660d0beb6,2026-07-31,2026-07-31 01:12:10 EDT,AAPL,Scanner,STALE STOCK DATA,Stock aggregate data is not real-time,Scanner decision,Decision,RISK_REJECTED,False,STALE_STOCK_DATA,ENTER or ENTER_PAPER,STALE STOCK DATA,False,40.0,2.25,,2026-07-30T23:57:00+00:00,313.12,313.12,312.3,312.33,48998.02,NO_RECOMMENDATION,NOT_REQUESTED,NOT_REQUESTED,,NOT_CREATED,NO_LIFECYCLE_EVENT,NO_LIFECYCLE_EVENT,2026-07-31_011159,,
6e69ea06633eba403011b98a,2026-07-31,2026-07-31 01:12:10 EDT,AAPL,Scanner,RULE FAILED,40.0 / required 81.0,Rule evaluation,Entry,Setup,False,40.0,81.0,,,,,,,,,,,,,,,,,,,2026-07-31_011159,,
52995045de739331bc36d06a,2026-07-31,2026-07-31 01:12:10 EDT,AAPL,Scanner,RULE PASSED,2.25 / required 2.0,Rule evaluation,Risk,RR,True,2.25,2.0,,,,,,,,,,,,,,,,,,,2026-07-31_011159,,
092b49878c6d0916504ada02,2026-07-31,2026-07-31 01:12:10 EDT,AAPL,Scanner,RULE FAILED,0.0 / required 65.0,Rule evaluation,Option,Option Quality,False,0.0,65.0,,,,,,,,,,,,,,,,,,,2026-07-31_011159,,
1ca3821d51332e037a4e3102,2026-07-31,2026-07-31 01:12:10 EDT,AAPL,Scanner,RULE FAILED,None / required LIVE_QUOTE,Rule evaluation,Realtime,Quote Freshness,False,,LIVE_QUOTE,,,,,,,,,,,,,,,,,,,2026-07-31_011159,,
166c787ef76fa5cb4c28aef6,2026-07-31,2026-07-31 01:12:10 EDT,AAPL,Scanner,RULE PASSED,True / required True,Rule evaluation,Affordability,Affordability,True,True,True,,,,,,,,,,,,,,,,,,,2026-07-31_011159,,
c4a5280072a25b6d7f845a40,2026-07-31,2026-07-31 01:12:10 EDT,AAPL,Scanner,RULE FAILED,NOT_LIFECYCLE_EVENT / required ELIGIBLE,Rule evaluation,Telegram,Telegram,False,NOT_LIFECYCLE_EVENT,ELIGIBLE,,,,,,,,,,,,,,,,,,,2026-07-31_011159,,
4dcfc61c781f37935d4a0edc,2026-07-31,2026-07-31 01:12:12 EDT,MSFT,Scanner,STALE STOCK DATA,Stock aggregate data is not real-time,Scanner decision,Decision,NO_ENTRY_TRIGGER,False,STALE_STOCK_DATA,ENTER or ENTER_PAPER,STALE STOCK DATA,False,4.0,0.0,,2026-07-30T23:57:00+00:00,448.2,448.5,448.16,448.47,7686.21,NO_RECOMMENDATION,NOT_REQUESTED,NOT_REQUESTED,,NOT_CREATED,NO_LIFECYCLE_EVENT,NO_LIFECYCLE_EVENT,2026-07-31_011159,,
6eefcaf5fe65ae9ec65746f8,2026-07-31,2026-07-31 01:12:12 EDT,MSFT,Scanner,RULE FAILED,4.0 / required 85.0,Rule evaluation,Entry,Setup,False,4.0,85.0,,,,,,,,,,,,,,,,,,,2026-07-31_011159,,
b654361a5dda2b48fcc4bed7,2026-07-31,2026-07-31 01:12:12 EDT,MSFT,Scanner,RULE FAILED,0.0 / required 2.0,Rule evaluation,Risk,RR,False,0.0,2.0,,,,,,,,,,,,,,,,,,,2026-07-31_011159,,
6f6825e702f666f97a6b1820,2026-07-31,2026-07-31 01:12:12 EDT,MSFT,Scanner,RULE FAILED,0.0 / required 65.0,Rule evaluation,Option,Option Quality,False,0.0,65.0,,,,,,,,,,,,,,,,,,,2026-07-31_011159,,
6f9ec72c471ea03c1cc431c4,2026-07-31,2026-07-31 01:12:12 EDT,MSFT,Scanner,RULE FAILED,None / required LIVE_QUOTE,Rule evaluation,Realtime,Quote Freshness,False,,LIVE_QUOTE,,,,,,,,,,,,,,,,,,,2026-07-31_011159,,
5612b9b432307de473a0c911,2026-07-31,2026-07-31 01:12:12 EDT,MSFT,Scanner,RULE PASSED,True / required True,Rule evaluation,Affordability,Affordability,True,True,True,,,,,,,,,,,,,,,,,,,2026-07-31_011159,,
1d49b21c61de9a0553fc33d5,2026-07-31,2026-07-31 01:12:12 EDT,MSFT,Scanner,RULE FAILED,NOT_LIFECYCLE_EVENT / required ELIGIBLE,Rule evaluation,Telegram,Telegram,False,NOT_LIFECYCLE_EVENT,ELIGIBLE,,,,,,,,,,,,,,,,,,,2026-07-31_011159,,
10f5c0d6bd109a909162a89a,2026-07-31,2026-07-31 01:12:14 EDT,AMZN,Scanner,STALE STOCK DATA,Stock aggregate data is not real-time,Scanner decision,Decision,RISK_REJECTED,False,STALE_STOCK_DATA,ENTER or ENTER_PAPER,STALE STOCK DATA,False,59.0,3.31,,2026-07-30T23:57:00+00:00,258.02,258.11,257.9,258.0,33914.62,NO_RECOMMENDATION,NOT_REQUESTED,NOT_REQUESTED,,NOT_CREATED,NO_LIFECYCLE_EVENT,NO_LIFECYCLE_EVENT,2026-07-31_011159,,
187040af43553cb2c2cfe29b,2026-07-31,2026-07-31 01:12:14 EDT,AMZN,Scanner,RULE FAILED,59.0 / required 81.0,Rule evaluation,Entry,Setup,False,59.0,81.0,,,,,,,,,,,,,,,,,,,2026-07-31_011159,,
a5a93f6a26e9548134c21836,2026-07-31,2026-07-31 01:12:14 EDT,AMZN,Scanner,RULE PASSED,3.31 / required 2.0,Rule evaluation,Risk,RR,True,3.31,2.0,,,,,,,,,,,,,,,,,,,2026-07-31_011159,,
e5086003cf0a456dd9486b3a,2026-07-31,2026-07-31 01:12:14 EDT,AMZN,Scanner,RULE FAILED,0.0 / required 65.0,Rule evaluation,Option,Option Quality,False,0.0,65.0,,,,,,,,,,,,,,,,,,,2026-07-31_011159,,
c271a3b18215c6261db666ae,2026-07-31,2026-07-31 01:12:14 EDT,AMZN,Scanner,RULE FAILED,None / required LIVE_QUOTE,Rule evaluation,Realtime,Quote Freshness,False,,LIVE_QUOTE,,,,,,,,,,,,,,,,,,,2026-07-31_011159,,
9bc75aa6ea66231854072cdb,2026-07-31,2026-07-31 01:12:14 EDT,AMZN,Scanner,RULE PASSED,True / required True,Rule evaluation,Affordability,Affordability,True,True,True,,,,,,,,,,,,,,,,,,,2026-07-31_011159,,
d46e044498a63324bf4bb68b,2026-07-31,2026-07-31 01:12:14 EDT,AMZN,Scanner,RULE FAILED,NOT_LIFECYCLE_EVENT / required ELIGIBLE,Rule evaluation,Telegram,Telegram,False,NOT_LIFECYCLE_EVENT,ELIGIBLE,,,,,,,,,,,,,,,,,,,2026-07-31_011159,,
e9664dec2bff7eb77f255248,2026-07-31,2026-07-31 01:12:16 EDT,META,Scanner,STALE STOCK DATA,Stock aggregate data is not real-time,Scanner decision,Decision,LOW_RR,False,STALE_STOCK_DATA,ENTER or ENTER_PAPER,STALE STOCK DATA,False,35.0,1.15,,2026-07-30T23:57:00+00:00,543.0,543.03,542.42,542.75,3996.46,NO_RECOMMENDATION,NOT_REQUESTED,NOT_REQUESTED,,NOT_CREATED,NO_LIFECYCLE_EVENT,NO_LIFECYCLE_EVENT,2026-07-31_011159,,
d44f59351fc31503e04322ec,2026-07-31,2026-07-31 01:12:16 EDT,META,Scanner,RULE FAILED,35.0 / required 85.0,Rule evaluation,Entry,Setup,False,35.0,85.0,,,,,,,,,,,,,,,,,,,2026-07-31_011159,,
bbbef12b325c2a0749eea13a,2026-07-31,2026-07-31 01:12:16 EDT,META,Scanner,RULE FAILED,1.15 / required 2.0,Rule evaluation,Risk,RR,False,1.15,2.0,,,,,,,,,,,,,,,,,,,2026-07-31_011159,,
ea578ade7839be439f03b153,2026-07-31,2026-07-31 01:12:16 EDT,META,Scanner,RULE FAILED,0.0 / required 65.0,Rule evaluation,Option,Option Quality,False,0.0,65.0,,,,,,,,,,,,,,,,,,,2026-07-31_011159,,
9f4231358c9727bdc3316cb2,2026-07-31,2026-07-31 01:12:16 EDT,META,Scanner,RULE FAILED,None / required LIVE_QUOTE,Rule evaluation,Realtime,Quote Freshness,False,,LIVE_QUOTE,,,,,,,,,,,,,,,,,,,2026-07-31_011159,,
5d438b0a35a2d6af398e9077,2026-07-31,2026-07-31 01:12:16 EDT,META,Scanner,RULE PASSED,True / required True,Rule evaluation,Affordability,Affordability,True,True,True,,,,,,,,,,,,,,,,,,,2026-07-31_011159,,
9238ea1064c8596e68248589,2026-07-31,2026-07-31 01:12:16 EDT,META,Scanner,RULE FAILED,NOT_LIFECYCLE_EVENT / required ELIGIBLE,Rule evaluation,Telegram,Telegram,False,NOT_LIFECYCLE_EVENT,ELIGIBLE,,,,,,,,,,,,,,,,,,,2026-07-31_011159,,
d2f7f546084d30fabfd4a066,2026-07-31,2026-07-31 01:12:18 EDT,TSLA,Scanner,NO TRADE MARKET CLOSED,Market closed; no live intraday trade,Scanner decision,Decision,NO_DIRECTIONAL_EDGE,False,NO_TRADE_MARKET_CLOSED,ENTER or ENTER_PAPER,NO TRADE MARKET CLOSED,False,14.0,0.0,,2026-07-30T23:57:00+00:00,309.0,309.1,309.0,309.1,9119.0,NO_RECOMMENDATION,NOT_REQUESTED,NOT_REQUESTED,,NOT_CREATED,NO_LIFECYCLE_EVENT,NO_LIFECYCLE_EVENT,2026-07-31_011159,,
a0c14b7411cc29676630ee21,2026-07-31,2026-07-31 01:12:18 EDT,TSLA,Scanner,RULE FAILED,14.0 / required 85.0,Rule evaluation,Entry,Setup,False,14.0,85.0,,,,,,,,,,,,,,,,,,,2026-07-31_011159,,
91ab8d78257cc3f500f2c122,2026-07-31,2026-07-31 01:12:18 EDT,TSLA,Scanner,RULE FAILED,0.0 / required 2.0,Rule evaluation,Risk,RR,False,0.0,2.0,,,,,,,,,,,,,,,,,,,2026-07-31_011159,,
bc7ebf90a447254faf00f237,2026-07-31,2026-07-31 01:12:18 EDT,TSLA,Scanner,RULE FAILED,0.0 / required 65.0,Rule evaluation,Option,Option Quality,False,0.0,65.0,,,,,,,,,,,,,,,,,,,2026-07-31_011159,,
fa7a5d61e1c8e0a74d4783a5,2026-07-31,2026-07-31 01:12:18 EDT,TSLA,Scanner,RULE FAILED,None / required LIVE_QUOTE,Rule evaluation,Realtime,Quote Freshness,False,,LIVE_QUOTE,,,,,,,,,,,,,,,,,,,2026-07-31_011159,,
4812f860dc8da70292ce1afd,2026-07-31,2026-07-31 01:12:18 EDT,TSLA,Scanner,RULE PASSED,True / required True,Rule evaluation,Affordability,Affordability,True,True,True,,,,,,,,,,,,,,,,,,,2026-07-31_011159,,
94495f72c56d04f4e214acdc,2026-07-31,2026-07-31 01:12:18 EDT,TSLA,Scanner,RULE FAILED,NOT_LIFECYCLE_EVENT / required ELIGIBLE,Rule evaluation,Telegram,Telegram,False,NOT_LIFECYCLE_EVENT,ELIGIBLE,,,,,,,,,,,,,,,,,,,2026-07-31_011159,,
aa7598b2889b41c4fbeb654d,2026-07-31,2026-07-31 01:12:20 EDT,AMD,Scanner,NO TRADE MARKET CLOSED,Market closed; no live intraday trade,Scanner decision,Decision,NO_DIRECTIONAL_EDGE,False,NO_TRADE_MARKET_CLOSED,ENTER or ENTER_PAPER,NO TRADE MARKET CLOSED,False,15.0,0.0,,2026-07-30T23:57:00+00:00,499.7,499.8,499.26,499.26,9845.01,NO_RECOMMENDATION,NOT_REQUESTED,NOT_REQUESTED,,NOT_CREATED,NO_LIFECYCLE_EVENT,NO_LIFECYCLE_EVENT,2026-07-31_011159,,
987ad6da2a9911f3503baf38,2026-07-31,2026-07-31 01:12:20 EDT,AMD,Scanner,RULE FAILED,15.0 / required 81.0,Rule evaluation,Entry,Setup,False,15.0,81.0,,,,,,,,,,,,,,,,,,,2026-07-31_011159,,
e5ee62f2296a2dc413974831,2026-07-31,2026-07-31 01:12:20 EDT,AMD,Scanner,RULE FAILED,0.0 / required 2.0,Rule evaluation,Risk,RR,False,0.0,2.0,,,,,,,,,,,,,,,,,,,2026-07-31_011159,,
2d61b1af2971fe210f7a1c14,2026-07-31,2026-07-31 01:12:20 EDT,AMD,Scanner,RULE FAILED,0.0 / required 65.0,Rule evaluation,Option,Option Quality,False,0.0,65.0,,,,,,,,,,,,,,,,,,,2026-07-31_011159,,
57a3c3baa8963bc7f0734dc8,2026-07-31,2026-07-31 01:12:20 EDT,AMD,Scanner,RULE FAILED,None / required LIVE_QUOTE,Rule evaluation,Realtime,Quote Freshness,False,,LIVE_QUOTE,,,,,,,,,,,,,,,,,,,2026-07-31_011159,,
57ec13df5364a992d7786d5f,2026-07-31,2026-07-31 01:12:20 EDT,AMD,Scanner,RULE PASSED,True / required True,Rule evaluation,Affordability,Affordability,True,True,True,,,,,,,,,,,,,,,,,,,2026-07-31_011159,,
7635559e3d359a513d3b57ca,2026-07-31,2026-07-31 01:12:20 EDT,AMD,Scanner,RULE FAILED,NOT_LIFECYCLE_EVENT / required ELIGIBLE,Rule evaluation,Telegram,Telegram,False,NOT_LIFECYCLE_EVENT,ELIGIBLE,,,,,,,,,,,,,,,,,,,2026-07-31_011159,,
7679581f6b79f4e6d3b5a9f8,2026-07-31,2026-07-31 01:12:22 EDT,AVGO,Scanner,STALE STOCK DATA,Stock aggregate data is not real-time,Scanner decision,Decision,LOW_RR,False,STALE_STOCK_DATA,ENTER or ENTER_PAPER,STALE STOCK DATA,False,59.0,1.17,,2026-07-30T23:57:00+00:00,390.7,390.7,390.5,390.6,1036.0,NO_RECOMMENDATION,NOT_REQUESTED,NOT_REQUESTED,,NOT_CREATED,NO_LIFECYCLE_EVENT,NO_LIFECYCLE_EVENT,2026-07-31_011159,,
cd151d20df39a598a1f84bc4,2026-07-31,2026-07-31 01:12:22 EDT,AVGO,Scanner,RULE FAILED,59.0 / required 85.0,Rule evaluation,Entry,Setup,False,59.0,85.0,,,,,,,,,,,,,,,,,,,2026-07-31_011159,,
a19ca89c9a986b22f579a9b7,2026-07-31,2026-07-31 01:12:22 EDT,AVGO,Scanner,RULE FAILED,1.17 / required 2.0,Rule evaluation,Risk,RR,False,1.17,2.0,,,,,,,,,,,,,,,,,,,2026-07-31_011159,,
d836c6106c20cbd7a1606da5,2026-07-31,2026-07-31 01:12:22 EDT,AVGO,Scanner,RULE FAILED,0.0 / required 65.0,Rule evaluation,Option,Option Quality,False,0.0,65.0,,,,,,,,,,,,,,,,,,,2026-07-31_011159,,
6a4131a3d01676195af0e4d5,2026-07-31,2026-07-31 01:12:22 EDT,AVGO,Scanner,RULE FAILED,None / required LIVE_QUOTE,Rule evaluation,Realtime,Quote Freshness,False,,LIVE_QUOTE,,,,,,,,,,,,,,,,,,,2026-07-31_011159,,
a9268e3fd0d20277d1428022,2026-07-31,2026-07-31 01:12:22 EDT,AVGO,Scanner,RULE PASSED,True / required True,Rule evaluation,Affordability,Affordability,True,True,True,,,,,,,,,,,,,,,,,,,2026-07-31_011159,,
a980ce201520030bf62108b0,2026-07-31,2026-07-31 01:12:22 EDT,AVGO,Scanner,RULE FAILED,NOT_LIFECYCLE_EVENT / required ELIGIBLE,Rule evaluation,Telegram,Telegram,False,NOT_LIFECYCLE_EVENT,ELIGIBLE,,,,,,,,,,,,,,,,,,,2026-07-31_011159,,
adfd2180e4ea85482c4e3fa2,2026-07-31,2026-07-31 01:12:24 EDT,MU,Scanner,STALE STOCK DATA,Stock aggregate data is not real-time,Scanner decision,Decision,RISK_REJECTED,False,STALE_STOCK_DATA,ENTER or ENTER_PAPER,STALE STOCK DATA,False,55.0,3.16,,2026-07-30T23:57:00+00:00,902.8,903.5,902.56,903.0,21930.79,NO_RECOMMENDATION,NOT_REQUESTED,NOT_REQUESTED,,NOT_CREATED,NO_LIFECYCLE_EVENT,NO_LIFECYCLE_EVENT,2026-07-31_011159,,
48b5dd6c0703816473f22509,2026-07-31,2026-07-31 01:12:24 EDT,MU,Scanner,RULE FAILED,55.0 / required 81.0,Rule evaluation,Entry,Setup,False,55.0,81.0,,,,,,,,,,,,,,,,,,,2026-07-31_011159,,
0d6fdaaec18def3730987c58,2026-07-31,2026-07-31 01:12:24 EDT,MU,Scanner,RULE PASSED,3.16 / required 2.0,Rule evaluation,Risk,RR,True,3.16,2.0,,,,,,,,,,,,,,,,,,,2026-07-31_011159,,
5efcaf94a3be7417efa3fcf4,2026-07-31,2026-07-31 01:12:24 EDT,MU,Scanner,RULE FAILED,0.0 / required 65.0,Rule evaluation,Option,Option Quality,False,0.0,65.0,,,,,,,,,,,,,,,,,,,2026-07-31_011159,,
19438efa8ff17f56306d29de,2026-07-31,2026-07-31 01:12:24 EDT,MU,Scanner,RULE FAILED,None / required LIVE_QUOTE,Rule evaluation,Realtime,Quote Freshness,False,,LIVE_QUOTE,,,,,,,,,,,,,,,,,,,2026-07-31_011159,,
70effb9293c474042dd23be4,2026-07-31,2026-07-31 01:12:24 EDT,MU,Scanner,RULE PASSED,True / required True,Rule evaluation,Affordability,Affordability,True,True,True,,,,,,,,,,,,,,,,,,,2026-07-31_011159,,
0c4276e72e17be8e7753affd,2026-07-31,2026-07-31 01:12:24 EDT,MU,Scanner,RULE FAILED,NOT_LIFECYCLE_EVENT / required ELIGIBLE,Rule evaluation,Telegram,Telegram,False,NOT_LIFECYCLE_EVENT,ELIGIBLE,,,,,,,,,,,,,,,,,,,2026-07-31_011159,,
132674a064bf836b6ebf19c5,2026-07-31,2026-07-31 01:12:26 EDT,PLTR,Scanner,STALE STOCK DATA,Stock aggregate data is not real-time,Scanner decision,Decision,LOW_RR,False,STALE_STOCK_DATA,ENTER or ENTER_PAPER,STALE STOCK DATA,False,56.0,1.02,,2026-07-30T23:57:00+00:00,123.35,123.35,123.24,123.25,2196.0,NO_RECOMMENDATION,NOT_REQUESTED,NOT_REQUESTED,,NOT_CREATED,NO_LIFECYCLE_EVENT,NO_LIFECYCLE_EVENT,2026-07-31_011159,,
2359e284b1cfd6afa5a1a1d8,2026-07-31,2026-07-31 01:12:26 EDT,PLTR,Scanner,RULE FAILED,56.0 / required 85.0,Rule evaluation,Entry,Setup,False,56.0,85.0,,,,,,,,,,,,,,,,,,,2026-07-31_011159,,
30757d16d3f14c7135829a6f,2026-07-31,2026-07-31 01:12:26 EDT,PLTR,Scanner,RULE FAILED,1.02 / required 2.0,Rule evaluation,Risk,RR,False,1.02,2.0,,,,,,,,,,,,,,,,,,,2026-07-31_011159,,
2a1922e4ca75d8462752c950,2026-07-31,2026-07-31 01:12:26 EDT,PLTR,Scanner,RULE FAILED,0.0 / required 65.0,Rule evaluation,Option,Option Quality,False,0.0,65.0,,,,,,,,,,,,,,,,,,,2026-07-31_011159,,
b63015b98539bed419967edb,2026-07-31,2026-07-31 01:12:26 EDT,PLTR,Scanner,RULE FAILED,None / required LIVE_QUOTE,Rule evaluation,Realtime,Quote Freshness,False,,LIVE_QUOTE,,,,,,,,,,,,,,,,,,,2026-07-31_011159,,
f298b2c602f4075ec9f90ef0,2026-07-31,2026-07-31 01:12:26 EDT,PLTR,Scanner,RULE PASSED,True / required True,Rule evaluation,Affordability,Affordability,True,True,True,,,,,,,,,,,,,,,,,,,2026-07-31_011159,,
551447430f5417c599ff6217,2026-07-31,2026-07-31 01:12:26 EDT,PLTR,Scanner,RULE FAILED,NOT_LIFECYCLE_EVENT / required ELIGIBLE,Rule evaluation,Telegram,Telegram,False,NOT_LIFECYCLE_EVENT,ELIGIBLE,,,,,,,,,,,,,,,,,,,2026-07-31_011159,,
c58ea9cc12eef5246ca20b4c,2026-07-31,2026-07-31 01:12:27 EDT,NFLX,Scanner,STALE STOCK DATA,Stock aggregate data is not real-time,Scanner decision,Decision,LOW_RR,False,STALE_STOCK_DATA,ENTER or ENTER_PAPER,STALE STOCK DATA,False,56.0,1.17,,2026-07-30T23:57:00+00:00,72.73,72.73,72.68,72.68,1169.38,NO_RECOMMENDATION,NOT_REQUESTED,NOT_REQUESTED,,NOT_CREATED,NO_LIFECYCLE_EVENT,NO_LIFECYCLE_EVENT,2026-07-31_011159,,
a47d89668b686b1e9f010b80,2026-07-31,2026-07-31 01:12:27 EDT,NFLX,Scanner,RULE FAILED,56.0 / required 85.0,Rule evaluation,Entry,Setup,False,56.0,85.0,,,,,,,,,,,,,,,,,,,2026-07-31_011159,,
ec670f4686472c1bc59b5191,2026-07-31,2026-07-31 01:12:27 EDT,NFLX,Scanner,RULE FAILED,1.17 / required 2.0,Rule evaluation,Risk,RR,False,1.17,2.0,,,,,,,,,,,,,,,,,,,2026-07-31_011159,,
ef7e3500ca320443e1e1ff2d,2026-07-31,2026-07-31 01:12:27 EDT,NFLX,Scanner,RULE FAILED,0.0 / required 65.0,Rule evaluation,Option,Option Quality,False,0.0,65.0,,,,,,,,,,,,,,,,,,,2026-07-31_011159,,
07baf2fac307b0d153987036,2026-07-31,2026-07-31 01:12:27 EDT,NFLX,Scanner,RULE FAILED,None / required LIVE_QUOTE,Rule evaluation,Realtime,Quote Freshness,False,,LIVE_QUOTE,,,,,,,,,,,,,,,,,,,2026-07-31_011159,,
8ad40db86f51f3ffc4dbdaa6,2026-07-31,2026-07-31 01:12:27 EDT,NFLX,Scanner,RULE PASSED,True / required True,Rule evaluation,Affordability,Affordability,True,True,True,,,,,,,,,,,,,,,,,,,2026-07-31_011159,,
552c6ec31526d2bcbab73180,2026-07-31,2026-07-31 01:12:27 EDT,NFLX,Scanner,RULE FAILED,NOT_LIFECYCLE_EVENT / required ELIGIBLE,Rule evaluation,Telegram,Telegram,False,NOT_LIFECYCLE_EVENT,ELIGIBLE,,,,,,,,,,,,,,,,,,,2026-07-31_011159,,
ca8b9322671010fbf70fb0c9,2026-07-31,2026-07-31 01:12:29 EDT,CRWD,Scanner,STALE STOCK DATA,Stock aggregate data is not real-time,Scanner decision,Decision,NO_ENTRY_TRIGGER,False,STALE_STOCK_DATA,ENTER or ENTER_PAPER,STALE STOCK DATA,False,59.0,2.33,,2026-07-30T23:52:00+00:00,186.0,186.0,186.0,186.0,1084.0,NO_RECOMMENDATION,NOT_REQUESTED,NOT_REQUESTED,,NOT_CREATED,NO_LIFECYCLE_EVENT,NO_LIFECYCLE_EVENT,2026-07-31_011159,,
5f596fdab375f84b289beeb6,2026-07-31,2026-07-31 01:12:29 EDT,CRWD,Scanner,RULE FAILED,59.0 / required 81.0,Rule evaluation,Entry,Setup,False,59.0,81.0,,,,,,,,,,,,,,,,,,,2026-07-31_011159,,
c1999d03006481b0381c9e3e,2026-07-31,2026-07-31 01:12:29 EDT,CRWD,Scanner,RULE PASSED,2.33 / required 2.0,Rule evaluation,Risk,RR,True,2.33,2.0,,,,,,,,,,,,,,,,,,,2026-07-31_011159,,
124cbe38b4dd3aad907cd0fe,2026-07-31,2026-07-31 01:12:29 EDT,CRWD,Scanner,RULE FAILED,0.0 / required 65.0,Rule evaluation,Option,Option Quality,False,0.0,65.0,,,,,,,,,,,,,,,,,,,2026-07-31_011159,,
071323e65fea928efd4f2587,2026-07-31,2026-07-31 01:12:29 EDT,CRWD,Scanner,RULE FAILED,None / required LIVE_QUOTE,Rule evaluation,Realtime,Quote Freshness,False,,LIVE_QUOTE,,,,,,,,,,,,,,,,,,,2026-07-31_011159,,
6d06558233a4a8c91c21b4e1,2026-07-31,2026-07-31 01:12:29 EDT,CRWD,Scanner,RULE PASSED,True / required True,Rule evaluation,Affordability,Affordability,True,True,True,,,,,,,,,,,,,,,,,,,2026-07-31_011159,,
6b2a45c1468d7257d9cee9aa,2026-07-31,2026-07-31 01:12:29 EDT,CRWD,Scanner,RULE FAILED,NOT_LIFECYCLE_EVENT / required ELIGIBLE,Rule evaluation,Telegram,Telegram,False,NOT_LIFECYCLE_EVENT,ELIGIBLE,,,,,,,,,,,,,,,,,,,2026-07-31_011159,,
41b59f3a0ef4b492b91ece19,2026-07-31,2026-07-31 01:12:31 EDT,SMCI,Scanner,STALE STOCK DATA,Stock aggregate data is not real-time,Scanner decision,Decision,RISK_REJECTED,False,STALE_STOCK_DATA,ENTER or ENTER_PAPER,STALE STOCK DATA,False,59.0,1.69,,2026-07-30T23:57:00+00:00,28.38,28.41,28.37,28.41,5928.0,NO_RECOMMENDATION,NOT_REQUESTED,NOT_REQUESTED,,NOT_CREATED,NO_LIFECYCLE_EVENT,NO_LIFECYCLE_EVENT,2026-07-31_011159,,
29c5a94d21b185f0d0212358,2026-07-31,2026-07-31 01:12:31 EDT,SMCI,Scanner,RULE FAILED,59.0 / required 81.0,Rule evaluation,Entry,Setup,False,59.0,81.0,,,,,,,,,,,,,,,,,,,2026-07-31_011159,,
66904a778a32393c3c350002,2026-07-31,2026-07-31 01:12:31 EDT,SMCI,Scanner,RULE FAILED,1.69 / required 2.0,Rule evaluation,Risk,RR,False,1.69,2.0,,,,,,,,,,,,,,,,,,,2026-07-31_011159,,
907c67366f8da7d5c2966155,2026-07-31,2026-07-31 01:12:31 EDT,SMCI,Scanner,RULE FAILED,0.0 / required 65.0,Rule evaluation,Option,Option Quality,False,0.0,65.0,,,,,,,,,,,,,,,,,,,2026-07-31_011159,,
9174b139b0b23033ce806057,2026-07-31,2026-07-31 01:12:31 EDT,SMCI,Scanner,RULE FAILED,None / required LIVE_QUOTE,Rule evaluation,Realtime,Quote Freshness,False,,LIVE_QUOTE,,,,,,,,,,,,,,,,,,,2026-07-31_011159,,
b5f2eb479bd55395cdf71df8,2026-07-31,2026-07-31 01:12:31 EDT,SMCI,Scanner,RULE PASSED,True / required True,Rule evaluation,Affordability,Affordability,True,True,True,,,,,,,,,,,,,,,,,,,2026-07-31_011159,,
10c1d159b1c7f9c6cf32700d,2026-07-31,2026-07-31 01:12:31 EDT,SMCI,Scanner,RULE FAILED,NOT_LIFECYCLE_EVENT / required ELIGIBLE,Rule evaluation,Telegram,Telegram,False,NOT_LIFECYCLE_EVENT,ELIGIBLE,,,,,,,,,,,,,,,,,,,2026-07-31_011159,,
7835aaf09b736ff233ec2f08,2026-07-31,2026-07-31 01:12:33 EDT,SPCX,Scanner,NO TRADE MARKET CLOSED,Market closed; no live intraday trade,Scanner decision,Decision,NO_DIRECTIONAL_EDGE,False,NO_TRADE_MARKET_CLOSED,ENTER or ENTER_PAPER,NO TRADE MARKET CLOSED,False,2.0,0.0,,2026-07-30T23:57:00+00:00,112.9,112.93,112.79,112.79,18991.0,NO_RECOMMENDATION,NOT_REQUESTED,NOT_REQUESTED,,NOT_CREATED,NO_LIFECYCLE_EVENT,NO_LIFECYCLE_EVENT,2026-07-31_011159,,
342b1018982922fc7d23ab71,2026-07-31,2026-07-31 01:12:33 EDT,SPCX,Scanner,RULE FAILED,2.0 / required 85.0,Rule evaluation,Entry,Setup,False,2.0,85.0,,,,,,,,,,,,,,,,,,,2026-07-31_011159,,
5dc044b741f0fa1d17ab2b47,2026-07-31,2026-07-31 01:12:33 EDT,SPCX,Scanner,RULE FAILED,0.0 / required 2.0,Rule evaluation,Risk,RR,False,0.0,2.0,,,,,,,,,,,,,,,,,,,2026-07-31_011159,,
75e69fcfc1b9c86a54b0193e,2026-07-31,2026-07-31 01:12:33 EDT,SPCX,Scanner,RULE FAILED,0.0 / required 65.0,Rule evaluation,Option,Option Quality,False,0.0,65.0,,,,,,,,,,,,,,,,,,,2026-07-31_011159,,
ee6bd0450020e661872751ee,2026-07-31,2026-07-31 01:12:33 EDT,SPCX,Scanner,RULE FAILED,None / required LIVE_QUOTE,Rule evaluation,Realtime,Quote Freshness,False,,LIVE_QUOTE,,,,,,,,,,,,,,,,,,,2026-07-31_011159,,
f8e4d24afc7985d44da11391,2026-07-31,2026-07-31 01:12:33 EDT,SPCX,Scanner,RULE PASSED,True / required True,Rule evaluation,Affordability,Affordability,True,True,True,,,,,,,,,,,,,,,,,,,2026-07-31_011159,,
c2a1888fa22cdf61073b6a85,2026-07-31,2026-07-31 01:12:33 EDT,SPCX,Scanner,RULE FAILED,NOT_LIFECYCLE_EVENT / required ELIGIBLE,Rule evaluation,Telegram,Telegram,False,NOT_LIFECYCLE_EVENT,ELIGIBLE,,,,,,,,,,,,,,,,,,,2026-07-31_011159,,
d717d2bd36f2aa47c78bdb54,2026-07-31,2026-07-31 01:12:35 EDT,SMH,Scanner,STALE STOCK DATA,Stock aggregate data is not real-time,Scanner decision,Decision,LOW_RR,False,STALE_STOCK_DATA,ENTER or ENTER_PAPER,STALE STOCK DATA,False,59.0,1.42,,2026-07-30T23:57:00+00:00,550.4,550.93,550.32,550.93,2577.0,NO_RECOMMENDATION,NOT_REQUESTED,NOT_REQUESTED,,NOT_CREATED,NO_LIFECYCLE_EVENT,NO_LIFECYCLE_EVENT,2026-07-31_011159,,
9f0676a9d6e81706efc42081,2026-07-31,2026-07-31 01:12:35 EDT,SMH,Scanner,RULE FAILED,59.0 / required 85.0,Rule evaluation,Entry,Setup,False,59.0,85.0,,,,,,,,,,,,,,,,,,,2026-07-31_011159,,
c0be4017859d7dc5df163c21,2026-07-31,2026-07-31 01:12:35 EDT,SMH,Scanner,RULE FAILED,1.42 / required 2.0,Rule evaluation,Risk,RR,False,1.42,2.0,,,,,,,,,,,,,,,,,,,2026-07-31_011159,,
914d29d862cebaa3429fdff9,2026-07-31,2026-07-31 01:12:35 EDT,SMH,Scanner,RULE FAILED,0.0 / required 65.0,Rule evaluation,Option,Option Quality,False,0.0,65.0,,,,,,,,,,,,,,,,,,,2026-07-31_011159,,
14177e4534a1933b1b21e154,2026-07-31,2026-07-31 01:12:35 EDT,SMH,Scanner,RULE FAILED,None / required LIVE_QUOTE,Rule evaluation,Realtime,Quote Freshness,False,,LIVE_QUOTE,,,,,,,,,,,,,,,,,,,2026-07-31_011159,,
a279984d9ac75a0b0b07b450,2026-07-31,2026-07-31 01:12:35 EDT,SMH,Scanner,RULE PASSED,True / required True,Rule evaluation,Affordability,Affordability,True,True,True,,,,,,,,,,,,,,,,,,,2026-07-31_011159,,
163baed0d1bde2c69ddf6e85,2026-07-31,2026-07-31 01:12:35 EDT,SMH,Scanner,RULE FAILED,NOT_LIFECYCLE_EVENT / required ELIGIBLE,Rule evaluation,Telegram,Telegram,False,NOT_LIFECYCLE_EVENT,ELIGIBLE,,,,,,,,,,,,,,,,,,,2026-07-31_011159,,
ce029a45677bff069dc88845,2026-07-31,2026-07-31 01:12:37 EDT,ARM,Scanner,STALE STOCK DATA,Stock aggregate data is not real-time,Scanner decision,Decision,RISK_REJECTED,False,STALE_STOCK_DATA,ENTER or ENTER_PAPER,STALE STOCK DATA,False,59.0,1.78,,2026-07-30T23:57:00+00:00,248.55,248.55,248.55,248.55,406.0,NO_RECOMMENDATION,NOT_REQUESTED,NOT_REQUESTED,,NOT_CREATED,NO_LIFECYCLE_EVENT,NO_LIFECYCLE_EVENT,2026-07-31_011159,,
eff1e1bc376bc8b42b4a3591,2026-07-31,2026-07-31 01:12:37 EDT,ARM,Scanner,RULE FAILED,59.0 / required 81.0,Rule evaluation,Entry,Setup,False,59.0,81.0,,,,,,,,,,,,,,,,,,,2026-07-31_011159,,
6f8df7a4f1ad548eb93c0393,2026-07-31,2026-07-31 01:12:37 EDT,ARM,Scanner,RULE FAILED,1.78 / required 2.0,Rule evaluation,Risk,RR,False,1.78,2.0,,,,,,,,,,,,,,,,,,,2026-07-31_011159,,
4940f3fc7d84a84b038e0306,2026-07-31,2026-07-31 01:12:37 EDT,ARM,Scanner,RULE FAILED,0.0 / required 65.0,Rule evaluation,Option,Option Quality,False,0.0,65.0,,,,,,,,,,,,,,,,,,,2026-07-31_011159,,
0dddfc2f42c477e6a5538380,2026-07-31,2026-07-31 01:12:37 EDT,ARM,Scanner,RULE FAILED,None / required LIVE_QUOTE,Rule evaluation,Realtime,Quote Freshness,False,,LIVE_QUOTE,,,,,,,,,,,,,,,,,,,2026-07-31_011159,,
2d1ceed2c1e5befcf41e76be,2026-07-31,2026-07-31 01:12:37 EDT,ARM,Scanner,RULE PASSED,True / required True,Rule evaluation,Affordability,Affordability,True,True,True,,,,,,,,,,,,,,,,,,,2026-07-31_011159,,
154344f9a68c9b5b0c223819,2026-07-31,2026-07-31 01:12:37 EDT,ARM,Scanner,RULE FAILED,NOT_LIFECYCLE_EVENT / required ELIGIBLE,Rule evaluation,Telegram,Telegram,False,NOT_LIFECYCLE_EVENT,ELIGIBLE,,,,,,,,,,,,,,,,,,,2026-07-31_011159,,
2b8a23250bbe618e50a1a24b,2026-07-31,2026-07-31 01:12:39 EDT,TSM,Scanner,STALE STOCK DATA,Stock aggregate data is not real-time,Scanner decision,Decision,NO_ENTRY_TRIGGER,False,STALE_STOCK_DATA,ENTER or ENTER_PAPER,STALE STOCK DATA,False,49.0,2.33,,2026-07-30T23:57:00+00:00,412.37,412.77,412.0,412.0,3642.08,NO_RECOMMENDATION,NOT_REQUESTED,NOT_REQUESTED,,NOT_CREATED,NO_LIFECYCLE_EVENT,NO_LIFECYCLE_EVENT,2026-07-31_011159,,
dd1b0dea8eacc38a0d73bf0f,2026-07-31,2026-07-31 01:12:39 EDT,TSM,Scanner,RULE FAILED,49.0 / required 81.0,Rule evaluation,Entry,Setup,False,49.0,81.0,,,,,,,,,,,,,,,,,,,2026-07-31_011159,,
d726581b168bc910d818b643,2026-07-31,2026-07-31 01:12:39 EDT,TSM,Scanner,RULE PASSED,2.33 / required 2.0,Rule evaluation,Risk,RR,True,2.33,2.0,,,,,,,,,,,,,,,,,,,2026-07-31_011159,,
92d4c8d9bcc22a8fced66f15,2026-07-31,2026-07-31 01:12:39 EDT,TSM,Scanner,RULE FAILED,0.0 / required 65.0,Rule evaluation,Option,Option Quality,False,0.0,65.0,,,,,,,,,,,,,,,,,,,2026-07-31_011159,,
1a9aba2c91f1e75f28830705,2026-07-31,2026-07-31 01:12:39 EDT,TSM,Scanner,RULE FAILED,None / required LIVE_QUOTE,Rule evaluation,Realtime,Quote Freshness,False,,LIVE_QUOTE,,,,,,,,,,,,,,,,,,,2026-07-31_011159,,
f7d93df7e5769a44cc6a4c59,2026-07-31,2026-07-31 01:12:39 EDT,TSM,Scanner,RULE PASSED,True / required True,Rule evaluation,Affordability,Affordability,True,True,True,,,,,,,,,,,,,,,,,,,2026-07-31_011159,,
16c27b40473bf2686cc46336,2026-07-31,2026-07-31 01:12:39 EDT,TSM,Scanner,RULE FAILED,NOT_LIFECYCLE_EVENT / required ELIGIBLE,Rule evaluation,Telegram,Telegram,False,NOT_LIFECYCLE_EVENT,ELIGIBLE,,,,,,,,,,,,,,,,,,,2026-07-31_011159,,
f31cfb8a9ffce4a0e5b0679d,2026-07-31,2026-07-31 01:12:41 EDT,INTC,Scanner,STALE STOCK DATA,Stock aggregate data is not real-time,Scanner decision,Decision,NO_ENTRY_TRIGGER,False,STALE_STOCK_DATA,ENTER or ENTER_PAPER,STALE STOCK DATA,False,49.0,2.22,,2026-07-30T23:57:00+00:00,95.24,95.35,95.16,95.16,42078.99,NO_RECOMMENDATION,NOT_REQUESTED,NOT_REQUESTED,,NOT_CREATED,NO_LIFECYCLE_EVENT,NO_LIFECYCLE_EVENT,2026-07-31_011159,,
2d8f4422e6ca0a4e89100834,2026-07-31,2026-07-31 01:12:41 EDT,INTC,Scanner,RULE FAILED,49.0 / required 81.0,Rule evaluation,Entry,Setup,False,49.0,81.0,,,,,,,,,,,,,,,,,,,2026-07-31_011159,,
bb197ab556a0b7934636466f,2026-07-31,2026-07-31 01:12:41 EDT,INTC,Scanner,RULE PASSED,2.22 / required 2.0,Rule evaluation,Risk,RR,True,2.22,2.0,,,,,,,,,,,,,,,,,,,2026-07-31_011159,,
4a2b650494a4e9b58bd7f6b5,2026-07-31,2026-07-31 01:12:41 EDT,INTC,Scanner,RULE FAILED,0.0 / required 65.0,Rule evaluation,Option,Option Quality,False,0.0,65.0,,,,,,,,,,,,,,,,,,,2026-07-31_011159,,
6b56b7c92939c7c3fee5c2e8,2026-07-31,2026-07-31 01:12:41 EDT,INTC,Scanner,RULE FAILED,None / required LIVE_QUOTE,Rule evaluation,Realtime,Quote Freshness,False,,LIVE_QUOTE,,,,,,,,,,,,,,,,,,,2026-07-31_011159,,
815be420f6efa87d89450480,2026-07-31,2026-07-31 01:12:41 EDT,INTC,Scanner,RULE PASSED,True / required True,Rule evaluation,Affordability,Affordability,True,True,True,,,,,,,,,,,,,,,,,,,2026-07-31_011159,,
ecd63d10cbf5bc25a3d7eaff,2026-07-31,2026-07-31 01:12:41 EDT,INTC,Scanner,RULE FAILED,NOT_LIFECYCLE_EVENT / required ELIGIBLE,Rule evaluation,Telegram,Telegram,False,NOT_LIFECYCLE_EVENT,ELIGIBLE,,,,,,,,,,,,,,,,,,,2026-07-31_011159,,
ece565e7ed933289afc65465,2026-07-31,2026-07-31 01:12:43 EDT,AMAT,Scanner,STALE STOCK DATA,Stock aggregate data is not real-time,Scanner decision,Decision,LOW_RR,False,STALE_STOCK_DATA,ENTER or ENTER_PAPER,STALE STOCK DATA,False,59.0,1.05,,2026-07-30T23:57:00+00:00,519.84,519.99,519.12,519.99,468.0,NO_RECOMMENDATION,NOT_REQUESTED,NOT_REQUESTED,,NOT_CREATED,NO_LIFECYCLE_EVENT,NO_LIFECYCLE_EVENT,2026-07-31_011159,,
e3f54ee88655201d506e7adf,2026-07-31,2026-07-31 01:12:43 EDT,AMAT,Scanner,RULE FAILED,59.0 / required 81.0,Rule evaluation,Entry,Setup,False,59.0,81.0,,,,,,,,,,,,,,,,,,,2026-07-31_011159,,
31afd0ae630173b676cad40c,2026-07-31,2026-07-31 01:12:43 EDT,AMAT,Scanner,RULE FAILED,1.05 / required 2.0,Rule evaluation,Risk,RR,False,1.05,2.0,,,,,,,,,,,,,,,,,,,2026-07-31_011159,,
518d744961f62822be0a33ee,2026-07-31,2026-07-31 01:12:43 EDT,AMAT,Scanner,RULE FAILED,0.0 / required 65.0,Rule evaluation,Option,Option Quality,False,0.0,65.0,,,,,,,,,,,,,,,,,,,2026-07-31_011159,,
83ce5146e52de1f478850f72,2026-07-31,2026-07-31 01:12:43 EDT,AMAT,Scanner,RULE FAILED,None / required LIVE_QUOTE,Rule evaluation,Realtime,Quote Freshness,False,,LIVE_QUOTE,,,,,,,,,,,,,,,,,,,2026-07-31_011159,,
d69315b0bc8b06c185201cf1,2026-07-31,2026-07-31 01:12:43 EDT,AMAT,Scanner,RULE PASSED,True / required True,Rule evaluation,Affordability,Affordability,True,True,True,,,,,,,,,,,,,,,,,,,2026-07-31_011159,,
bb1cfc8aa5b6109d355e990a,2026-07-31,2026-07-31 01:12:43 EDT,AMAT,Scanner,RULE FAILED,NOT_LIFECYCLE_EVENT / required ELIGIBLE,Rule evaluation,Telegram,Telegram,False,NOT_LIFECYCLE_EVENT,ELIGIBLE,,,,,,,,,,,,,,,,,,,2026-07-31_011159,,
c82434ff0cc072f7f9d95336,2026-07-31,2026-07-31 01:12:45 EDT,LRCX,Scanner,STALE STOCK DATA,Stock aggregate data is not real-time,Scanner decision,Decision,NO_ENTRY_TRIGGER,False,STALE_STOCK_DATA,ENTER or ENTER_PAPER,STALE STOCK DATA,False,59.0,2.22,,2026-07-30T23:57:00+00:00,305.62,305.62,305.62,305.62,274.0,NO_RECOMMENDATION,NOT_REQUESTED,NOT_REQUESTED,,NOT_CREATED,NO_LIFECYCLE_EVENT,NO_LIFECYCLE_EVENT,2026-07-31_011159,,
ffd8b5d49eb455cdac58c28a,2026-07-31,2026-07-31 01:12:45 EDT,LRCX,Scanner,RULE FAILED,59.0 / required 81.0,Rule evaluation,Entry,Setup,False,59.0,81.0,,,,,,,,,,,,,,,,,,,2026-07-31_011159,,
f64d1daee4de6a7c8e99be6e,2026-07-31,2026-07-31 01:12:45 EDT,LRCX,Scanner,RULE PASSED,2.22 / required 2.0,Rule evaluation,Risk,RR,True,2.22,2.0,,,,,,,,,,,,,,,,,,,2026-07-31_011159,,
ea637b72dbaf1774e0134853,2026-07-31,2026-07-31 01:12:45 EDT,LRCX,Scanner,RULE FAILED,0.0 / required 65.0,Rule evaluation,Option,Option Quality,False,0.0,65.0,,,,,,,,,,,,,,,,,,,2026-07-31_011159,,
c1cb57de4411506c18c4976a,2026-07-31,2026-07-31 01:12:45 EDT,LRCX,Scanner,RULE FAILED,None / required LIVE_QUOTE,Rule evaluation,Realtime,Quote Freshness,False,,LIVE_QUOTE,,,,,,,,,,,,,,,,,,,2026-07-31_011159,,
37d4fe09cfd2e44bf1f21dde,2026-07-31,2026-07-31 01:12:45 EDT,LRCX,Scanner,RULE PASSED,True / required True,Rule evaluation,Affordability,Affordability,True,True,True,,,,,,,,,,,,,,,,,,,2026-07-31_011159,,
36e625695261bad355e4855d,2026-07-31,2026-07-31 01:12:45 EDT,LRCX,Scanner,RULE FAILED,NOT_LIFECYCLE_EVENT / required ELIGIBLE,Rule evaluation,Telegram,Telegram,False,NOT_LIFECYCLE_EVENT,ELIGIBLE,,,,,,,,,,,,,,,,,,,2026-07-31_011159,,
0c9056eab0e0e5a2bf778cf6,2026-07-31,2026-07-31 01:12:47 EDT,MRVL,Scanner,STALE STOCK DATA,Stock aggregate data is not real-time,Scanner decision,Decision,RISK_REJECTED,False,STALE_STOCK_DATA,ENTER or ENTER_PAPER,STALE STOCK DATA,False,57.0,2.41,,2026-07-30T23:57:00+00:00,195.25,195.47,195.16,195.22,5718.0,NO_RECOMMENDATION,NOT_REQUESTED,NOT_REQUESTED,,NOT_CREATED,NO_LIFECYCLE_EVENT,NO_LIFECYCLE_EVENT,2026-07-31_011159,,
8df96afcc2b44da59214ce75,2026-07-31,2026-07-31 01:12:47 EDT,MRVL,Scanner,RULE FAILED,57.0 / required 81.0,Rule evaluation,Entry,Setup,False,57.0,81.0,,,,,,,,,,,,,,,,,,,2026-07-31_011159,,
5a5c74e11aa25f10bf0600d5,2026-07-31,2026-07-31 01:12:47 EDT,MRVL,Scanner,RULE PASSED,2.41 / required 2.0,Rule evaluation,Risk,RR,True,2.41,2.0,,,,,,,,,,,,,,,,,,,2026-07-31_011159,,
ddd9d0addffbd763b06cb6bc,2026-07-31,2026-07-31 01:12:47 EDT,MRVL,Scanner,RULE FAILED,0.0 / required 65.0,Rule evaluation,Option,Option Quality,False,0.0,65.0,,,,,,,,,,,,,,,,,,,2026-07-31_011159,,
28c58bfc945120470018f10b,2026-07-31,2026-07-31 01:12:47 EDT,MRVL,Scanner,RULE FAILED,None / required LIVE_QUOTE,Rule evaluation,Realtime,Quote Freshness,False,,LIVE_QUOTE,,,,,,,,,,,,,,,,,,,2026-07-31_011159,,
c7d7ec6f889b97b796be732f,2026-07-31,2026-07-31 01:12:47 EDT,MRVL,Scanner,RULE PASSED,True / required True,Rule evaluation,Affordability,Affordability,True,True,True,,,,,,,,,,,,,,,,,,,2026-07-31_011159,,
18320dc9b1b3ec359f53f849,2026-07-31,2026-07-31 01:12:47 EDT,MRVL,Scanner,RULE FAILED,NOT_LIFECYCLE_EVENT / required ELIGIBLE,Rule evaluation,Telegram,Telegram,False,NOT_LIFECYCLE_EVENT,ELIGIBLE,,,,,,,,,,,,,,,,,,,2026-07-31_011159,,
91a607d2d05bcee401b7298b,2026-07-31,2026-07-31 01:12:49 EDT,ORCL,Scanner,STALE STOCK DATA,Stock aggregate data is not real-time,Scanner decision,Decision,RISK_REJECTED,False,STALE_STOCK_DATA,ENTER or ENTER_PAPER,STALE STOCK DATA,False,50.0,1.7,,2026-07-30T23:57:00+00:00,129.54,129.55,129.19,129.2,20090.83,NO_RECOMMENDATION,NOT_REQUESTED,NOT_REQUESTED,,NOT_CREATED,NO_LIFECYCLE_EVENT,NO_LIFECYCLE_EVENT,2026-07-31_011159,,
c00a056d88d6d16dc96cb8b2,2026-07-31,2026-07-31 01:12:49 EDT,ORCL,Scanner,RULE FAILED,50.0 / required 81.0,Rule evaluation,Entry,Setup,False,50.0,81.0,,,,,,,,,,,,,,,,,,,2026-07-31_011159,,
623c75dcd3aebef36f79c859,2026-07-31,2026-07-31 01:12:49 EDT,ORCL,Scanner,RULE FAILED,1.7 / required 2.0,Rule evaluation,Risk,RR,False,1.7,2.0,,,,,,,,,,,,,,,,,,,2026-07-31_011159,,
80dc33421afc05b1c2268f24,2026-07-31,2026-07-31 01:12:49 EDT,ORCL,Scanner,RULE FAILED,0.0 / required 65.0,Rule evaluation,Option,Option Quality,False,0.0,65.0,,,,,,,,,,,,,,,,,,,2026-07-31_011159,,
36d6cf7f5f04328705991b86,2026-07-31,2026-07-31 01:12:49 EDT,ORCL,Scanner,RULE FAILED,None / required LIVE_QUOTE,Rule evaluation,Realtime,Quote Freshness,False,,LIVE_QUOTE,,,,,,,,,,,,,,,,,,,2026-07-31_011159,,
f7ee8f6fc443bf46647abb55,2026-07-31,2026-07-31 01:12:49 EDT,ORCL,Scanner,RULE PASSED,True / required True,Rule evaluation,Affordability,Affordability,True,True,True,,,,,,,,,,,,,,,,,,,2026-07-31_011159,,
aad5fc70fba159b6621dcbf7,2026-07-31,2026-07-31 01:12:49 EDT,ORCL,Scanner,RULE FAILED,NOT_LIFECYCLE_EVENT / required ELIGIBLE,Rule evaluation,Telegram,Telegram,False,NOT_LIFECYCLE_EVENT,ELIGIBLE,,,,,,,,,,,,,,,,,,,2026-07-31_011159,,
43a8edcd487693c78438e1c2,2026-07-31,2026-07-31 01:12:51 EDT,PANW,Scanner,STALE STOCK DATA,Stock aggregate data is not real-time,Scanner decision,Decision,NO_ENTRY_TRIGGER,False,STALE_STOCK_DATA,ENTER or ENTER_PAPER,STALE STOCK DATA,False,56.0,1.28,,2026-07-30T23:52:00+00:00,326.25,326.25,326.25,326.25,262.09,NO_RECOMMENDATION,NOT_REQUESTED,NOT_REQUESTED,,NOT_CREATED,NO_LIFECYCLE_EVENT,NO_LIFECYCLE_EVENT,2026-07-31_011159,,
1b3302aac1663908f65e44a8,2026-07-31,2026-07-31 01:12:51 EDT,PANW,Scanner,RULE FAILED,56.0 / required 85.0,Rule evaluation,Entry,Setup,False,56.0,85.0,,,,,,,,,,,,,,,,,,,2026-07-31_011159,,
f43c5b2f6b7eaceaa185d4ee,2026-07-31,2026-07-31 01:12:51 EDT,PANW,Scanner,RULE FAILED,1.28 / required 2.0,Rule evaluation,Risk,RR,False,1.28,2.0,,,,,,,,,,,,,,,,,,,2026-07-31_011159,,
72f85ff8b6393a2c2af8f0e4,2026-07-31,2026-07-31 01:12:51 EDT,PANW,Scanner,RULE FAILED,0.0 / required 65.0,Rule evaluation,Option,Option Quality,False,0.0,65.0,,,,,,,,,,,,,,,,,,,2026-07-31_011159,,
5c1514b35d0765ada0d12f4e,2026-07-31,2026-07-31 01:12:51 EDT,PANW,Scanner,RULE FAILED,None / required LIVE_QUOTE,Rule evaluation,Realtime,Quote Freshness,False,,LIVE_QUOTE,,,,,,,,,,,,,,,,,,,2026-07-31_011159,,
3b179c9ec2492103f1d12ef3,2026-07-31,2026-07-31 01:12:51 EDT,PANW,Scanner,RULE PASSED,True / required True,Rule evaluation,Affordability,Affordability,True,True,True,,,,,,,,,,,,,,,,,,,2026-07-31_011159,,
2d2d00167b82d1a60d894ea2,2026-07-31,2026-07-31 01:12:51 EDT,PANW,Scanner,RULE FAILED,NOT_LIFECYCLE_EVENT / required ELIGIBLE,Rule evaluation,Telegram,Telegram,False,NOT_LIFECYCLE_EVENT,ELIGIBLE,,,,,,,,,,,,,,,,,,,2026-07-31_011159,,
11dd7ac2d4e4200881863ec2,2026-07-31,2026-07-31 01:12:53 EDT,SOXL,Scanner,STALE STOCK DATA,Stock aggregate data is not real-time,Scanner decision,Decision,NO_ENTRY_TRIGGER,False,STALE_STOCK_DATA,ENTER or ENTER_PAPER,STALE STOCK DATA,False,53.0,2.22,,2026-07-30T23:57:00+00:00,124.42,124.6,124.39,124.58,42972.47,NO_RECOMMENDATION,NOT_REQUESTED,NOT_REQUESTED,,NOT_CREATED,NO_LIFECYCLE_EVENT,NO_LIFECYCLE_EVENT,2026-07-31_011159,,
f2730e0a7f3df9b329de441f,2026-07-31,2026-07-31 01:12:53 EDT,SOXL,Scanner,RULE FAILED,53.0 / required 81.0,Rule evaluation,Entry,Setup,False,53.0,81.0,,,,,,,,,,,,,,,,,,,2026-07-31_011159,,
6403d4e53531911e6828beaf,2026-07-31,2026-07-31 01:12:53 EDT,SOXL,Scanner,RULE PASSED,2.22 / required 2.0,Rule evaluation,Risk,RR,True,2.22,2.0,,,,,,,,,,,,,,,,,,,2026-07-31_011159,,
5bbec64ead12a2ea5a55b2cb,2026-07-31,2026-07-31 01:12:53 EDT,SOXL,Scanner,RULE FAILED,0.0 / required 65.0,Rule evaluation,Option,Option Quality,False,0.0,65.0,,,,,,,,,,,,,,,,,,,2026-07-31_011159,,
9cc7a4a5e366992368d721cc,2026-07-31,2026-07-31 01:12:53 EDT,SOXL,Scanner,RULE FAILED,None / required LIVE_QUOTE,Rule evaluation,Realtime,Quote Freshness,False,,LIVE_QUOTE,,,,,,,,,,,,,,,,,,,2026-07-31_011159,,
42957e50edaba24153a418a5,2026-07-31,2026-07-31 01:12:53 EDT,SOXL,Scanner,RULE PASSED,True / required True,Rule evaluation,Affordability,Affordability,True,True,True,,,,,,,,,,,,,,,,,,,2026-07-31_011159,,
5cb5e6946076701f30d18289,2026-07-31,2026-07-31 01:12:53 EDT,SOXL,Scanner,RULE FAILED,NOT_LIFECYCLE_EVENT / required ELIGIBLE,Rule evaluation,Telegram,Telegram,False,NOT_LIFECYCLE_EVENT,ELIGIBLE,,,,,,,,,,,,,,,,,,,2026-07-31_011159,,
02340b71f2e1ea275c306b9a,2026-07-31,2026-07-31 00:39:13,SYSTEM,Paper,SKIPPED,outside auto-entry window,Auto-paper gate,Auto-paper,,False,,,,,,,,,,,,,,,,SKIPPED,outside auto-entry window,NOT_CREATED,NO_LIFECYCLE_EVENT,NO_LIFECYCLE_EVENT,2026-07-31_003913,,
13291b89667ad3276196614c,2026-07-31,2026-07-31 00:53:16,SYSTEM,Paper,SKIPPED,outside auto-entry window,Auto-paper gate,Auto-paper,,False,,,,,,,,,,,,,,,,SKIPPED,outside auto-entry window,NOT_CREATED,NO_LIFECYCLE_EVENT,NO_LIFECYCLE_EVENT,2026-07-31_005316,,
123d78499b696d231848610d,2026-07-31,2026-07-31 01:12:55,SYSTEM,Paper,SKIPPED,outside auto-entry window,Auto-paper gate,Auto-paper,,False,,,,,,,,,,,,,,,,SKIPPED,outside auto-entry window,NOT_CREATED,NO_LIFECYCLE_EVENT,NO_LIFECYCLE_EVENT,2026-07-31_011255,,
